time_open_sec,time_close_sec,open,high,low,close,rsi14,dow
1704157200,1704160800,2064.17000000,2075.45000000,2063.12000000,2063.65000000,43.114870,2
1704160800,1704164400,2063.68000000,2065.85000000,2062.26000000,2065.49000000,46.836765,2
1704164400,1704168000,2065.38000000,2069.88000000,2064.90000000,2066.50000000,48.816396,2
1704168000,1704171600,2066.51000000,2068.38000000,2063.94000000,2067.85000000,51.420300,2
1704171600,1704175200,2067.82000000,2070.37000000,2066.48000000,2069.66000000,54.744555,2
1704175200,1704178800,2069.67000000,2070.69000000,2068.93000000,2069.66000000,54.744555,2
1704178800,1704182400,2069.71000000,2074.82000000,2069.52000000,2074.46000000,62.613049,2
1704182400,1704186000,2074.54000000,2076.73000000,2072.95000000,2074.18000000,61.936547,2
1704186000,1704189600,2074.10000000,2076.40000000,2073.15000000,2073.16000000,59.418004,2
1704189600,1704193200,2073.20000000,2074.50000000,2071.79000000,2073.30000000,59.660467,2
1704193200,1704196800,2073.31000000,2078.88000000,2073.25000000,2077.02000000,65.550235,2
1704196800,1704200400,2077.04000000,2077.75000000,2073.46000000,2075.97000000,62.764668,2
1704200400,1704204000,2075.93000000,2076.16000000,2068.26000000,2069.21000000,48.480664,2
1704204000,1704207600,2069.18000000,2069.47000000,2065.04000000,2067.88000000,46.250481,2
1704207600,1704211200,2067.84000000,2071.11000000,2064.81000000,2066.31000000,43.695201,2
1704211200,1704214800,2066.35000000,2070.42000000,2062.17000000,2070.42000000,51.283209,2
1704214800,1704218400,2070.36000000,2070.72000000,2055.85000000,2059.29000000,36.814273,2
1704218400,1704222000,2059.38000000,2067.60000000,2059.10000000,2066.07000000,46.682716,2
1704222000,1704225600,2066.13000000,2066.92000000,2061.80000000,2062.65000000,43.031812,2
1704225600,1704229200,2062.66000000,2064.92000000,2060.57000000,2061.15000000,41.498854,2
1704229200,1704232800,2061.14000000,2062.15000000,2060.43000000,2060.94000000,41.277156,2
1704232800,1704236400,2060.97000000,2061.58000000,2057.91000000,2058.23000000,38.424375,2
1704236400,1704240000,2058.31000000,2059.20000000,2057.98000000,2058.84000000,39.438980,2
1704243600,1704247200,2059.15000000,2060.03000000,2058.62000000,2059.57000000,40.698291,3
1704247200,1704250800,2059.60000000,2062.14000000,2059.23000000,2060.19000000,41.805115,3
1704250800,1704254400,2060.21000000,2062.54000000,2059.48000000,2062.40000000,45.695831,3
1704254400,1704258000,2062.46000000,2065.13000000,2061.61000000,2064.71000000,49.496586,3
1704258000,1704261600,2064.70000000,2065.57000000,2063.26000000,2065.10000000,50.131190,3
1704261600,1704265200,2065.05000000,2065.55000000,2064.40000000,2064.79000000,49.597701,3
1704265200,1704268800,2064.76000000,2065.94000000,2063.46000000,2064.03000000,48.242256,3
1704268800,1704272400,2064.04000000,2065.32000000,2063.42000000,2064.28000000,48.738531,3
1704272400,1704276000,2064.26000000,2064.30000000,2060.86000000,2062.96000000,46.218634,3
1704276000,1704279600,2062.90000000,2064.34000000,2058.80000000,2060.11000000,41.258644,3
1704279600,1704283200,2060.09000000,2060.55000000,2054.34000000,2056.82000000,36.402114,3
1704283200,1704286800,2056.84000000,2057.14000000,2052.65000000,2054.85000000,33.833971,3
1704286800,1704290400,2054.83000000,2055.61000000,2046.71000000,2047.56000000,26.409058,3
1704290400,1704294000,2047.59000000,2048.34000000,2041.78000000,2045.72000000,24.922425,3
1704294000,1704297600,2045.66000000,2047.98000000,2038.71000000,2040.99000000,21.562176,3
1704297600,1704301200,2041.07000000,2042.29000000,2031.73000000,2037.78000000,19.628042,3
1704301200,1704304800,2037.13000000,2048.79000000,2031.79000000,2032.56000000,16.963303,3
1704304800,1704308400,2032.62000000,2036.00000000,2031.33000000,2032.39000000,16.882916,3
1704308400,1704312000,2032.44000000,2033.75000000,2030.58000000,2033.33000000,19.164025,3
1704312000,1704315600,2033.34000000,2036.28000000,2032.89000000,2035.78000000,24.945708,3
1704315600,1704319200,2035.75000000,2042.31000000,2030.59000000,2036.63000000,26.899189,3
1704319200,1704322800,2036.57000000,2042.31000000,2036.47000000,2041.10000000,36.290217,3
1704322800,1704326400,2041.25000000,2041.79000000,2040.31000000,2041.35000000,36.779395,3
1704330000,1704333600,2041.49000000,2043.87000000,2041.45000000,2042.96000000,39.975770,4
1704333600,1704337200,2042.93000000,2043.16000000,2041.56000000,2042.12000000,38.871517,4
1704337200,1704340800,2042.13000000,2043.29000000,2040.09000000,2042.19000000,39.022679,4
1704340800,1704344400,2042.20000000,2044.73000000,2042.20000000,2044.62000000,44.182812,4
1704344400,1704348000,2044.71000000,2046.94000000,2044.15000000,2044.66000000,44.266420,4
1704348000,1704351600,2044.65000000,2044.66000000,2042.39000000,2042.98000000,41.457636,4
1704351600,1704355200,2043.03000000,2044.29000000,2042.36000000,2043.79000000,43.324862,4
1704355200,1704358800,2043.78000000,2048.59000000,2043.62000000,2047.22000000,50.521608,4
1704358800,1704362400,2047.23000000,2049.53000000,2046.50000000,2047.73000000,51.507610,4
1704362400,1704366000,2047.72000000,2048.62000000,2045.34000000,2046.75000000,49.467639,4
1704366000,1704369600,2046.71000000,2050.93000000,2046.28000000,2047.95000000,51.975785,4
1704369600,1704373200,2047.96000000,2050.82000000,2046.61000000,2047.93000000,51.929522,4
1704373200,1704376800,2047.92000000,2048.39000000,2044.87000000,2045.12000000,45.765938,4
1704376800,1704380400,2045.10000000,2046.17000000,2043.30000000,2046.01000000,47.876140,4
1704380400,1704384000,2046.05000000,2047.22000000,2038.81000000,2040.22000000,37.620744,4
1704384000,1704387600,2040.25000000,2042.51000000,2036.21000000,2039.31000000,36.304486,4
1704387600,1704391200,2039.35000000,2047.67000000,2039.07000000,2045.19000000,48.775738,4
1704391200,1704394800,2045.20000000,2046.75000000,2044.08000000,2044.73000000,47.984213,4
1704394800,1704398400,2044.74000000,2045.00000000,2040.81000000,2043.23000000,45.397146,4
1704398400,1704402000,2043.16000000,2043.99000000,2041.50000000,2043.12000000,45.204669,4
1704402000,1704405600,2043.09000000,2044.83000000,2042.43000000,2044.30000000,47.763256,4
1704405600,1704409200,2044.33000000,2044.79000000,2043.00000000,2043.12000000,45.476457,4
1704409200,1704412800,2043.32000000,2044.28000000,2043.07000000,2043.40000000,46.135476,4
1704416400,1704420000,2043.84000000,2044.72000000,2042.70000000,2044.23000000,48.136623,5
1704420000,1704423600,2044.25000000,2044.71000000,2043.23000000,2044.30000000,48.311036,5
1704423600,1704427200,2044.31000000,2048.26000000,2044.03000000,2046.12000000,52.759315,5
1704427200,1704430800,2046.13000000,2047.82000000,2045.65000000,2046.14000000,52.807378,5
1704430800,1704434400,2046.12000000,2046.42000000,2044.78000000,2045.32000000,50.537124,5
1704434400,1704438000,2045.30000000,2046.39000000,2044.49000000,2044.60000000,48.562937,5
1704438000,1704441600,2044.57000000,2045.21000000,2043.11000000,2044.46000000,48.168912,5
1704441600,1704445200,2044.47000000,2045.10000000,2040.82000000,2042.47000000,42.847194,5
1704445200,1704448800,2042.44000000,2046.99000000,2042.05000000,2043.13000000,45.016846,5
1704448800,1704452400,2043.21000000,2044.40000000,2041.38000000,2042.41000000,43.094855,5
1704452400,1704456000,2042.37000000,2043.73000000,2038.41000000,2038.89000000,35.185593,5
1704456000,1704459600,2038.86000000,2040.26000000,2037.36000000,2040.00000000,38.988266,5
1704459600,1704463200,2039.97000000,2040.31000000,2037.07000000,2039.16000000,37.209134,5
1704463200,1704466800,2039.18000000,2040.97000000,2038.40000000,2040.20000000,40.810424,5
1704466800,1704470400,2040.12000000,2041.87000000,2024.41000000,2039.94000000,40.189837,5
1704470400,1704474000,2039.95000000,2049.20000000,2038.73000000,2046.73000000,58.106557,5
1704474000,1704477600,2047.30000000,2063.96000000,2047.10000000,2054.84000000,69.758970,5
1704477600,1704481200,2054.86000000,2056.22000000,2044.11000000,2045.04000000,51.219571,5
1704481200,1704484800,2045.03000000,2045.40000000,2040.44000000,2041.97000000,47.005149,5
1704484800,1704488400,2041.95000000,2048.48000000,2040.48000000,2048.15000000,55.027221,5
1704488400,1704492000,2048.18000000,2050.33000000,2044.89000000,2045.70000000,51.686846,5
1704492000,1704495600,2045.72000000,2045.74000000,2042.83000000,2043.61000000,48.956648,5
1704495600,1704499200,2043.71000000,2046.13000000,2043.71000000,2045.54000000,51.504150,5
1704675600,1704679200,2045.17000000,2045.66000000,2042.96000000,2044.23000000,49.691330,1
1704679200,1704682800,2044.26000000,2046.26000000,2043.71000000,2046.01000000,52.155538,1
1704682800,1704686400,2045.89000000,2046.57000000,2042.80000000,2043.76000000,48.895303,1
1704686400,1704690000,2043.77000000,2043.78000000,2041.17000000,2041.27000000,45.505214,1
1704690000,1704693600,2041.26000000,2041.47000000,2035.07000000,2036.13000000,39.428089,1
1704693600,1704697200,2036.11000000,2037.60000000,2035.61000000,2035.76000000,39.024078,1
1704697200,1704700800,2035.72000000,2036.09000000,2027.00000000,2030.74000000,33.942305,1
1704700800,1704704400,2030.67000000,2033.26000000,2030.34000000,2032.90000000,37.701500,1
1704704400,1704708000,2032.92000000,2033.15000000,2028.64000000,2031.36000000,36.123131,1
1704708000,1704711600,2031.25000000,2031.72000000,2027.28000000,2028.28000000,33.135304,1
1704711600,1704715200,2028.22000000,2031.71000000,2026.49000000,2029.07000000,34.628846,1
1704715200,1704718800,2029.06000000,2029.47000000,2026.94000000,2027.55000000,33.097016,1
1704718800,1704722400,2027.54000000,2027.86000000,2016.73000000,2020.06000000,26.804749,1
1704722400,1704726000,2020.07000000,2024.85000000,2018.88000000,2024.58000000,34.853866,1
1704726000,1704729600,2024.56000000,2025.46000000,2018.36000000,2018.97000000,30.387364,1
1704729600,1704733200,2018.89000000,2027.19000000,2018.47000000,2026.44000000,41.193792,1
1704733200,1704736800,2026.39000000,2034.79000000,2025.53000000,2034.17000000,49.866686,1
1704736800,1704740400,2034.21000000,2036.84000000,2031.39000000,2032.17000000,47.898361,1
1704740400,1704744000,2032.16000000,2033.03000000,2027.03000000,2027.61000000,43.666298,1
1704744000,1704747600,2027.54000000,2028.25000000,2026.34000000,2026.54000000,42.712643,1
1704747600,1704751200,2026.53000000,2029.57000000,2026.50000000,2029.34000000,46.034063,1
1704751200,1704754800,2029.35000000,2029.80000000,2026.09000000,2027.16000000,43.899974,1
1704754800,1704758400,2027.06000000,2028.71000000,2027.06000000,2027.97000000,44.921683,1
1704762000,1704765600,2028.22000000,2030.84000000,2027.91000000,2030.65000000,48.278078,2
1704765600,1704769200,2030.61000000,2034.91000000,2030.61000000,2034.36000000,52.585590,2
1704769200,1704772800,2034.34000000,2035.63000000,2031.16000000,2032.18000000,49.953015,2
1704772800,1704776400,2032.14000000,2035.87000000,2032.09000000,2034.13000000,52.255517,2
1704776400,1704780000,2034.14000000,2034.91000000,2033.00000000,2033.57000000,51.522428,2
1704780000,1704783600,2033.59000000,2034.92000000,2032.24000000,2032.85000000,50.540692,2
1704783600,1704787200,2032.88000000,2033.47000000,2030.29000000,2032.75000000,50.397059,2
1704787200,1704790800,2032.76000000,2035.09000000,2031.16000000,2033.12000000,50.952474,2
1704790800,1704794400,2033.14000000,2037.19000000,2032.17000000,2036.10000000,55.294304,2
1704794400,1704798000,2036.20000000,2038.20000000,2031.31000000,2034.24000000,52.188920,2
1704798000,1704801600,2034.20000000,2036.99000000,2033.13000000,2035.41000000,53.941206,2
1704801600,1704805200,2035.45000000,2038.50000000,2034.78000000,2035.42000000,53.956739,2
1704805200,1704808800,2035.49000000,2035.70000000,2033.67000000,2035.00000000,53.146087,2
1704808800,1704812400,2035.01000000,2036.37000000,2033.92000000,2036.37000000,55.494930,2
1704812400,1704816000,2036.40000000,2041.97000000,2031.62000000,2038.62000000,59.119611,2
1704816000,1704819600,2038.65000000,2040.10000000,2033.89000000,2034.64000000,51.179263,2
1704819600,1704823200,2034.81000000,2035.62000000,2028.73000000,2028.81000000,42.231497,2
1704823200,1704826800,2028.78000000,2031.57000000,2026.02000000,2031.19000000,46.354794,2
1704826800,1704830400,2031.18000000,2032.00000000,2027.04000000,2027.59000000,41.526547,2
1704830400,1704834000,2027.61000000,2029.67000000,2026.78000000,2029.20000000,44.319759,2
1704834000,1704837600,2029.12000000,2030.05000000,2027.77000000,2028.94000000,43.954601,2
1704837600,1704841200,2028.92000000,2031.11000000,2028.25000000,2028.50000000,43.304351,2
1704841200,1704844800,2028.68000000,2030.28000000,2028.48000000,2030.26000000,46.700917,2
1704848400,1704852000,2030.31000000,2031.22000000,2028.32000000,2030.81000000,47.754274,3
1704852000,1704855600,2030.82000000,2031.20000000,2029.60000000,2030.22000000,46.688321,3
1704855600,1704859200,2030.19000000,2032.49000000,2027.23000000,2031.79000000,49.893500,3
1704859200,1704862800,2031.74000000,2032.84000000,2030.30000000,2031.84000000,49.996607,3
1704862800,1704866400,2031.80000000,2031.97000000,2028.09000000,2028.84000000,44.129125,3
1704866400,1704870000,2028.82000000,2030.59000000,2028.39000000,2029.76000000,46.213777,3
1704870000,1704873600,2029.84000000,2030.18000000,2025.43000000,2026.63000000,40.655856,3
1704873600,1704877200,2026.60000000,2026.98000000,2023.82000000,2024.56000000,37.448236,3
1704877200,1704880800,2024.58000000,2031.62000000,2024.29000000,2030.95000000,50.445646,3
1704880800,1704884400,2030.94000000,2035.95000000,2030.23000000,2035.27000000,56.957210,3
1704884400,1704888000,2035.23000000,2036.15000000,2034.62000000,2035.68000000,57.527630,3
1704888000,1704891600,2035.70000000,2040.27000000,2034.54000000,2034.81000000,55.836668,3
1704891600,1704895200,2034.82000000,2035.27000000,2032.75000000,2034.02000000,54.276533,3
1704895200,1704898800,2034.03000000,2035.61000000,2031.27000000,2031.47000000,49.471510,3
1704898800,1704902400,2031.48000000,2034.02000000,2030.01000000,2030.29000000,47.381176,3
1704902400,1704906000,2030.28000000,2033.56000000,2026.41000000,2027.36000000,42.571162,3
1704906000,1704909600,2027.27000000,2029.73000000,2024.75000000,2027.84000000,43.581622,3
1704909600,1704913200,2027.93000000,2028.47000000,2024.69000000,2027.04000000,42.247416,3
1704913200,1704916800,2027.05000000,2027.75000000,2022.23000000,2024.00000000,37.543856,3
1704916800,1704920400,2023.98000000,2024.48000000,2021.31000000,2023.66000000,37.047068,3
1704920400,1704924000,2023.65000000,2024.48000000,2020.43000000,2024.00000000,37.931547,3
1704924000,1704927600,2023.97000000,2025.00000000,2021.83000000,2023.54000000,37.170634,3
1704927600,1704931200,2023.49000000,2024.50000000,2023.32000000,2024.37000000,39.527825,3
1704934800,1704938400,2024.60000000,2027.90000000,2023.75000000,2026.75000000,45.806433,4
1704938400,1704942000,2026.79000000,2028.47000000,2026.54000000,2027.91000000,48.607193,4
1704942000,1704945600,2027.86000000,2030.33000000,2027.06000000,2029.71000000,52.692782,4
1704945600,1704949200,2029.70000000,2031.95000000,2028.84000000,2029.66000000,52.567769,4
1704949200,1704952800,2029.67000000,2031.03000000,2028.75000000,2030.88000000,55.351241,4
1704952800,1704956400,2030.86000000,2032.22000000,2030.86000000,2032.02000000,57.840871,4
1704956400,1704960000,2032.05000000,2034.59000000,2031.10000000,2032.96000000,59.829877,4
1704960000,1704963600,2032.94000000,2035.08000000,2032.13000000,2033.99000000,61.948299,4
1704963600,1704967200,2033.94000000,2035.65000000,2033.60000000,2033.84000000,61.440140,4
1704967200,1704970800,2033.83000000,2034.02000000,2030.41000000,2030.85000000,52.241003,4
1704970800,1704974400,2030.89000000,2032.42000000,2030.14000000,2031.28000000,53.323374,4
1704974400,1704978000,2031.27000000,2032.69000000,2030.48000000,2032.04000000,55.253604,4
1704978000,1704981600,2032.01000000,2034.36000000,2031.33000000,2034.29000000,60.465962,4
1704981600,1704985200,2034.30000000,2035.06000000,2031.59000000,2032.38000000,54.646606,4
1704985200,1704988800,2032.44000000,2046.31000000,2025.06000000,2029.40000000,47.039880,4
1704988800,1704992400,2029.45000000,2034.88000000,2024.85000000,2029.71000000,47.853072,4
1704992400,1704996000,2029.69000000,2033.02000000,2025.14000000,2028.99000000,46.083197,4
1704996000,1704999600,2029.00000000,2029.63000000,2013.62000000,2016.65000000,27.387224,4
1704999600,1705003200,2016.66000000,2018.43000000,2013.28000000,2014.34000000,25.316639,4
1705003200,1705006800,2014.31000000,2017.02000000,2013.80000000,2017.00000000,31.718448,4
1705006800,1705010400,2017.04000000,2027.41000000,2017.04000000,2026.46000000,48.594846,4
1705010400,1705014000,2026.49000000,2028.56000000,2023.47000000,2027.52000000,50.083587,4
1705014000,1705017600,2027.50000000,2029.59000000,2027.39000000,2028.63000000,51.662289,4
1705021200,1705024800,2028.81000000,2035.56000000,2028.69000000,2035.27000000,59.843892,5
1705024800,1705028400,2035.18000000,2035.41000000,2030.27000000,2031.09000000,53.683784,5
1705028400,1705032000,2031.06000000,2034.72000000,2030.04000000,2033.86000000,56.853377,5
1705032000,1705035600,2033.85000000,2035.24000000,2033.22000000,2034.01000000,57.024885,5
1705035600,1705039200,2034.02000000,2035.62000000,2033.68000000,2033.91000000,56.862608,5
1705039200,1705042800,2033.89000000,2035.01000000,2032.82000000,2034.71000000,57.894898,5
1705042800,1705046400,2034.72000000,2037.13000000,2033.70000000,2035.97000000,59.537259,5
1705046400,1705050000,2035.94000000,2036.77000000,2034.86000000,2035.20000000,58.047145,5
1705050000,1705053600,2035.24000000,2039.31000000,2034.14000000,2037.50000000,61.173117,5
1705053600,1705057200,2037.52000000,2039.78000000,2037.00000000,2038.68000000,62.708349,5
1705057200,1705060800,2038.64000000,2040.07000000,2037.82000000,2038.09000000,61.401059,5
1705060800,1705064400,2038.11000000,2046.09000000,2038.01000000,2045.83000000,70.182902,5
1705064400,1705068000,2045.84000000,2047.37000000,2044.11000000,2045.39000000,69.218783,5
1705068000,1705071600,2045.41000000,2053.76000000,2045.41000000,2047.82000000,71.543743,5
1705071600,1705075200,2047.84000000,2056.60000000,2044.36000000,2056.12000000,77.730874,5
1705075200,1705078800,2056.13000000,2062.23000000,2053.31000000,2055.91000000,77.273084,5
1705078800,1705082400,2055.88000000,2060.04000000,2050.88000000,2053.62000000,72.274381,5
1705082400,1705086000,2053.68000000,2055.51000000,2048.24000000,2048.29000000,62.190463,5
1705086000,1705089600,2048.21000000,2048.55000000,2041.46000000,2043.87000000,55.299980,5
1705089600,1705093200,2043.89000000,2048.63000000,2042.97000000,2047.43000000,59.219154,5
1705093200,1705096800,2047.42000000,2049.10000000,2046.17000000,2047.27000000,58.968909,5
1705096800,1705100400,2047.30000000,2047.64000000,2046.04000000,2047.47000000,59.200994,5
1705100400,1705104000,2047.42000000,2049.13000000,2046.83000000,2049.04000000,61.062875,5
1705280400,1705284000,2048.65000000,2048.76000000,2046.30000000,2047.57000000,58.376641,1
1705284000,1705287600,2047.70000000,2048.44000000,2045.78000000,2047.92000000,58.840908,1
1705287600,1705291200,2047.87000000,2051.40000000,2047.41000000,2050.99000000,62.764164,1
1705291200,1705294800,2051.07000000,2056.36000000,2049.84000000,2056.33000000,68.405477,1
1705294800,1705298400,2056.32000000,2058.05000000,2055.47000000,2057.40000000,69.405678,1
1705298400,1705302000,2057.40000000,2057.60000000,2053.55000000,2054.29000000,63.148222,1
1705302000,1705305600,2054.28000000,2055.57000000,2053.00000000,2055.05000000,64.002335,1
1705305600,1705309200,2055.06000000,2056.96000000,2053.84000000,2055.37000000,64.376714,1
1705309200,1705312800,2055.39000000,2055.89000000,2052.87000000,2054.29000000,62.031887,1
1705312800,1705316400,2054.32000000,2058.59000000,2053.80000000,2056.55000000,64.912003,1
1705316400,1705320000,2056.56000000,2056.97000000,2052.94000000,2054.99000000,61.447084,1
1705320000,1705323600,2055.00000000,2055.12000000,2052.10000000,2053.04000000,57.327746,1
1705323600,1705327200,2053.06000000,2053.76000000,2051.51000000,2053.28000000,57.703575,1
1705327200,1705330800,2053.25000000,2053.67000000,2051.32000000,2052.68000000,56.366995,1
1705330800,1705334400,2052.67000000,2054.23000000,2052.05000000,2054.21000000,58.976454,1
1705334400,1705338000,2054.22000000,2054.36000000,2051.61000000,2052.10000000,54.165473,1
1705338000,1705341600,2052.11000000,2053.82000000,2049.22000000,2053.25000000,56.259760,1
1705341600,1705345200,2053.24000000,2054.98000000,2053.20000000,2054.05000000,57.707478,1
1705345200,1705348800,2054.03000000,2056.36000000,2053.59000000,2055.41000000,60.123775,1
1705348800,1705352400,2055.44000000,2055.45000000,2054.29000000,2054.39000000,57.471694,1
1705352400,1705356000,2054.37000000,2054.88000000,2053.58000000,2054.72000000,58.115409,1
1705366800,1705370400,2055.78000000,2055.78000000,2053.33000000,2054.09000000,56.361492,2
1705370400,1705374000,2054.07000000,2054.49000000,2050.71000000,2051.34000000,49.358885,2
1705374000,1705377600,2051.35000000,2053.31000000,2049.91000000,2050.73000000,47.936155,2
1705377600,1705381200,2050.81000000,2051.47000000,2049.71000000,2050.51000000,47.405439,2
1705381200,1705384800,2050.49000000,2051.58000000,2048.29000000,2049.42000000,44.761263,2
1705384800,1705388400,2049.36000000,2049.98000000,2048.94000000,2049.36000000,44.613746,2
1705388400,1705392000,2049.32000000,2049.41000000,2047.46000000,2048.56000000,42.597935,2
1705392000,1705395600,2048.53000000,2050.57000000,2047.36000000,2050.47000000,48.572480,2
1705395600,1705399200,2050.43000000,2050.91000000,2048.06000000,2049.36000000,45.601943,2
1705399200,1705402800,2049.37000000,2050.12000000,2042.12000000,2043.10000000,33.251304,2
1705402800,1705406400,2043.09000000,2043.90000000,2038.68000000,2041.17000000,30.507922,2
1705406400,1705410000,2041.18000000,2042.42000000,2039.24000000,2041.01000000,30.284847,2
1705410000,1705413600,2041.02000000,2041.12000000,2038.26000000,2039.78000000,28.556193,2
1705413600,1705417200,2039.79000000,2039.99000000,2035.60000000,2038.44000000,26.763872,2
1705417200,1705420800,2038.42000000,2045.09000000,2031.35000000,2037.54000000,25.601607,2
1705420800,1705424400,2037.60000000,2042.63000000,2036.88000000,2038.16000000,27.923715,2
1705424400,1705428000,2038.19000000,2041.99000000,2037.32000000,2041.16000000,38.006477,2
1705428000,1705431600,2041.15000000,2041.26000000,2032.46000000,2033.45000000,27.398515,2
1705431600,1705435200,2033.50000000,2033.79000000,2024.93000000,2025.31000000,20.798314,2
1705435200,1705438800,2025.29000000,2028.88000000,2024.19000000,2025.07000000,20.640437,2
1705438800,1705442400,2025.15000000,2030.14000000,2024.93000000,2029.28000000,30.593326,2
1705442400,1705446000,2029.30000000,2029.81000000,2027.82000000,2028.29000000,29.651576,2
1705446000,1705449600,2028.34000000,2028.51000000,2027.13000000,2028.26000000,29.621819,2
1705453200,1705456800,2028.15000000,2028.39000000,2025.90000000,2028.13000000,29.483738,3
1705456800,1705460400,2028.14000000,2028.84000000,2025.61000000,2028.48000000,30.424088,3
1705460400,1705464000,2028.47000000,2030.75000000,2026.69000000,2030.21000000,35.035550,3
1705464000,1705467600,2030.19000000,2032.91000000,2027.02000000,2028.92000000,33.265049,3
1705467600,1705471200,2028.93000000,2029.14000000,2023.43000000,2023.98000000,27.528052,3
1705471200,1705474800,2023.99000000,2025.77000000,2023.35000000,2025.41000000,31.225626,3
1705474800,1705478400,2025.39000000,2025.43000000,2019.31000000,2020.66000000,26.406202,3
1705478400,1705482000,2020.67000000,2020.77000000,2017.58000000,2019.18000000,25.105990,3
1705482000,1705485600,2019.37000000,2026.12000000,2017.81000000,2025.64000000,39.182427,3
1705485600,1705489200,2025.66000000,2026.58000000,2021.27000000,2021.42000000,34.606604,3
1705489200,1705492800,2021.40000000,2024.23000000,2019.01000000,2023.60000000,38.595967,3
1705492800,1705496400,2023.61000000,2028.33000000,2022.73000000,2026.09000000,42.882134,3
1705496400,1705500000,2026.11000000,2026.70000000,2023.70000000,2023.92000000,40.245587,3
1705500000,1705503600,2023.94000000,2029.04000000,2023.70000000,2028.43000000,47.473884,3
1705503600,1705507200,2028.45000000,2028.66000000,2018.93000000,2022.41000000,40.441565,3
1705507200,1705510800,2022.39000000,2023.09000000,2011.50000000,2012.08000000,31.750344,3
1705510800,1705514400,2012.03000000,2014.02000000,2006.06000000,2008.87000000,29.620103,3
1705514400,1705518000,2008.76000000,2011.94000000,2004.25000000,2005.46000000,27.508640,3
1705518000,1705521600,2005.48000000,2008.03000000,2003.38000000,2007.03000000,29.983371,3
1705521600,1705525200,2007.07000000,2007.21000000,2001.77000000,2004.73000000,28.451039,3
1705525200,1705528800,2004.72000000,2006.88000000,2004.32000000,2005.53000000,29.795002,3
1705528800,1705532400,2005.54000000,2006.85000000,2004.72000000,2006.11000000,30.809735,3
1705532400,1705536000,2006.14000000,2006.43000000,2005.28000000,2006.20000000,30.976452,3
1705539600,1705543200,2005.78000000,2009.80000000,2005.23000000,2009.54000000,37.039511,4
1705543200,1705546800,2009.61000000,2010.88000000,2008.23000000,2010.79000000,39.192299,4
1705546800,1705550400,2010.78000000,2012.07000000,2009.34000000,2011.57000000,40.558124,4
1705550400,1705554000,2011.56000000,2011.85000000,2007.42000000,2007.58000000,36.092187,4
1705554000,1705557600,2007.57000000,2009.14000000,2006.42000000,2008.03000000,36.935605,4
1705557600,1705561200,2008.01000000,2009.18000000,2007.90000000,2008.07000000,37.015177,4
1705561200,1705564800,2008.05000000,2009.40000000,2005.76000000,2009.20000000,39.343554,4
1705564800,1705568400,2009.21000000,2013.02000000,2008.85000000,2012.56000000,45.763805,4
1705568400,1705572000,2012.55000000,2014.07000000,2011.00000000,2012.30000000,45.363675,4
1705572000,1705575600,2012.28000000,2012.37000000,2009.58000000,2009.71000000,41.473560,4
1705575600,1705579200,2009.62000000,2012.99000000,2008.14000000,2010.12000000,42.316841,4
1705579200,1705582800,2010.13000000,2012.19000000,2009.16000000,2011.57000000,45.317633,4
1705582800,1705586400,2011.56000000,2013.45000000,2010.74000000,2012.58000000,47.371380,4
1705586400,1705590000,2012.59000000,2017.22000000,2012.59000000,2014.93000000,51.898190,4
1705590000,1705593600,2014.91000000,2014.91000000,2007.38000000,2009.08000000,42.173376,4
1705593600,1705597200,2009.10000000,2013.61000000,2009.04000000,2012.80000000,48.749889,4
1705597200,1705600800,2012.88000000,2015.62000000,2011.61000000,2013.60000000,50.065124,4
1705600800,1705604400,2013.59000000,2017.70000000,2013.06000000,2014.83000000,52.100477,4
1705604400,1705608000,2014.84000000,2016.33000000,2013.20000000,2016.31000000,54.503485,4
1705608000,1705611600,2016.41000000,2021.06000000,2015.47000000,2020.47000000,60.501660,4
1705611600,1705615200,2020.40000000,2020.56000000,2018.31000000,2019.73000000,59.011273,4
1705615200,1705618800,2019.74000000,2022.60000000,2019.74000000,2022.14000000,62.270971,4
1705618800,1705622400,2022.28000000,2023.23000000,2021.83000000,2022.93000000,63.301260,4
1705626000,1705629600,2023.97000000,2024.89000000,2021.15000000,2023.77000000,64.414014,5
1705629600,1705633200,2023.86000000,2024.22000000,2022.63000000,2023.13000000,62.850358,5
1705633200,1705636800,2023.14000000,2025.52000000,2022.04000000,2023.94000000,64.040143,5
1705636800,1705640400,2023.91000000,2025.03000000,2022.51000000,2024.00000000,64.131781,5
1705640400,1705644000,2024.02000000,2024.22000000,2021.88000000,2022.83000000,60.874101,5
1705644000,1705647600,2022.85000000,2022.87000000,2020.61000000,2021.00000000,56.076074,5
1705647600,1705651200,2020.95000000,2021.91000000,2020.36000000,2021.56000000,57.188104,5
1705651200,1705654800,2021.57000000,2024.26000000,2020.82000000,2023.84000000,61.465648,5
1705654800,1705658400,2023.82000000,2029.64000000,2023.65000000,2027.95000000,67.725708,5
1705658400,1705662000,2027.88000000,2030.09000000,2026.16000000,2029.71000000,69.975112,5
1705662000,1705665600,2029.69000000,2030.84000000,2027.58000000,2029.80000000,70.089912,5
1705665600,1705669200,2029.75000000,2030.91000000,2028.85000000,2030.34000000,70.811046,5
1705669200,1705672800,2030.44000000,2031.93000000,2028.76000000,2031.59000000,72.465937,5
1705672800,1705676400,2031.67000000,2035.10000000,2031.65000000,2032.82000000,74.026432,5
1705676400,1705680000,2032.83000000,2039.35000000,2032.62000000,2035.26000000,76.831592,5
1705680000,1705683600,2035.27000000,2035.73000000,2026.34000000,2029.76000000,60.872601,5
1705683600,1705687200,2029.69000000,2032.24000000,2023.12000000,2027.71000000,56.187877,5
1705687200,1705690800,2027.73000000,2029.51000000,2023.29000000,2024.82000000,50.309701,5
1705690800,1705694400,2024.80000000,2029.07000000,2024.37000000,2029.04000000,57.329532,5
1705694400,1705698000,2029.06000000,2029.39000000,2026.39000000,2027.89000000,55.047293,5
1705698000,1705701600,2027.87000000,2029.40000000,2027.52000000,2029.10000000,56.987507,5
1705701600,1705705200,2029.11000000,2029.51000000,2027.68000000,2028.33000000,55.350299,5
1705705200,1705708800,2028.36000000,2029.90000000,2028.05000000,2029.54000000,57.420461,5
1705885200,1705888800,2029.83000000,2029.86000000,2026.93000000,2027.54000000,53.042806,1
1705888800,1705892400,2027.53000000,2029.23000000,2025.42000000,2029.00000000,55.698055,1
1705892400,1705896000,2029.01000000,2032.12000000,2028.69000000,2029.07000000,55.827025,1
1705896000,1705899600,2029.11000000,2030.00000000,2028.34000000,2029.73000000,57.095268,1
1705899600,1705903200,2029.72000000,2029.74000000,2025.98000000,2026.95000000,50.516230,1
1705903200,1705906800,2026.99000000,2027.12000000,2024.63000000,2025.38000000,47.207845,1
1705906800,1705910400,2025.43000000,2025.50000000,2021.82000000,2023.24000000,43.067526,1
1705910400,1705914000,2023.20000000,2024.37000000,2020.05000000,2020.89000000,39.020372,1
1705914000,1705917600,2020.86000000,2024.29000000,2019.07000000,2021.72000000,41.124767,1
1705917600,1705921200,2021.70000000,2026.22000000,2020.37000000,2022.20000000,42.363529,1
1705921200,1705924800,2022.16000000,2023.97000000,2020.56000000,2021.66000000,41.310471,1
1705924800,1705928400,2021.59000000,2024.52000000,2021.04000000,2022.81000000,44.475887,1
1705928400,1705932000,2022.79000000,2026.53000000,2022.17000000,2026.13000000,52.449422,1
1705932000,1705935600,2026.09000000,2030.11000000,2025.19000000,2029.69000000,59.213149,1
1705935600,1705939200,2029.66000000,2029.69000000,2021.23000000,2023.12000000,46.162792,1
1705939200,1705942800,2023.11000000,2023.97000000,2016.53000000,2022.69000000,45.456654,1
1705942800,1705946400,2022.67000000,2026.54000000,2020.69000000,2024.12000000,48.289534,1
1705946400,1705950000,2024.11000000,2024.20000000,2021.45000000,2023.64000000,47.399614,1
1705950000,1705953600,2023.71000000,2024.57000000,2021.35000000,2021.53000000,43.596208,1
1705953600,1705957200,2021.51000000,2021.86000000,2019.75000000,2021.29000000,43.171870,1
1705957200,1705960800,2021.32000000,2021.59000000,2019.07000000,2020.98000000,42.595158,1
1705960800,1705964400,2020.99000000,2021.01000000,2019.15000000,2020.77000000,42.184057,1
1705964400,1705968000,2020.81000000,2021.74000000,2020.18000000,2021.69000000,44.702028,1
1705971600,1705975200,2021.77000000,2022.18000000,2020.41000000,2020.72000000,42.595647,2
1705975200,1705978800,2020.77000000,2023.10000000,2020.76000000,2022.75000000,48.106648,2
1705978800,1705982400,2022.74000000,2022.92000000,2019.54000000,2021.71000000,45.686745,2
1705982400,1705986000,2021.70000000,2024.13000000,2020.79000000,2022.56000000,47.989532,2
1705986000,1705989600,2022.62000000,2027.94000000,2021.68000000,2027.37000000,58.668709,2
1705989600,1705993200,2027.36000000,2027.86000000,2026.71000000,2027.64000000,59.175433,2
1705993200,1705996800,2027.65000000,2031.70000000,2027.23000000,2030.78000000,64.609557,2
1705996800,1706000400,2030.80000000,2035.90000000,2029.11000000,2035.07000000,70.405580,2
1706000400,1706004000,2035.20000000,2037.91000000,2027.73000000,2031.61000000,61.637710,2
1706004000,1706007600,2031.66000000,2031.71000000,2027.69000000,2028.87000000,55.719956,2
1706007600,1706011200,2028.85000000,2030.55000000,2027.04000000,2028.56000000,55.075689,2
1706011200,1706014800,2028.53000000,2028.54000000,2024.75000000,2025.09000000,48.338196,2
1706014800,1706018400,2025.07000000,2026.13000000,2022.41000000,2023.91000000,46.265512,2
1706018400,1706022000,2023.92000000,2026.92000000,2023.21000000,2025.97000000,50.274132,2
1706022000,1706025600,2025.92000000,2030.31000000,2023.28000000,2024.93000000,48.314519,2
1706025600,1706029200,2024.90000000,2026.13000000,2021.41000000,2023.30000000,45.332089,2
1706029200,1706032800,2023.22000000,2026.73000000,2022.91000000,2025.13000000,49.128843,2
1706032800,1706036400,2025.15000000,2027.74000000,2023.25000000,2025.76000000,50.405824,2
1706036400,1706040000,2025.77000000,2026.05000000,2022.60000000,2024.28000000,47.395873,2
1706040000,1706043600,2024.31000000,2025.74000000,2022.96000000,2025.24000000,49.502291,2
1706043600,1706047200,2025.23000000,2030.70000000,2024.76000000,2029.88000000,58.212070,2
1706047200,1706050800,2029.89000000,2030.27000000,2028.15000000,2028.57000000,55.311465,2
1706050800,1706054400,2028.63000000,2029.30000000,2027.82000000,2029.18000000,56.400888,2
1706058000,1706061600,2028.93000000,2029.58000000,2027.29000000,2029.32000000,56.662015,3
1706061600,1706065200,2029.31000000,2029.31000000,2026.98000000,2027.33000000,51.903407,3
1706065200,1706068800,2027.30000000,2028.96000000,2026.38000000,2027.20000000,51.598548,3
1706068800,1706072400,2027.21000000,2027.52000000,2023.94000000,2024.18000000,44.987842,3
1706072400,1706076000,2024.17000000,2025.71000000,2023.73000000,2024.80000000,46.503174,3
1706076000,1706079600,2024.80000000,2025.70000000,2024.02000000,2024.46000000,45.758792,3
1706079600,1706083200,2024.45000000,2025.64000000,2022.80000000,2024.49000000,45.841170,3
1706083200,1706086800,2024.50000000,2027.90000000,2023.71000000,2025.97000000,49.884827,3
1706086800,1706090400,2025.95000000,2031.59000000,2025.75000000,2029.56000000,58.064001,3
1706090400,1706094000,2029.59000000,2032.23000000,2028.17000000,2030.82000000,60.500639,3
1706094000,1706097600,2030.78000000,2034.11000000,2029.91000000,2030.84000000,60.539832,3
1706097600,1706101200,2030.80000000,2033.00000000,2029.32000000,2032.75000000,64.193790,3
1706101200,1706104800,2032.80000000,2034.22000000,2030.81000000,2033.39000000,65.351553,3
1706104800,1706108400,2033.40000000,2034.36000000,2031.60000000,2032.62000000,62.723773,3
1706108400,1706112000,2032.53000000,2036.66000000,2031.23000000,2033.94000000,65.299703,3
1706112000,1706115600,2033.91000000,2034.69000000,2023.24000000,2024.62000000,42.806935,3
1706115600,1706119200,2024.63000000,2025.34000000,2014.84000000,2015.24000000,31.169971,3
1706119200,1706122800,2015.26000000,2016.25000000,2011.83000000,2015.29000000,31.277216,3
1706122800,1706126400,2015.37000000,2019.78000000,2015.29000000,2019.24000000,39.320837,3
1706126400,1706130000,2019.25000000,2019.80000000,2013.38000000,2015.04000000,34.673677,3
1706130000,1706133600,2015.05000000,2015.27000000,2011.15000000,2012.14000000,31.872655,3
1706133600,1706137200,2012.13000000,2013.76000000,2011.73000000,2012.27000000,32.137309,3
1706137200,1706140800,2012.20000000,2014.56000000,2012.07000000,2013.61000000,34.942731,3
1706144400,1706148000,2014.10000000,2017.63000000,2013.49000000,2016.37000000,40.407222,4
1706148000,1706151600,2016.42000000,2016.75000000,2014.80000000,2015.45000000,39.224521,4
1706151600,1706155200,2015.44000000,2017.28000000,2014.42000000,2016.41000000,41.159863,4
1706155200,1706158800,2016.39000000,2016.96000000,2014.59000000,2015.13000000,39.360125,4
1706158800,1706162400,2015.20000000,2016.81000000,2015.04000000,2015.73000000,40.669722,4
1706162400,1706166000,2015.73000000,2016.40000000,2014.77000000,2015.68000000,40.591051,4
1706166000,1706169600,2015.68000000,2016.58000000,2014.74000000,2015.52000000,40.322256,4
1706169600,1706173200,2015.52000000,2016.57000000,2014.47000000,2015.78000000,41.005912,4
1706173200,1706176800,2015.71000000,2018.23000000,2013.53000000,2015.80000000,41.061845,4
1706176800,1706180400,2015.76000000,2015.95000000,2012.66000000,2013.82000000,37.292262,4
1706180400,1706184000,2013.81000000,2017.93000000,2012.75000000,2017.85000000,47.796790,4
1706184000,1706187600,2017.84000000,2019.49000000,2017.11000000,2019.17000000,50.709341,4
1706187600,1706191200,2019.18000000,2019.52000000,2016.52000000,2017.51000000,47.146895,4
1706191200,1706194800,2017.58000000,2017.61000000,2013.31000000,2013.57000000,39.969570,4
1706194800,1706198400,2013.55000000,2023.04000000,2009.52000000,2019.37000000,51.640550,4
1706198400,1706202000,2019.32000000,2025.22000000,2018.32000000,2023.48000000,57.888469,4
1706202000,1706205600,2023.54000000,2024.76000000,2016.73000000,2020.26000000,52.198489,4
1706205600,1706209200,2020.27000000,2021.55000000,2013.78000000,2014.54000000,43.936751,4
1706209200,1706212800,2014.55000000,2016.52000000,2012.49000000,2014.93000000,44.580812,4
1706212800,1706216400,2014.94000000,2018.60000000,2013.99000000,2014.19000000,43.558293,4
1706216400,1706220000,2014.20000000,2018.35000000,2013.37000000,2017.72000000,49.507730,4
1706220000,1706223600,2017.77000000,2020.26000000,2016.89000000,2019.99000000,52.942816,4
1706223600,1706227200,2020.00000000,2020.97000000,2018.88000000,2020.75000000,54.069460,4
1706230800,1706234400,2020.61000000,2021.75000000,2018.93000000,2020.68000000,53.941359,5
1706234400,1706238000,2020.72000000,2021.81000000,2019.31000000,2021.21000000,54.814257,5
1706238000,1706241600,2021.25000000,2024.21000000,2020.95000000,2021.85000000,55.901105,5
1706241600,1706245200,2021.79000000,2023.89000000,2021.73000000,2021.93000000,56.043432,5
1706245200,1706248800,2021.87000000,2022.90000000,2021.32000000,2021.80000000,55.728675,5
1706248800,1706252400,2021.81000000,2022.38000000,2021.05000000,2021.14000000,54.068404,5
1706252400,1706256000,2021.09000000,2023.48000000,2020.96000000,2023.02000000,57.914592,5
1706256000,1706259600,2023.03000000,2023.40000000,2021.53000000,2021.55000000,54.099899,5
1706259600,1706263200,2021.57000000,2022.80000000,2019.78000000,2021.22000000,53.251914,5
1706263200,1706266800,2021.22000000,2022.17000000,2020.14000000,2020.53000000,51.436470,5
1706266800,1706270400,2020.55000000,2022.41000000,2018.19000000,2020.79000000,52.099144,5
1706270400,1706274000,2020.79000000,2023.83000000,2020.79000000,2023.42000000,58.298023,5
1706274000,1706277600,2023.47000000,2024.60000000,2022.37000000,2023.39000000,58.205493,5
1706277600,1706281200,2023.36000000,2024.42000000,2020.07000000,2021.33000000,52.091464,5
1706281200,1706284800,2021.43000000,2026.85000000,2018.71000000,2024.56000000,59.308900,5
1706284800,1706288400,2024.56000000,2026.07000000,2019.02000000,2020.21000000,48.673898,5
1706288400,1706292000,2020.14000000,2020.14000000,2016.04000000,2017.03000000,42.652653,5
1706292000,1706295600,2017.05000000,2019.41000000,2015.91000000,2018.09000000,45.091009,5
1706295600,1706299200,2018.07000000,2018.82000000,2016.39000000,2016.61000000,42.381441,5
1706299200,1706302800,2016.53000000,2018.21000000,2016.03000000,2017.34000000,44.163707,5
1706302800,1706306400,2017.32000000,2017.87000000,2016.12000000,2017.01000000,43.508528,5
1706306400,1706310000,2017.01000000,2019.27000000,2016.45000000,2018.53000000,47.380695,5
1706310000,1706313600,2018.49000000,2019.11000000,2017.93000000,2018.41000000,47.106177,5
1706490000,1706493600,2024.62000000,2028.58000000,2021.21000000,2021.76000000,54.952850,1
1706493600,1706497200,2021.84000000,2022.07000000,2019.24000000,2021.57000000,54.459395,1
1706497200,1706500800,2021.56000000,2025.42000000,2021.04000000,2023.17000000,57.888702,1
1706500800,1706504400,2023.22000000,2025.48000000,2021.49000000,2025.40000000,62.165026,1
1706504400,1706508000,2025.42000000,2026.32000000,2024.10000000,2025.66000000,62.641365,1
1706508000,1706511600,2025.69000000,2027.59000000,2025.39000000,2026.18000000,63.627664,1
1706511600,1706515200,2026.20000000,2026.79000000,2024.63000000,2025.45000000,61.185525,1
1706515200,1706518800,2025.42000000,2028.95000000,2024.85000000,2028.73000000,67.265075,1
1706518800,1706522400,2028.71000000,2033.84000000,2028.62000000,2031.32000000,71.112720,1
1706522400,1706526000,2031.29000000,2033.55000000,2030.92000000,2031.56000000,71.447626,1
1706526000,1706529600,2031.52000000,2031.91000000,2027.88000000,2028.33000000,61.169249,1
1706529600,1706533200,2028.32000000,2028.55000000,2025.52000000,2027.44000000,58.664942,1
1706533200,1706536800,2027.45000000,2028.36000000,2025.46000000,2028.08000000,59.935201,1
1706536800,1706540400,2028.07000000,2030.27000000,2028.07000000,2028.42000000,60.627431,1
1706540400,1706544000,2028.50000000,2037.52000000,2027.70000000,2036.83000000,73.037022,1
1706544000,1706547600,2036.84000000,2037.23000000,2021.58000000,2024.66000000,48.979261,1
1706547600,1706551200,2024.60000000,2026.22000000,2020.52000000,2025.41000000,50.070758,1
1706551200,1706554800,2025.40000000,2027.90000000,2024.01000000,2027.07000000,52.493251,1
1706554800,1706558400,2027.05000000,2031.11000000,2026.53000000,2029.32000000,55.635241,1
1706558400,1706562000,2029.30000000,2029.70000000,2025.06000000,2025.77000000,50.014705,1
1706562000,1706565600,2025.80000000,2027.94000000,2025.14000000,2026.90000000,51.687795,1
1706565600,1706569200,2026.93000000,2035.22000000,2026.93000000,2032.55000000,59.065501,1
1706569200,1706572800,2032.64000000,2032.83000000,2030.99000000,2032.83000000,59.396421,1
1706576400,1706580000,2033.15000000,2033.40000000,2029.23000000,2031.09000000,56.347913,2
1706580000,1706583600,2031.08000000,2034.07000000,2030.90000000,2033.58000000,59.547591,2
1706583600,1706587200,2033.57000000,2033.93000000,2030.54000000,2030.94000000,54.948751,2
1706587200,1706590800,2030.79000000,2032.40000000,2029.76000000,2031.93000000,56.311352,2
1706590800,1706594400,2031.91000000,2032.52000000,2031.35000000,2032.03000000,56.454621,2
1706594400,1706598000,2032.00000000,2033.00000000,2031.14000000,2031.74000000,55.882297,2
1706598000,1706601600,2031.71000000,2033.31000000,2031.50000000,2032.11000000,56.488386,2
1706601600,1706605200,2032.13000000,2035.95000000,2032.04000000,2034.45000000,60.211288,2
1706605200,1706608800,2034.40000000,2040.34000000,2033.99000000,2037.88000000,64.945840,2
1706608800,1706612400,2037.87000000,2039.45000000,2036.99000000,2038.28000000,65.461980,2
1706612400,1706616000,2038.29000000,2038.65000000,2035.03000000,2035.67000000,59.324030,2
1706616000,1706619600,2035.70000000,2037.31000000,2035.03000000,2035.56000000,59.072634,2
1706619600,1706623200,2035.55000000,2036.09000000,2031.34000000,2034.33000000,56.204529,2
1706623200,1706626800,2034.32000000,2036.30000000,2033.63000000,2035.90000000,58.944579,2
1706626800,1706630400,2035.95000000,2037.94000000,2033.22000000,2037.72000000,61.918947,2
1706630400,1706634000,2037.71000000,2048.56000000,2037.33000000,2046.57000000,72.392742,2
1706634000,1706637600,2046.62000000,2048.27000000,2029.01000000,2032.65000000,49.385115,2
1706637600,1706641200,2032.67000000,2036.08000000,2031.70000000,2035.86000000,53.087771,2
1706641200,1706644800,2035.89000000,2036.13000000,2033.09000000,2033.96000000,50.722562,2
1706644800,1706648400,2033.87000000,2033.90000000,2031.45000000,2032.76000000,49.230717,2
1706648400,1706652000,2032.75000000,2037.02000000,2032.33000000,2036.05000000,53.287269,2
1706652000,1706655600,2036.07000000,2036.63000000,2035.29000000,2035.92000000,53.106702,2
1706655600,1706659200,2035.90000000,2036.96000000,2035.84000000,2036.75000000,54.174383,2
1706662800,1706666400,2037.12000000,2037.37000000,2035.66000000,2036.44000000,53.682758,3
1706666400,1706670000,2036.48000000,2038.66000000,2035.81000000,2036.10000000,53.113451,3
1706670000,1706673600,2036.05000000,2037.18000000,2034.42000000,2034.54000000,50.468820,3
1706673600,1706677200,2034.48000000,2034.79000000,2032.84000000,2033.64000000,48.954371,3
1706677200,1706680800,2033.52000000,2034.19000000,2033.00000000,2033.85000000,49.336394,3
1706680800,1706684400,2033.82000000,2034.78000000,2033.17000000,2034.51000000,50.588013,3
1706684400,1706688000,2034.50000000,2035.11000000,2033.25000000,2035.03000000,51.602492,3
1706688000,1706691600,2035.06000000,2035.78000000,2033.60000000,2034.26000000,49.966570,3
1706691600,1706695200,2034.20000000,2038.55000000,2033.87000000,2036.54000000,54.560210,3
1706695200,1706698800,2036.47000000,2040.38000000,2036.07000000,2038.98000000,58.908227,3
1706698800,1706702400,2039.01000000,2039.78000000,2037.88000000,2038.17000000,56.959717,3
1706702400,1706706000,2038.18000000,2038.51000000,2036.53000000,2036.89000000,53.924284,3
1706706000,1706709600,2036.92000000,2038.87000000,2036.80000000,2037.28000000,54.716121,3
1706709600,1706713200,2037.30000000,2039.57000000,2037.07000000,2038.50000000,57.194367,3
1706713200,1706716800,2038.52000000,2043.19000000,2036.00000000,2041.89000000,63.218027,3
1706716800,1706720400,2041.88000000,2055.27000000,2040.68000000,2051.49000000,74.263161,3
1706720400,1706724000,2051.50000000,2055.99000000,2050.41000000,2052.24000000,74.897366,3
1706724000,1706727600,2052.31000000,2053.62000000,2047.46000000,2049.96000000,69.306168,3
1706727600,1706731200,2049.98000000,2051.00000000,2049.24000000,2049.54000000,68.294763,3
1706731200,1706734800,2049.50000000,2049.80000000,2045.71000000,2046.30000000,60.910221,3
1706734800,1706738400,2046.17000000,2050.85000000,2039.35000000,2044.95000000,58.091685,3
1706738400,1706742000,2044.91000000,2045.87000000,2030.78000000,2034.76000000,42.213261,3
1706742000,1706745600,2034.80000000,2040.13000000,2033.28000000,2039.12000000,48.677246,3
1706749200,1706752800,2040.21000000,2041.31000000,2038.77000000,2039.92000000,49.787125,4
1706752800,1706756400,2039.94000000,2042.62000000,2039.12000000,2040.64000000,50.817983,4
1706756400,1706760000,2040.67000000,2041.92000000,2039.99000000,2041.35000000,51.867366,4
1706760000,1706763600,2041.34000000,2049.51000000,2041.19000000,2047.00000000,59.308024,4
1706763600,1706767200,2046.98000000,2048.44000000,2045.56000000,2046.25000000,58.025724,4
1706767200,1706770800,2046.31000000,2046.60000000,2044.97000000,2045.76000000,57.156244,4
1706770800,1706774400,2045.76000000,2046.25000000,2044.31000000,2044.49000000,54.861679,4
1706774400,1706778000,2044.49000000,2044.85000000,2042.38000000,2043.57000000,53.195654,4
1706778000,1706781600,2043.53000000,2044.17000000,2041.12000000,2042.80000000,51.778396,4
1706781600,1706785200,2042.76000000,2042.77000000,2038.95000000,2041.92000000,50.134458,4
1706785200,1706788800,2041.89000000,2042.78000000,2040.31000000,2041.01000000,48.422369,4
1706788800,1706792400,2040.96000000,2041.18000000,2030.92000000,2031.85000000,35.339804,4
1706792400,1706796000,2031.83000000,2034.42000000,2029.97000000,2033.38000000,38.336586,4
1706796000,1706799600,2033.35000000,2034.49000000,2030.08000000,2034.07000000,39.694026,4
1706799600,1706803200,2034.05000000,2042.11000000,2030.82000000,2040.05000000,49.972698,4
1706803200,1706806800,2039.96000000,2050.85000000,2039.96000000,2045.23000000,56.835708,4
1706806800,1706810400,2042.08000000,2052.98000000,2040.41000000,2051.94000000,63.769345,4
1706810400,1706814000,2051.93000000,2065.42000000,2051.72000000,2059.39000000,69.606888,4
1706814000,1706817600,2059.48000000,2062.35000000,2051.23000000,2054.37000000,62.320430,4
1706817600,1706821200,2054.33000000,2058.68000000,2052.11000000,2055.66000000,63.381242,4
1706821200,1706824800,2055.65000000,2058.11000000,2054.11000000,2054.84000000,62.182815,4
1706824800,1706828400,2054.85000000,2055.68000000,2053.44000000,2055.43000000,62.728882,4
1706828400,1706832000,2055.40000000,2055.40000000,2053.79000000,2054.77000000,61.656347,4
1706835600,1706839200,2054.72000000,2056.16000000,2054.26000000,2054.77000000,61.656347,5
1706839200,1706842800,2054.74000000,2056.87000000,2054.52000000,2054.99000000,61.908129,5
1706842800,1706846400,2054.97000000,2056.07000000,2052.90000000,2054.73000000,61.395032,5
1706846400,1706850000,2054.72000000,2055.44000000,2051.92000000,2053.83000000,59.555006,5
1706850000,1706853600,2053.79000000,2054.99000000,2053.61000000,2054.56000000,60.586810,5
1706853600,1706857200,2054.57000000,2055.87000000,2054.05000000,2055.10000000,61.371851,5
1706857200,1706860800,2055.11000000,2056.54000000,2054.43000000,2055.53000000,62.020572,5
1706860800,1706864400,2055.56000000,2056.87000000,2054.15000000,2055.44000000,61.786684,5
1706864400,1706868000,2055.52000000,2056.89000000,2054.74000000,2055.02000000,60.637460,5
1706868000,1706871600,2055.00000000,2056.78000000,2053.58000000,2053.99000000,57.798253,5
1706871600,1706875200,2053.97000000,2054.93000000,2052.67000000,2053.00000000,55.126483,5
1706875200,1706878800,2052.99000000,2055.57000000,2052.88000000,2054.60000000,58.467950,5
1706878800,1706882400,2054.60000000,2056.13000000,2053.65000000,2056.07000000,61.317912,5
1706882400,1706886000,2056.08000000,2056.31000000,2053.73000000,2055.24000000,58.861873,5
1706886000,1706889600,2055.26000000,2057.60000000,2029.55000000,2031.66000000,26.449338,5
1706889600,1706893200,2031.59000000,2036.08000000,2027.78000000,2035.19000000,32.446457,5
1706893200,1706896800,2034.98000000,2035.63000000,2028.49000000,2035.02000000,32.309825,5
1706896800,1706900400,2035.02000000,2037.52000000,2033.10000000,2036.22000000,34.409445,5
1706900400,1706904000,2036.26000000,2037.00000000,2033.92000000,2035.22000000,33.477539,5
1706904000,1706907600,2035.21000000,2038.75000000,2034.42000000,2037.40000000,37.454330,5
1706907600,1706911200,2037.42000000,2038.54000000,2036.39000000,2038.17000000,38.844972,5
1706911200,1706914800,2038.18000000,2038.42000000,2035.96000000,2036.13000000,36.527762,5
1706914800,1706918400,2036.08000000,2039.73000000,2036.07000000,2039.73000000,42.990745,5
1707094800,1707098400,2040.37000000,2042.22000000,2039.05000000,2039.22000000,42.333114,1
1707098400,1707102000,2039.25000000,2039.77000000,2033.50000000,2035.57000000,37.868424,1
1707102000,1707105600,2035.59000000,2038.14000000,2034.48000000,2037.92000000,42.102245,1
1707105600,1707109200,2037.88000000,2038.69000000,2032.97000000,2033.49000000,36.985723,1
1707109200,1707112800,2033.44000000,2034.45000000,2030.20000000,2032.22000000,35.648228,1
1707112800,1707116400,2032.18000000,2033.33000000,2031.56000000,2031.89000000,35.291105,1
1707116400,1707120000,2031.85000000,2032.02000000,2029.04000000,2029.75000000,32.983499,1
1707120000,1707123600,2029.74000000,2031.21000000,2026.83000000,2030.83000000,35.283388,1
1707123600,1707127200,2030.84000000,2031.48000000,2026.82000000,2027.53000000,31.703221,1
1707127200,1707130800,2027.52000000,2027.67000000,2021.45000000,2023.45000000,27.929827,1
1707130800,1707134400,2023.40000000,2024.19000000,2020.62000000,2022.64000000,27.236731,1
1707134400,1707138000,2022.65000000,2025.24000000,2022.30000000,2024.42000000,31.272930,1
1707138000,1707141600,2024.45000000,2028.35000000,2024.09000000,2027.57000000,37.843761,1
1707141600,1707145200,2027.63000000,2028.03000000,2022.64000000,2022.64000000,32.591796,1
1707145200,1707148800,2022.67000000,2022.69000000,2014.92000000,2015.92000000,27.075885,1
1707148800,1707152400,2015.93000000,2023.69000000,2014.85000000,2023.61000000,39.660799,1
1707152400,1707156000,2023.58000000,2023.58000000,2015.43000000,2017.73000000,34.725999,1
1707156000,1707159600,2017.87000000,2022.47000000,2017.72000000,2022.17000000,40.723633,1
1707159600,1707163200,2022.23000000,2026.43000000,2021.37000000,2025.61000000,44.944490,1
1707163200,1707166800,2025.62000000,2027.07000000,2025.41000000,2025.90000000,45.298117,1
1707166800,1707170400,2025.89000000,2027.48000000,2025.10000000,2025.88000000,45.276518,1
1707170400,1707174000,2025.90000000,2026.37000000,2023.99000000,2024.94000000,44.209547,1
1707174000,1707177600,2024.97000000,2025.14000000,2024.08000000,2025.02000000,44.329787,1
1707181200,1707184800,2025.09000000,2025.44000000,2023.68000000,2024.99000000,44.291237,2
1707184800,1707188400,2024.99000000,2027.58000000,2024.95000000,2026.89000000,47.410445,2
1707188400,1707192000,2026.87000000,2028.54000000,2026.44000000,2027.17000000,47.873644,2
1707192000,1707195600,2027.16000000,2027.37000000,2024.86000000,2025.98000000,46.018515,2
1707195600,1707199200,2025.99000000,2026.36000000,2023.44000000,2023.88000000,42.862006,2
1707199200,1707202800,2023.90000000,2026.37000000,2023.56000000,2026.28000000,47.310143,2
1707202800,1707206400,2026.31000000,2029.78000000,2025.81000000,2029.48000000,52.607795,2
1707206400,1707210000,2029.47000000,2029.63000000,2026.15000000,2026.66000000,48.025220,2
1707210000,1707213600,2026.69000000,2029.00000000,2026.17000000,2026.25000000,47.379022,2
1707213600,1707217200,2026.18000000,2026.65000000,2023.38000000,2023.80000000,43.603445,2
1707217200,1707220800,2023.79000000,2025.33000000,2022.87000000,2023.56000000,43.239938,2
1707220800,1707224400,2023.54000000,2026.23000000,2023.34000000,2023.91000000,43.973483,2
1707224400,1707228000,2023.96000000,2027.50000000,2022.95000000,2026.71000000,49.586603,2
1707228000,1707231600,2026.67000000,2027.89000000,2024.49000000,2027.71000000,51.457125,2
1707231600,1707235200,2027.67000000,2030.86000000,2026.23000000,2029.20000000,54.184828,2
1707235200,1707238800,2029.07000000,2033.03000000,2026.88000000,2030.62000000,56.682970,2
1707238800,1707242400,2030.60000000,2038.10000000,2029.59000000,2036.30000000,64.922171,2
1707242400,1707246000,2036.25000000,2038.84000000,2035.19000000,2036.56000000,65.248020,2
1707246000,1707249600,2036.60000000,2038.35000000,2032.08000000,2036.95000000,65.761791,2
1707249600,1707253200,2036.94000000,2038.17000000,2033.79000000,2036.56000000,64.731195,2
1707253200,1707256800,2036.63000000,2036.86000000,2034.95000000,2035.99000000,63.172931,2
1707256800,1707260400,2036.03000000,2036.95000000,2035.13000000,2035.66000000,62.238790,2
1707260400,1707264000,2035.65000000,2036.10000000,2034.97000000,2035.82000000,62.528109,2
1707267600,1707271200,2036.02000000,2036.24000000,2034.50000000,2035.23000000,60.681790,3
1707271200,1707274800,2035.22000000,2036.11000000,2034.42000000,2035.00000000,59.938771,3
1707274800,1707278400,2034.99000000,2035.77000000,2034.22000000,2035.04000000,60.030433,3
1707278400,1707282000,2035.00000000,2035.51000000,2033.95000000,2034.40000000,57.753519,3
1707282000,1707285600,2034.36000000,2035.45000000,2034.01000000,2034.42000000,57.807376,3
1707285600,1707289200,2034.40000000,2035.42000000,2034.12000000,2035.19000000,59.925583,3
1707289200,1707292800,2035.16000000,2035.44000000,2033.28000000,2033.36000000,53.102343,3
1707292800,1707296400,2033.37000000,2034.24000000,2032.41000000,2033.54000000,53.661236,3
1707296400,1707300000,2033.53000000,2036.15000000,2033.27000000,2035.12000000,58.352948,3
1707300000,1707303600,2035.14000000,2035.24000000,2031.20000000,2032.91000000,50.631056,3
1707303600,1707307200,2032.93000000,2034.91000000,2032.34000000,2034.33000000,54.772434,3
1707307200,1707310800,2034.32000000,2034.35000000,2032.63000000,2033.13000000,50.887532,3
1707310800,1707314400,2033.08000000,2035.74000000,2032.72000000,2034.08000000,53.688049,3
1707314400,1707318000,2034.07000000,2034.18000000,2030.55000000,2033.43000000,51.523219,3
1707318000,1707321600,2033.54000000,2036.61000000,2032.29000000,2036.13000000,58.931105,3
1707321600,1707325200,2036.14000000,2044.52000000,2032.65000000,2042.43000000,70.325767,3
1707325200,1707328800,2042.44000000,2043.24000000,2035.34000000,2038.31000000,58.830206,3
1707328800,1707332400,2038.30000000,2040.88000000,2037.57000000,2038.38000000,58.952974,3
1707332400,1707336000,2038.35000000,2038.42000000,2033.99000000,2035.58000000,52.242231,3
1707336000,1707339600,2035.57000000,2037.24000000,2033.95000000,2034.76000000,50.431688,3
1707339600,1707343200,2034.79000000,2035.76000000,2034.12000000,2035.53000000,52.110078,3
1707343200,1707346800,2035.51000000,2035.80000000,2034.37000000,2034.70000000,50.139294,3
1707346800,1707350400,2034.67000000,2035.01000000,2033.68000000,2034.96000000,50.767424,3
1707354000,1707357600,2035.57000000,2036.59000000,2034.85000000,2036.48000000,54.385280,4
1707357600,1707361200,2036.46000000,2037.74000000,2036.36000000,2037.27000000,56.187329,4
1707361200,1707364800,2037.28000000,2038.12000000,2036.64000000,2037.29000000,56.234468,4
1707364800,1707368400,2037.28000000,2038.70000000,2035.86000000,2036.14000000,52.721896,4
1707368400,1707372000,2036.18000000,2036.57000000,2031.79000000,2032.74000000,43.976003,4
1707372000,1707375600,2032.75000000,2033.98000000,2031.61000000,2032.19000000,42.740839,4
1707375600,1707379200,2032.11000000,2033.70000000,2031.11000000,2033.41000000,46.341088,4
1707379200,1707382800,2033.42000000,2034.20000000,2032.25000000,2033.25000000,45.933183,4
1707382800,1707386400,2033.26000000,2035.05000000,2031.57000000,2032.83000000,44.817968,4
1707386400,1707390000,2032.84000000,2033.33000000,2028.88000000,2030.77000000,39.723670,4
1707390000,1707393600,2030.81000000,2035.94000000,2029.76000000,2035.31000000,52.530001,4
1707393600,1707397200,2035.46000000,2038.43000000,2034.70000000,2036.08000000,54.303301,4
1707397200,1707400800,2036.07000000,2036.27000000,2027.84000000,2029.02000000,39.670452,4
1707400800,1707404400,2029.04000000,2029.09000000,2023.71000000,2024.91000000,33.937207,4
1707404400,1707408000,2025.01000000,2026.40000000,2020.88000000,2021.07000000,29.628758,4
1707408000,1707411600,2021.06000000,2034.06000000,2020.16000000,2028.35000000,44.114184,4
1707411600,1707415200,2028.52000000,2033.22000000,2027.59000000,2031.91000000,49.579854,4
1707415200,1707418800,2031.96000000,2032.22000000,2027.69000000,2031.88000000,49.535888,4
1707418800,1707422400,2031.89000000,2033.10000000,2030.27000000,2031.67000000,49.206945,4
1707422400,1707426000,2031.64000000,2035.30000000,2031.13000000,2032.07000000,49.889528,4
1707426000,1707429600,2032.08000000,2033.50000000,2031.37000000,2032.55000000,50.744926,4
1707429600,1707433200,2032.57000000,2033.74000000,2032.55000000,2032.99000000,51.561187,4
1707433200,1707436800,2033.01000000,2034.39000000,2033.01000000,2034.33000000,54.058212,4
1707440400,1707444000,2034.69000000,2035.04000000,2033.85000000,2034.26000000,53.901893,5
1707444000,1707447600,2034.27000000,2034.41000000,2031.93000000,2032.03000000,49.037084,5
1707447600,1707451200,2032.04000000,2035.04000000,2032.04000000,2034.20000000,53.440685,5
1707451200,1707454800,2034.17000000,2035.12000000,2033.99000000,2034.33000000,53.698800,5
1707454800,1707458400,2034.31000000,2034.77000000,2032.93000000,2033.54000000,51.818777,5
1707458400,1707462000,2033.63000000,2033.73000000,2032.32000000,2032.73000000,49.890116,5
1707462000,1707465600,2032.66000000,2033.99000000,2032.11000000,2032.82000000,50.112296,5
1707465600,1707469200,2032.82000000,2034.34000000,2032.26000000,2033.80000000,52.577936,5
1707469200,1707472800,2033.82000000,2034.95000000,2032.83000000,2033.56000000,51.901409,5
1707472800,1707476400,2033.59000000,2034.10000000,2030.47000000,2032.33000000,48.459946,5
1707476400,1707480000,2032.35000000,2033.56000000,2031.07000000,2031.53000000,46.309145,5
1707480000,1707483600,2031.52000000,2033.10000000,2030.95000000,2032.75000000,49.956825,5
1707483600,1707487200,2032.78000000,2033.52000000,2031.47000000,2031.54000000,46.576972,5
1707487200,1707490800,2031.52000000,2032.15000000,2028.49000000,2028.75000000,39.877580,5
1707490800,1707494400,2028.69000000,2037.18000000,2025.55000000,2027.02000000,36.383043,5
1707494400,1707498000,2026.99000000,2030.63000000,2023.03000000,2025.20000000,33.097095,5
1707498000,1707501600,2025.17000000,2027.20000000,2021.80000000,2022.40000000,28.789221,5
1707501600,1707505200,2022.47000000,2023.85000000,2020.22000000,2021.56000000,27.627452,5
1707505200,1707508800,2021.53000000,2024.76000000,2021.22000000,2024.63000000,37.546904,5
1707508800,1707512400,2024.61000000,2026.31000000,2022.74000000,2023.70000000,35.939889,5
1707512400,1707516000,2023.70000000,2026.11000000,2023.32000000,2024.72000000,39.022490,5
1707516000,1707519600,2024.72000000,2026.20000000,2023.86000000,2025.07000000,40.087852,5
1707519600,1707523200,2025.03000000,2025.52000000,2023.92000000,2024.45000000,38.794819,5
1707699600,1707703200,2023.58000000,2026.86000000,2023.33000000,2025.43000000,41.980413,1
1707703200,1707706800,2025.45000000,2025.91000000,2024.89000000,2025.12000000,41.249044,1
1707706800,1707710400,2025.14000000,2026.56000000,2023.42000000,2023.52000000,37.607336,1
1707710400,1707714000,2023.47000000,2023.84000000,2022.15000000,2022.37000000,35.201764,1
1707714000,1707717600,2022.34000000,2023.00000000,2021.80000000,2022.82000000,36.902577,1
1707717600,1707721200,2022.84000000,2024.12000000,2022.52000000,2023.09000000,37.954872,1
1707721200,1707724800,2023.10000000,2024.01000000,2022.88000000,2023.81000000,40.790631,1
1707724800,1707728400,2023.81000000,2024.70000000,2023.52000000,2024.26000000,42.557718,1
1707728400,1707732000,2024.22000000,2026.44000000,2023.03000000,2025.55000000,47.403729,1
1707732000,1707735600,2025.53000000,2027.25000000,2023.56000000,2023.64000000,41.783137,1
1707735600,1707739200,2023.63000000,2023.81000000,2020.35000000,2020.75000000,35.017562,1
1707739200,1707742800,2020.74000000,2021.20000000,2019.96000000,2020.94000000,35.754091,1
1707742800,1707746400,2020.93000000,2022.55000000,2020.21000000,2021.70000000,38.744846,1
1707746400,1707750000,2021.69000000,2022.37000000,2020.52000000,2021.34000000,37.846114,1
1707750000,1707753600,2021.40000000,2027.53000000,2018.50000000,2019.05000000,32.656824,1
1707753600,1707757200,2019.03000000,2020.36000000,2013.21000000,2014.93000000,25.802123,1
1707757200,1707760800,2014.89000000,2016.96000000,2012.04000000,2013.11000000,23.459550,1
1707760800,1707764400,2013.14000000,2016.38000000,2011.85000000,2015.87000000,33.342945,1
1707764400,1707768000,2015.88000000,2020.15000000,2015.59000000,2019.36000000,43.311089,1
1707768000,1707771600,2019.41000000,2021.57000000,2017.82000000,2021.50000000,48.406040,1
1707771600,1707775200,2021.51000000,2021.56000000,2018.59000000,2019.14000000,43.737522,1
1707775200,1707778800,2019.08000000,2020.53000000,2018.84000000,2020.02000000,45.835262,1
1707778800,1707782400,2020.04000000,2020.52000000,2019.64000000,2019.96000000,45.710121,1
1707786000,1707789600,2020.26000000,2020.26000000,2018.66000000,2018.78000000,43.211430,2
1707789600,1707793200,2018.83000000,2019.52000000,2018.26000000,2019.48000000,45.127689,2
1707793200,1707796800,2019.49000000,2021.19000000,2019.45000000,2020.28000000,47.315708,2
1707796800,1707800400,2020.30000000,2020.32000000,2018.92000000,2018.93000000,44.118663,2
1707800400,1707804000,2018.92000000,2019.09000000,2016.86000000,2018.55000000,43.233151,2
1707804000,1707807600,2018.53000000,2019.55000000,2018.37000000,2018.97000000,44.557688,2
1707807600,1707811200,2018.99000000,2021.60000000,2018.99000000,2020.72000000,49.812293,2
1707811200,1707814800,2020.73000000,2024.06000000,2020.70000000,2023.67000000,57.179735,2
1707814800,1707818400,2023.72000000,2025.79000000,2023.43000000,2025.20000000,60.424615,2
1707818400,1707822000,2025.25000000,2026.25000000,2024.48000000,2026.12000000,62.275802,2
1707822000,1707825600,2026.10000000,2026.87000000,2025.12000000,2026.67000000,63.378658,2
1707825600,1707829200,2026.70000000,2027.97000000,2026.02000000,2026.58000000,63.053814,2
1707829200,1707832800,2026.57000000,2029.27000000,2026.13000000,2027.70000000,65.428521,2
1707832800,1707836400,2027.67000000,2028.94000000,2027.38000000,2028.25000000,66.565025,2
1707836400,1707840000,2028.22000000,2032.66000000,2002.97000000,2004.36000000,26.229748,2
1707840000,1707843600,2004.37000000,2005.91000000,1992.49000000,1995.67000000,21.197970,2
1707843600,1707847200,1995.69000000,1995.94000000,1990.04000000,1992.22000000,19.591136,2
1707847200,1707850800,1992.21000000,1997.82000000,1991.88000000,1994.87000000,24.335524,2
1707850800,1707854400,1994.88000000,1995.98000000,1992.71000000,1993.61000000,23.621851,2
1707854400,1707858000,1993.63000000,1995.74000000,1993.04000000,1993.42000000,23.509887,2
1707858000,1707861600,1993.43000000,1993.74000000,1991.23000000,1991.73000000,22.488835,2
1707861600,1707865200,1991.74000000,1993.64000000,1991.20000000,1992.59000000,24.290784,2
1707865200,1707868800,1992.58000000,1993.58000000,1992.18000000,1992.96000000,25.097577,2
1707872400,1707876000,1993.16000000,1993.36000000,1990.72000000,1991.45000000,23.974714,3
1707876000,1707879600,1991.38000000,1993.24000000,1990.75000000,1992.65000000,26.778362,3
1707879600,1707883200,1992.69000000,1992.88000000,1988.82000000,1992.84000000,27.235913,3
1707883200,1707886800,1992.83000000,1993.59000000,1991.11000000,1992.17000000,26.604574,3
1707886800,1707890400,1992.11000000,1993.03000000,1991.22000000,1992.43000000,27.308757,3
1707890400,1707894000,1992.42000000,1992.88000000,1991.96000000,1992.34000000,27.211433,3
1707894000,1707897600,1992.32000000,1993.32000000,1992.14000000,1992.96000000,29.086357,3
1707897600,1707901200,1992.96000000,1992.97000000,1990.92000000,1992.16000000,28.081233,3
1707901200,1707904800,1992.26000000,1993.05000000,1989.34000000,1989.44000000,24.927193,3
1707904800,1707908400,1989.43000000,1990.59000000,1986.02000000,1988.45000000,23.876043,3
1707908400,1707912000,1988.47000000,1991.57000000,1988.36000000,1991.22000000,32.458138,3
1707912000,1707915600,1991.20000000,1993.34000000,1990.05000000,1992.86000000,36.987601,3
1707915600,1707919200,1992.87000000,1993.26000000,1990.65000000,1992.22000000,35.973736,3
1707919200,1707922800,1992.23000000,1993.19000000,1989.55000000,1990.22000000,32.935492,3
1707922800,1707926400,1990.24000000,1993.21000000,1988.67000000,1989.10000000,31.339250,3
1707926400,1707930000,1989.09000000,1992.26000000,1986.18000000,1987.39000000,29.026189,3
1707930000,1707933600,1987.52000000,1988.96000000,1984.18000000,1987.86000000,30.543580,3
1707933600,1707937200,1987.88000000,1993.60000000,1987.47000000,1993.13000000,44.795442,3
1707937200,1707940800,1993.12000000,1995.24000000,1990.71000000,1994.34000000,47.461072,3
1707940800,1707944400,1994.37000000,1996.10000000,1991.07000000,1991.69000000,42.608556,3
1707944400,1707948000,1991.67000000,1991.98000000,1989.71000000,1991.69000000,42.608556,3
1707948000,1707951600,1991.72000000,1991.79000000,1989.60000000,1991.08000000,41.476457,3
1707951600,1707955200,1991.07000000,1992.86000000,1990.39000000,1992.14000000,44.248530,3
1707958800,1707962400,1992.21000000,1993.83000000,1992.13000000,1993.73000000,48.211182,4
1707962400,1707966000,1993.72000000,1994.32000000,1992.52000000,1993.66000000,48.049262,4
1707966000,1707969600,1993.62000000,1994.31000000,1992.27000000,1992.54000000,45.420732,4
1707969600,1707973200,1992.51000000,1993.50000000,1992.09000000,1993.14000000,47.090580,4
1707973200,1707976800,1993.07000000,1993.28000000,1990.22000000,1990.74000000,41.607041,4
1707976800,1707980400,1990.66000000,1992.14000000,1990.35000000,1992.02000000,45.267659,4
1707980400,1707984000,1991.99000000,1992.90000000,1991.71000000,1991.86000000,44.888844,4
1707984000,1707987600,1991.83000000,1993.37000000,1991.53000000,1993.22000000,48.810113,4
1707987600,1707991200,1993.23000000,1994.65000000,1992.19000000,1993.80000000,50.429983,4
1707991200,1707994800,1993.79000000,1995.99000000,1993.46000000,1995.19000000,54.172737,4
1707994800,1707998400,1995.20000000,1996.76000000,1993.81000000,1996.37000000,57.131832,4
1707998400,1708002000,1996.38000000,1997.92000000,1995.68000000,1995.97000000,55.816131,4
1708002000,1708005600,1995.96000000,1998.11000000,1995.74000000,1997.49000000,59.621508,4
1708005600,1708009200,1997.46000000,1999.05000000,1996.35000000,1997.94000000,60.700636,4
1708009200,1708012800,1997.99000000,2004.27000000,1995.67000000,2003.76000000,71.361071,4
1708012800,1708016400,2003.78000000,2008.27000000,2001.45000000,2003.73000000,71.253776,4
1708016400,1708020000,2003.67000000,2008.09000000,1999.76000000,2000.73000000,61.324106,4
1708020000,1708023600,2000.74000000,2001.43000000,1998.39000000,2000.12000000,59.508186,4
1708023600,1708027200,2000.15000000,2004.60000000,2000.08000000,2003.64000000,65.801387,4
1708027200,1708030800,2003.63000000,2004.89000000,2002.70000000,2004.52000000,67.174908,4
1708030800,1708034400,2004.54000000,2006.45000000,2003.64000000,2005.06000000,68.023603,4
1708034400,1708038000,2005.03000000,2005.10000000,2003.49000000,2004.37000000,65.686582,4
1708038000,1708041600,2004.39000000,2004.66000000,2003.88000000,2004.29000000,65.406009,4
1708045200,1708048800,2004.25000000,2004.81000000,2003.37000000,2003.39000000,62.187816,5
1708048800,1708052400,2003.44000000,2003.62000000,2002.33000000,2002.56000000,59.290475,5
1708052400,1708056000,2002.58000000,2005.63000000,2002.40000000,2005.51000000,65.451490,5
1708056000,1708059600,2005.46000000,2005.62000000,2004.05000000,2004.47000000,61.895107,5
1708059600,1708063200,2004.46000000,2004.79000000,2003.39000000,2004.31000000,61.342871,5
1708063200,1708066800,2004.32000000,2004.35000000,2003.26000000,2003.60000000,58.834326,5
1708066800,1708070400,2003.59000000,2004.66000000,2003.33000000,2004.44000000,60.872965,5
1708070400,1708074000,2004.44000000,2004.68000000,2002.67000000,2003.75000000,58.318128,5
1708074000,1708077600,2003.71000000,2006.41000000,2003.36000000,2005.14000000,61.796620,5
1708077600,1708081200,2005.13000000,2005.66000000,2003.86000000,2004.90000000,60.852337,5
1708081200,1708084800,2004.93000000,2006.43000000,2004.21000000,2005.03000000,61.198201,5
1708084800,1708088400,2005.04000000,2007.47000000,2004.69000000,2007.16000000,66.431266,5
1708088400,1708092000,2007.08000000,2007.81000000,2006.24000000,2007.23000000,66.590734,5
1708092000,1708095600,2007.25000000,2008.07000000,2006.37000000,2006.80000000,64.561791,5
1708095600,1708099200,2006.81000000,2006.94000000,1995.04000000,2001.43000000,45.795774,5
1708099200,1708102800,2001.41000000,2003.33000000,1995.27000000,1997.91000000,37.998898,5
1708102800,1708106400,1997.88000000,2011.00000000,1997.29000000,2007.90000000,59.219422,5
1708106400,1708110000,2007.95000000,2010.93000000,2007.20000000,2009.20000000,61.085913,5
1708110000,1708113600,2009.23000000,2014.41000000,2008.71000000,2013.32000000,66.343434,5
1708113600,1708117200,2013.33000000,2015.09000000,2011.11000000,2013.83000000,66.938890,5
1708117200,1708120800,2013.84000000,2015.11000000,2011.71000000,2012.60000000,63.998086,5
1708120800,1708124400,2012.59000000,2013.04000000,2011.22000000,2011.88000000,62.273430,5
1708124400,1708128000,2011.90000000,2013.91000000,2011.90000000,2013.18000000,64.151871,5
1708304400,1708308000,2015.47000000,2023.26000000,2011.54000000,2013.92000000,65.213645,1
1708308000,1708311600,2013.78000000,2019.99000000,2013.78000000,2018.77000000,71.228473,1
1708311600,1708315200,2018.88000000,2020.74000000,2016.33000000,2019.79000000,72.312743,1
1708315200,1708318800,2019.78000000,2022.84000000,2018.56000000,2022.30000000,74.826779,1
1708318800,1708322400,2022.29000000,2022.34000000,2019.27000000,2019.84000000,68.282703,1
1708322400,1708326000,2019.86000000,2019.89000000,2018.24000000,2019.00000000,66.155134,1
1708326000,1708329600,2019.02000000,2021.42000000,2018.50000000,2020.70000000,68.307350,1
1708329600,1708333200,2020.70000000,2022.56000000,2020.38000000,2021.45000000,69.236791,1
1708333200,1708336800,2021.39000000,2022.91000000,2019.69000000,2020.94000000,67.781112,1
1708336800,1708340400,2020.92000000,2021.19000000,2019.00000000,2020.14000000,65.456318,1
1708340400,1708344000,2020.13000000,2020.69000000,2019.18000000,2020.12000000,65.395930,1
1708344000,1708347600,2020.13000000,2020.59000000,2018.19000000,2018.88000000,61.601328,1
1708347600,1708351200,2018.89000000,2019.59000000,2018.28000000,2018.34000000,59.969397,1
1708351200,1708354800,2018.32000000,2019.07000000,2015.96000000,2016.71000000,55.214476,1
1708354800,1708358400,2016.69000000,2019.28000000,2016.42000000,2016.80000000,55.424635,1
1708358400,1708362000,2016.83000000,2017.68000000,2015.85000000,2017.28000000,56.594507,1
1708362000,1708365600,2017.29000000,2017.55000000,2014.74000000,2014.90000000,49.638181,1
1708365600,1708369200,2014.88000000,2016.64000000,2013.24000000,2016.20000000,53.033969,1
1708369200,1708372800,2016.22000000,2018.49000000,2015.97000000,2017.31000000,55.775936,1
1708372800,1708376400,2017.28000000,2018.46000000,2016.84000000,2017.60000000,56.490631,1
1708376400,1708380000,2017.67000000,2018.23000000,2017.67000000,2017.90000000,57.260121,1
1708390800,1708394400,2017.96000000,2018.10000000,2015.73000000,2016.16000000,51.563993,2
1708394400,1708398000,2016.14000000,2016.77000000,2014.96000000,2016.15000000,51.532265,2
1708398000,1708401600,2016.18000000,2019.19000000,2015.19000000,2016.92000000,53.885208,2
1708401600,1708405200,2016.90000000,2018.25000000,2016.72000000,2017.54000000,55.748052,2
1708405200,1708408800,2017.57000000,2018.72000000,2016.96000000,2018.27000000,57.904259,2
1708408800,1708412400,2018.29000000,2019.67000000,2018.17000000,2019.47000000,61.247026,2
1708412400,1708416000,2019.48000000,2019.56000000,2017.71000000,2018.48000000,57.210721,2
1708416000,1708419600,2018.45000000,2020.83000000,2017.73000000,2019.39000000,59.831188,2
1708419600,1708423200,2019.49000000,2022.85000000,2018.90000000,2021.43000000,65.005132,2
1708423200,1708426800,2021.42000000,2022.98000000,2020.74000000,2022.78000000,67.947412,2
1708426800,1708430400,2022.72000000,2025.14000000,2022.55000000,2023.98000000,70.334984,2
1708430400,1708434000,2024.01000000,2027.59000000,2023.47000000,2026.05000000,73.940980,2
1708434000,1708437600,2026.06000000,2027.33000000,2025.21000000,2026.84000000,75.180939,2
1708437600,1708441200,2026.89000000,2027.99000000,2026.26000000,2026.66000000,74.313287,2
1708441200,1708444800,2026.65000000,2030.78000000,2026.14000000,2030.04000000,79.173754,2
1708444800,1708448400,2030.05000000,2030.86000000,2025.44000000,2028.11000000,70.921498,2
1708448400,1708452000,2028.12000000,2030.02000000,2025.80000000,2027.46000000,68.338079,2
1708452000,1708455600,2027.45000000,2028.28000000,2025.98000000,2026.91000000,66.142585,2
1708455600,1708459200,2026.91000000,2028.68000000,2025.62000000,2028.67000000,69.517443,2
1708459200,1708462800,2028.70000000,2028.88000000,2026.78000000,2027.18000000,63.726124,2
1708462800,1708466400,2027.19000000,2027.67000000,2024.77000000,2025.10000000,56.633327,2
1708466400,1708470000,2025.11000000,2025.16000000,2023.52000000,2024.32000000,54.197238,2
1708470000,1708473600,2024.34000000,2024.74000000,2023.60000000,2024.24000000,53.940955,2
1708477200,1708480800,2024.34000000,2024.98000000,2023.78000000,2024.27000000,54.028745,3
1708480800,1708484400,2024.30000000,2024.30000000,2022.92000000,2023.53000000,51.424994,3
1708484400,1708488000,2023.55000000,2026.06000000,2023.28000000,2025.34000000,56.896631,3
1708488000,1708491600,2025.36000000,2029.16000000,2025.34000000,2027.88000000,63.166855,3
1708491600,1708495200,2027.89000000,2030.86000000,2027.76000000,2030.50000000,68.290850,3
1708495200,1708498800,2030.51000000,2031.26000000,2030.10000000,2030.85000000,68.913007,3
1708498800,1708502400,2030.88000000,2032.22000000,2029.41000000,2030.96000000,69.118089,3
1708502400,1708506000,2030.98000000,2031.20000000,2029.21000000,2029.98000000,65.003691,3
1708506000,1708509600,2029.99000000,2030.60000000,2028.38000000,2028.87000000,60.603289,3
1708509600,1708513200,2028.84000000,2029.23000000,2026.17000000,2026.53000000,52.530181,3
1708513200,1708516800,2026.50000000,2028.59000000,2025.94000000,2028.06000000,56.601024,3
1708516800,1708520400,2028.04000000,2030.15000000,2027.86000000,2029.95000000,61.045122,3
1708520400,1708524000,2029.96000000,2030.03000000,2027.36000000,2028.24000000,55.506903,3
1708524000,1708527600,2028.23000000,2030.05000000,2027.95000000,2029.44000000,58.361741,3
1708527600,1708531200,2029.43000000,2031.51000000,2027.65000000,2028.72000000,56.038412,3
1708531200,1708534800,2028.71000000,2030.29000000,2027.01000000,2027.52000000,52.301363,3
1708534800,1708538400,2027.46000000,2030.22000000,2024.04000000,2024.21000000,43.653753,3
1708538400,1708542000,2024.20000000,2025.83000000,2023.21000000,2023.93000000,43.005974,3
1708542000,1708545600,2023.95000000,2024.53000000,2021.50000000,2024.29000000,44.153417,3
1708545600,1708549200,2024.30000000,2024.69000000,2021.44000000,2021.83000000,38.455944,3
1708549200,1708552800,2021.83000000,2026.49000000,2020.01000000,2025.95000000,50.075259,3
1708552800,1708556400,2025.91000000,2026.98000000,2024.11000000,2024.36000000,46.431951,3
1708556400,1708560000,2024.62000000,2026.16000000,2023.94000000,2025.86000000,50.119061,3
1708563600,1708567200,2026.09000000,2026.74000000,2025.11000000,2025.67000000,49.652862,4
1708567200,1708570800,2025.66000000,2026.77000000,2025.07000000,2026.43000000,51.592523,4
1708570800,1708574400,2026.44000000,2028.56000000,2026.19000000,2027.02000000,53.103017,4
1708574400,1708578000,2026.98000000,2028.36000000,2026.47000000,2027.74000000,54.950423,4
1708578000,1708581600,2027.71000000,2028.28000000,2026.10000000,2026.29000000,50.625237,4
1708581600,1708585200,2026.28000000,2028.90000000,2025.48000000,2028.82000000,56.986914,4
1708585200,1708588800,2028.88000000,2029.99000000,2028.21000000,2028.41000000,55.733679,4
1708588800,1708592400,2028.43000000,2030.58000000,2028.34000000,2029.26000000,57.805412,4
1708592400,1708596000,2029.32000000,2031.98000000,2028.86000000,2031.45000000,62.654977,4
1708596000,1708599600,2031.52000000,2034.87000000,2031.30000000,2033.22000000,66.051116,4
1708599600,1708603200,2033.22000000,2033.22000000,2028.49000000,2030.29000000,56.836832,4
1708603200,1708606800,2030.34000000,2031.20000000,2029.16000000,2029.41000000,54.383003,4
1708606800,1708610400,2029.46000000,2029.76000000,2027.28000000,2028.96000000,53.120049,4
1708610400,1708614000,2028.97000000,2029.88000000,2027.67000000,2028.24000000,51.076206,4
1708614000,1708617600,2028.25000000,2028.61000000,2023.02000000,2025.63000000,44.406210,4
1708617600,1708621200,2025.64000000,2026.74000000,2021.92000000,2024.96000000,42.858936,4
1708621200,1708624800,2024.98000000,2025.34000000,2020.17000000,2023.35000000,39.314014,4
1708624800,1708628400,2023.37000000,2024.24000000,2019.75000000,2020.94000000,34.688813,4
1708628400,1708632000,2020.96000000,2024.67000000,2020.26000000,2022.95000000,40.930607,4
1708632000,1708635600,2022.96000000,2023.24000000,2019.60000000,2022.65000000,40.311367,4
1708635600,1708639200,2022.66000000,2023.61000000,2022.15000000,2023.03000000,41.518286,4
1708639200,1708642800,2023.02000000,2024.62000000,2022.53000000,2024.58000000,46.288992,4
1708642800,1708646400,2024.51000000,2025.02000000,2023.93000000,2024.30000000,45.565867,4
1708650000,1708653600,2024.32000000,2026.05000000,2024.17000000,2024.76000000,47.029899,5
1708653600,1708657200,2024.78000000,2026.14000000,2022.78000000,2024.54000000,46.387318,5
1708657200,1708660800,2024.53000000,2027.18000000,2024.34000000,2026.86000000,53.588873,5
1708660800,1708664400,2026.87000000,2027.39000000,2024.26000000,2024.35000000,46.336900,5
1708664400,1708668000,2024.34000000,2026.30000000,2024.06000000,2025.72000000,50.291004,5
1708668000,1708671600,2025.74000000,2026.48000000,2025.73000000,2026.06000000,51.251025,5
1708671600,1708675200,2026.11000000,2026.16000000,2022.19000000,2022.40000000,41.875552,5
1708675200,1708678800,2022.39000000,2022.63000000,2018.16000000,2020.93000000,38.805112,5
1708678800,1708682400,2020.95000000,2022.46000000,2019.55000000,2021.89000000,41.806046,5
1708682400,1708686000,2021.94000000,2022.61000000,2018.34000000,2019.47000000,36.894365,5
1708686000,1708689600,2019.46000000,2019.83000000,2016.02000000,2016.76000000,32.315660,5
1708689600,1708693200,2016.78000000,2023.29000000,2016.57000000,2022.90000000,48.047315,5
1708693200,1708696800,2022.87000000,2023.94000000,2022.06000000,2023.87000000,50.023555,5
1708696800,1708700400,2023.85000000,2028.72000000,2023.08000000,2028.05000000,57.522201,5
1708700400,1708704000,2028.07000000,2029.18000000,2024.48000000,2025.29000000,51.976666,5
1708704000,1708707600,2025.27000000,2028.60000000,2024.15000000,2027.56000000,55.754786,5
1708707600,1708711200,2027.46000000,2031.13000000,2025.72000000,2030.18000000,59.696013,5
1708711200,1708714800,2030.27000000,2038.52000000,2030.27000000,2038.37000000,68.993824,5
1708714800,1708718400,2038.35000000,2039.78000000,2036.39000000,2037.89000000,68.003660,5
1708718400,1708722000,2037.91000000,2041.31000000,2037.45000000,2040.45000000,70.440242,5
1708722000,1708725600,2040.39000000,2040.46000000,2036.87000000,2037.28000000,63.946412,5
1708725600,1708729200,2037.29000000,2037.50000000,2035.70000000,2036.58000000,62.574579,5
1708729200,1708732800,2036.57000000,2036.60000000,2035.09000000,2035.48000000,60.382404,5
1708909200,1708912800,2035.04000000,2035.05000000,2033.00000000,2034.00000000,57.465399,1
1708912800,1708916400,2034.01000000,2034.02000000,2029.96000000,2030.32000000,50.883186,1
1708916400,1708920000,2030.33000000,2034.02000000,2029.92000000,2031.28000000,52.414446,1
1708920000,1708923600,2031.24000000,2031.88000000,2030.66000000,2030.88000000,51.691327,1
1708923600,1708927200,2030.89000000,2032.53000000,2030.66000000,2032.52000000,54.465104,1
1708927200,1708930800,2032.51000000,2032.90000000,2032.07000000,2032.24000000,53.896116,1
1708930800,1708934400,2032.20000000,2034.25000000,2032.16000000,2033.00000000,55.262267,1
1708934400,1708938000,2033.02000000,2033.88000000,2031.86000000,2032.66000000,54.484439,1
1708938000,1708941600,2032.68000000,2035.26000000,2032.34000000,2035.04000000,58.850613,1
1708941600,1708945200,2034.96000000,2037.00000000,2033.64000000,2034.02000000,56.355527,1
1708945200,1708948800,2033.98000000,2034.40000000,2032.18000000,2033.06000000,54.033571,1
1708948800,1708952400,2033.05000000,2035.45000000,2031.67000000,2032.10000000,51.737893,1
1708952400,1708956000,2032.11000000,2033.00000000,2030.84000000,2030.89000000,48.916882,1
1708956000,1708959600,2030.91000000,2034.05000000,2030.70000000,2032.86000000,53.374334,1
1708959600,1708963200,2032.88000000,2034.39000000,2031.62000000,2032.61000000,52.745332,1
1708963200,1708966800,2032.59000000,2032.88000000,2025.64000000,2027.56000000,41.982558,1
1708966800,1708970400,2027.58000000,2030.08000000,2025.06000000,2029.13000000,45.692707,1
1708970400,1708974000,2029.16000000,2029.40000000,2026.54000000,2027.75000000,43.084636,1
1708974000,1708977600,2027.77000000,2028.82000000,2026.51000000,2028.68000000,45.348564,1
1708977600,1708981200,2028.59000000,2030.08000000,2028.12000000,2029.28000000,46.818329,1
1708981200,1708984800,2029.31000000,2030.27000000,2028.54000000,2029.72000000,47.924360,1
1708984800,1708988400,2029.71000000,2033.61000000,2029.67000000,2032.28000000,53.927994,1
1708988400,1708992000,2032.30000000,2032.30000000,2030.85000000,2031.18000000,51.196757,1
1708995600,1708999200,2031.21000000,2031.62000000,2030.64000000,2031.28000000,51.437546,2
1708999200,1709002800,2031.26000000,2032.54000000,2031.03000000,2031.50000000,51.998659,2
1709002800,1709006400,2031.52000000,2033.76000000,2031.26000000,2033.58000000,57.051364,2
1709006400,1709010000,2033.61000000,2034.54000000,2032.56000000,2032.66000000,54.327416,2
1709010000,1709013600,2032.76000000,2033.44000000,2032.29000000,2033.41000000,56.164857,2
1709013600,1709017200,2033.40000000,2034.54000000,2033.40000000,2033.72000000,56.936039,2
1709017200,1709020800,2033.69000000,2033.99000000,2032.80000000,2033.61000000,56.555825,2
1709020800,1709024400,2033.62000000,2034.96000000,2033.26000000,2033.44000000,55.934158,2
1709024400,1709028000,2033.45000000,2036.23000000,2033.26000000,2035.41000000,61.249811,2
1709028000,1709031600,2035.42000000,2039.46000000,2034.62000000,2038.07000000,67.032623,2
1709031600,1709035200,2038.08000000,2038.12000000,2035.33000000,2036.58000000,61.496509,2
1709035200,1709038800,2036.61000000,2036.67000000,2034.61000000,2036.41000000,60.878732,2
1709038800,1709042400,2036.47000000,2038.72000000,2035.52000000,2038.21000000,64.899449,2
1709042400,1709046000,2038.22000000,2039.07000000,2037.14000000,2038.26000000,65.007035,2
1709046000,1709049600,2038.31000000,2038.61000000,2035.26000000,2035.41000000,54.712920,2
1709049600,1709053200,2035.40000000,2036.53000000,2033.56000000,2034.92000000,53.154430,2
1709053200,1709056800,2034.95000000,2037.85000000,2032.96000000,2033.72000000,49.440236,2
1709056800,1709060400,2033.74000000,2034.29000000,2031.75000000,2033.10000000,47.589965,2
1709060400,1709064000,2033.11000000,2033.11000000,2029.74000000,2032.25000000,45.098096,2
1709064000,1709067600,2032.26000000,2036.08000000,2031.94000000,2032.37000000,45.531707,2
1709067600,1709071200,2032.41000000,2032.42000000,2029.40000000,2030.21000000,39.486406,2
1709071200,1709074800,2030.20000000,2030.36000000,2028.78000000,2030.13000000,39.278399,2
1709074800,1709078400,2030.22000000,2030.59000000,2029.86000000,2030.35000000,40.211156,2
1709082000,1709085600,2030.06000000,2030.87000000,2029.68000000,2030.06000000,39.353006,3
1709085600,1709089200,2030.08000000,2031.23000000,2029.14000000,2030.82000000,42.798297,3
1709089200,1709092800,2030.80000000,2033.69000000,2029.74000000,2033.40000000,52.635291,3
1709092800,1709096400,2033.38000000,2033.58000000,2030.50000000,2030.99000000,44.872533,3
1709096400,1709100000,2030.98000000,2031.79000000,2029.80000000,2030.88000000,44.549577,3
1709100000,1709103600,2030.87000000,2031.10000000,2029.80000000,2030.19000000,42.484057,3
1709103600,1709107200,2030.18000000,2031.06000000,2029.95000000,2030.94000000,45.444918,3
1709107200,1709110800,2030.90000000,2032.04000000,2028.60000000,2029.33000000,40.611762,3
1709110800,1709114400,2029.32000000,2029.34000000,2027.81000000,2028.06000000,37.246681,3
1709114400,1709118000,2028.03000000,2029.28000000,2026.61000000,2026.80000000,34.217383,3
1709118000,1709121600,2026.78000000,2027.34000000,2024.86000000,2024.90000000,30.225355,3
1709121600,1709125200,2024.92000000,2027.60000000,2024.47000000,2027.34000000,39.919341,3
1709125200,1709128800,2027.25000000,2027.89000000,2026.77000000,2027.25000000,39.700244,3
1709128800,1709132400,2027.20000000,2030.42000000,2026.90000000,2029.56000000,47.643153,3
1709132400,1709136000,2029.55000000,2036.10000000,2029.07000000,2035.81000000,62.164725,3
1709136000,1709139600,2035.84000000,2037.86000000,2031.05000000,2031.78000000,52.125502,3
1709139600,1709143200,2031.76000000,2034.06000000,2030.44000000,2031.79000000,52.146154,3
1709143200,1709146800,2031.80000000,2034.09000000,2031.74000000,2033.55000000,55.763010,3
1709146800,1709150400,2033.55000000,2035.60000000,2032.28000000,2033.78000000,56.228601,3
1709150400,1709154000,2033.79000000,2034.83000000,2031.44000000,2031.53000000,50.616208,3
1709154000,1709157600,2031.52000000,2032.35000000,2030.83000000,2032.16000000,52.059119,3
1709157600,1709161200,2032.18000000,2034.20000000,2032.08000000,2033.76000000,55.606733,3
1709161200,1709164800,2033.78000000,2035.26000000,2033.06000000,2034.38000000,56.936561,3
1709168400,1709172000,2035.04000000,2035.54000000,2034.33000000,2034.65000000,57.533163,4
1709172000,1709175600,2034.68000000,2035.54000000,2033.93000000,2034.14000000,55.956221,4
1709175600,1709179200,2034.13000000,2036.50000000,2034.13000000,2036.44000000,61.130489,4
1709179200,1709182800,2036.44000000,2037.05000000,2035.46000000,2036.53000000,61.321971,4
1709182800,1709186400,2036.54000000,2036.74000000,2035.20000000,2036.55000000,61.367516,4
1709186400,1709190000,2036.49000000,2036.49000000,2035.08000000,2035.17000000,56.429846,4
1709190000,1709193600,2035.20000000,2035.92000000,2034.42000000,2035.59000000,57.549343,4
1709193600,1709197200,2035.60000000,2037.03000000,2035.49000000,2036.84000000,60.779284,4
1709197200,1709200800,2036.77000000,2037.80000000,2035.94000000,2037.30000000,61.927322,4
1709200800,1709204400,2037.20000000,2037.42000000,2035.48000000,2037.19000000,61.464002,4
1709204400,1709208000,2037.30000000,2037.42000000,2034.00000000,2034.55000000,51.504458,4
1709208000,1709211600,2034.54000000,2034.80000000,2030.47000000,2030.77000000,41.208287,4
1709211600,1709215200,2030.73000000,2031.78000000,2028.83000000,2030.28000000,40.089492,4
1709215200,1709218800,2030.26000000,2030.60000000,2028.06000000,2030.22000000,39.946476,4
1709218800,1709222400,2030.24000000,2048.67000000,2030.21000000,2047.64000000,71.611427,4
1709222400,1709226000,2047.64000000,2050.26000000,2045.90000000,2047.77000000,71.731218,4
1709226000,1709229600,2047.99000000,2050.72000000,2046.46000000,2048.12000000,72.072898,4
1709229600,1709233200,2048.19000000,2048.36000000,2043.70000000,2044.91000000,64.386413,4
1709233200,1709236800,2044.87000000,2045.97000000,2043.29000000,2045.65000000,65.305028,4
1709236800,1709240400,2045.58000000,2046.76000000,2045.00000000,2046.28000000,66.106572,4
1709240400,1709244000,2046.29000000,2046.85000000,2044.02000000,2044.44000000,61.628375,4
1709244000,1709247600,2044.42000000,2045.46000000,2043.74000000,2044.01000000,60.595298,4
1709247600,1709251200,2044.10000000,2044.23000000,2042.88000000,2044.14000000,60.809191,4
1709254800,1709258400,2044.15000000,2044.32000000,2043.07000000,2044.30000000,61.089140,5
1709258400,1709262000,2044.27000000,2044.29000000,2042.84000000,2043.70000000,59.376270,5
1709262000,1709265600,2043.73000000,2044.69000000,2043.02000000,2044.33000000,60.624684,5
1709265600,1709269200,2044.32000000,2045.85000000,2044.07000000,2045.41000000,62.738683,5
1709269200,1709272800,2045.40000000,2046.83000000,2045.30000000,2046.53000000,64.846479,5
1709272800,1709276400,2046.50000000,2046.55000000,2045.22000000,2045.48000000,61.343062,5
1709276400,1709280000,2045.49000000,2045.66000000,2043.41000000,2045.03000000,59.850672,5
1709280000,1709283600,2045.04000000,2048.10000000,2044.86000000,2046.74000000,63.486008,5
1709283600,1709287200,2046.73000000,2048.79000000,2045.21000000,2045.36000000,58.854588,5
1709287200,1709290800,2045.42000000,2045.62000000,2039.02000000,2039.80000000,44.704285,5
1709290800,1709294400,2039.78000000,2047.50000000,2039.40000000,2046.41000000,57.719168,5
1709294400,1709298000,2046.35000000,2055.10000000,2045.92000000,2054.85000000,68.057372,5
1709298000,1709301600,2054.86000000,2057.45000000,2053.88000000,2055.40000000,68.596247,5
1709301600,1709305200,2055.38000000,2057.04000000,2052.20000000,2052.39000000,62.392705,5
1709305200,1709308800,2052.42000000,2054.48000000,2050.08000000,2051.63000000,60.895248,5
1709308800,1709312400,2051.61000000,2056.62000000,2045.54000000,2046.40000000,51.699629,5
1709312400,1709316000,2047.19000000,2070.93000000,2047.19000000,2069.26000000,71.767630,5
1709316000,1709319600,2069.29000000,2081.97000000,2069.25000000,2081.12000000,77.086687,5
1709319600,1709323200,2081.13000000,2085.66000000,2079.96000000,2084.80000000,78.443775,5
1709323200,1709326800,2084.79000000,2088.30000000,2082.24000000,2085.66000000,78.760368,5
1709326800,1709330400,2085.68000000,2086.68000000,2084.75000000,2085.23000000,78.142393,5
1709330400,1709334000,2085.22000000,2085.33000000,2083.07000000,2083.48000000,75.544506,5
1709334000,1709337600,2083.47000000,2083.99000000,2082.84000000,2082.85000000,74.583199,5
1709514000,1709517600,2082.63000000,2086.24000000,2082.08000000,2083.54000000,74.959039,1
1709517600,1709521200,2083.56000000,2084.38000000,2082.25000000,2082.63000000,73.417137,1
1709521200,1709524800,2082.59000000,2082.92000000,2079.41000000,2080.20000000,69.316789,1
1709524800,1709528400,2080.17000000,2083.46000000,2079.84000000,2081.52000000,70.287554,1
1709528400,1709532000,2081.46000000,2081.94000000,2080.34000000,2081.42000000,70.106594,1
1709532000,1709535600,2081.41000000,2081.53000000,2080.26000000,2080.78000000,68.884262,1
1709535600,1709539200,2080.70000000,2082.27000000,2080.48000000,2081.52000000,69.545441,1
1709539200,1709542800,2081.53000000,2083.88000000,2080.94000000,2083.51000000,71.310916,1
1709542800,1709546400,2083.54000000,2088.24000000,2083.54000000,2087.40000000,74.431243,1
1709546400,1709550000,2087.37000000,2087.50000000,2083.46000000,2083.86000000,67.261728,1
1709550000,1709553600,2083.88000000,2086.12000000,2083.21000000,2085.14000000,68.445288,1
1709553600,1709557200,2085.12000000,2085.76000000,2082.63000000,2083.90000000,65.957601,1
1709557200,1709560800,2083.89000000,2084.56000000,2081.84000000,2082.11000000,62.430139,1
1709560800,1709564400,2082.08000000,2083.42000000,2081.83000000,2082.58000000,62.989830,1
1709564400,1709568000,2082.57000000,2093.18000000,2081.16000000,2091.60000000,71.702480,1
1709568000,1709571600,2091.66000000,2101.41000000,2090.52000000,2100.77000000,77.501241,1
1709571600,1709575200,2100.68000000,2109.34000000,2097.58000000,2108.99000000,81.216939,1
1709575200,1709578800,2108.98000000,2119.88000000,2107.68000000,2119.25000000,84.629176,1
1709578800,1709582400,2119.28000000,2119.74000000,2113.93000000,2116.46000000,80.354301,1
1709582400,1709586000,2116.45000000,2118.04000000,2113.53000000,2115.30000000,78.577094,1
1709586000,1709589600,2115.30000000,2117.28000000,2113.30000000,2116.30000000,79.008124,1
1709589600,1709593200,2116.31000000,2118.51000000,2115.41000000,2116.66000000,79.170601,1
1709593200,1709596800,2116.65000000,2117.28000000,2114.21000000,2114.29000000,75.052143,1
1709600400,1709604000,2114.59000000,2115.84000000,2113.66000000,2114.61000000,75.239435,2
1709604000,1709607600,2114.60000000,2115.89000000,2114.16000000,2115.48000000,75.771980,2
1709607600,1709611200,2115.50000000,2116.82000000,2110.46000000,2112.65000000,70.463028,2
1709611200,1709614800,2112.62000000,2113.28000000,2111.36000000,2112.32000000,69.848461,2
1709614800,1709618400,2112.26000000,2113.96000000,2111.20000000,2112.98000000,70.404428,2
1709618400,1709622000,2113.00000000,2115.92000000,2112.62000000,2115.89000000,72.787020,2
1709622000,1709625600,2115.84000000,2119.72000000,2115.29000000,2119.28000000,75.283360,2
1709625600,1709629200,2119.34000000,2119.56000000,2115.22000000,2117.32000000,71.215702,2
1709629200,1709632800,2117.28000000,2117.78000000,2113.93000000,2114.44000000,65.606353,2
1709632800,1709636400,2114.45000000,2123.40000000,2114.45000000,2120.66000000,70.931607,2
1709636400,1709640000,2120.68000000,2125.34000000,2119.02000000,2124.48000000,73.631830,2
1709640000,1709643600,2124.49000000,2127.36000000,2123.32000000,2123.67000000,72.102383,2
1709643600,1709647200,2123.68000000,2127.15000000,2122.62000000,2124.44000000,72.683265,2
1709647200,1709650800,2124.45000000,2125.26000000,2121.18000000,2124.39000000,72.577586,2
1709650800,1709654400,2124.48000000,2141.78000000,2122.36000000,2127.70000000,75.153122,2
1709654400,1709658000,2127.83000000,2133.20000000,2124.28000000,2128.16000000,75.497541,2
1709658000,1709661600,2128.68000000,2139.50000000,2123.80000000,2126.60000000,71.859640,2
1709661600,1709665200,2126.66000000,2128.76000000,2123.62000000,2128.34000000,73.399285,2
1709665200,1709668800,2128.34000000,2130.99000000,2127.58000000,2130.90000000,75.521329,2
1709668800,1709672400,2130.91000000,2133.58000000,2129.61000000,2130.72000000,75.067876,2
1709672400,1709676000,2130.77000000,2134.76000000,2129.56000000,2129.60000000,72.164415,2
1709676000,1709679600,2129.59000000,2130.92000000,2128.50000000,2129.65000000,72.216079,2
1709679600,1709683200,2129.56000000,2130.06000000,2127.09000000,2127.82000000,67.293100,2
1709686800,1709690400,2128.09000000,2128.47000000,2127.02000000,2128.07000000,67.617868,3
1709690400,1709694000,2128.08000000,2128.14000000,2126.12000000,2126.87000000,64.316586,3
1709694000,1709697600,2126.86000000,2127.96000000,2125.10000000,2125.44000000,60.524387,3
1709697600,1709701200,2125.47000000,2126.82000000,2123.86000000,2126.37000000,62.089893,3
1709701200,1709704800,2126.38000000,2126.60000000,2123.70000000,2124.79000000,57.889550,3
1709704800,1709708400,2124.80000000,2126.33000000,2124.79000000,2126.16000000,60.391618,3
1709708400,1709712000,2126.17000000,2127.96000000,2125.18000000,2125.29000000,58.033469,3
1709712000,1709715600,2125.32000000,2127.56000000,2124.96000000,2127.30000000,61.749608,3
1709715600,1709719200,2127.35000000,2131.51000000,2127.08000000,2128.47000000,63.761188,3
1709719200,1709722800,2128.46000000,2129.22000000,2124.30000000,2125.04000000,54.682149,3
1709722800,1709726400,2125.02000000,2129.78000000,2124.76000000,2128.66000000,60.994716,3
1709726400,1709730000,2128.64000000,2128.68000000,2124.64000000,2125.62000000,54.170549,3
1709730000,1709733600,2125.63000000,2132.58000000,2125.56000000,2132.54000000,64.034676,3
1709733600,1709737200,2132.65000000,2135.04000000,2131.08000000,2134.22000000,65.950738,3
1709737200,1709740800,2134.23000000,2139.65000000,2131.48000000,2139.43000000,71.093880,3
1709740800,1709744400,2139.44000000,2149.21000000,2135.67000000,2144.66000000,75.151486,3
1709744400,1709748000,2144.58000000,2145.56000000,2131.95000000,2140.96000000,67.890829,3
1709748000,1709751600,2140.95000000,2149.85000000,2140.46000000,2148.22000000,73.334664,3
1709751600,1709755200,2148.28000000,2150.00000000,2141.94000000,2144.79000000,67.511046,3
1709755200,1709758800,2144.78000000,2152.18000000,2144.03000000,2147.25000000,69.388600,3
1709758800,1709762400,2147.25000000,2147.50000000,2139.40000000,2144.38000000,64.691443,3
1709762400,1709766000,2144.34000000,2147.20000000,2143.18000000,2146.69000000,66.648388,3
1709766000,1709769600,2146.58000000,2149.24000000,2144.50000000,2148.01000000,67.748398,3
1709773200,1709776800,2149.03000000,2151.39000000,2146.18000000,2147.36000000,66.583809,4
1709776800,1709780400,2147.41000000,2149.67000000,2147.37000000,2148.92000000,68.005310,4
1709780400,1709784000,2148.96000000,2149.02000000,2144.16000000,2146.22000000,63.009349,4
1709784000,1709787600,2146.19000000,2152.12000000,2145.66000000,2150.73000000,67.327133,4
1709787600,1709791200,2150.65000000,2152.41000000,2149.68000000,2151.74000000,68.221733,4
1709791200,1709794800,2151.70000000,2161.48000000,2151.70000000,2158.28000000,73.316510,4
1709794800,1709798400,2158.26000000,2158.73000000,2154.42000000,2154.42000000,66.536233,4
1709798400,1709802000,2154.40000000,2156.54000000,2151.56000000,2155.46000000,67.410716,4
1709802000,1709805600,2155.55000000,2158.26000000,2152.24000000,2156.02000000,67.897189,4
1709805600,1709809200,2156.12000000,2159.80000000,2154.41000000,2155.25000000,66.428844,4
1709809200,1709812800,2155.24000000,2157.78000000,2154.34000000,2157.67000000,68.718514,4
1709812800,1709816400,2157.68000000,2158.89000000,2156.12000000,2157.60000000,68.572826,4
1709816400,1709820000,2157.68000000,2157.70000000,2153.24000000,2156.04000000,65.252645,4
1709820000,1709823600,2156.06000000,2158.80000000,2153.98000000,2158.40000000,67.793204,4
1709823600,1709827200,2158.38000000,2164.68000000,2157.34000000,2159.54000000,68.973309,4
1709827200,1709830800,2159.53000000,2159.77000000,2147.92000000,2153.98000000,57.841470,4
1709830800,1709834400,2153.97000000,2157.70000000,2151.74000000,2153.68000000,57.304064,4
1709834400,1709838000,2153.70000000,2158.54000000,2149.26000000,2156.20000000,60.614347,4
1709838000,1709841600,2156.21000000,2158.80000000,2155.26000000,2158.24000000,63.107941,4
1709841600,1709845200,2158.32000000,2159.24000000,2156.08000000,2157.10000000,60.791661,4
1709845200,1709848800,2157.12000000,2160.83000000,2156.12000000,2159.98000000,64.351428,4
1709848800,1709852400,2160.00000000,2160.42000000,2157.97000000,2158.75000000,61.771950,4
1709852400,1709856000,2158.72000000,2159.99000000,2158.32000000,2159.84000000,63.180454,4
1709859600,1709863200,2159.97000000,2162.56000000,2158.80000000,2161.94000000,65.795261,5
1709863200,1709866800,2161.95000000,2163.58000000,2159.73000000,2160.87000000,63.327502,5
1709866800,1709870400,2160.90000000,2161.78000000,2157.70000000,2157.83000000,56.808301,5
1709870400,1709874000,2157.78000000,2158.41000000,2154.98000000,2155.36000000,52.114063,5
1709874000,1709877600,2155.42000000,2158.76000000,2153.98000000,2157.62000000,55.719531,5
1709877600,1709881200,2157.60000000,2159.29000000,2156.34000000,2157.68000000,55.814648,5
1709881200,1709884800,2157.72000000,2158.40000000,2156.43000000,2157.72000000,55.882686,5
1709884800,1709888400,2157.80000000,2162.01000000,2156.48000000,2161.20000000,61.445006,5
1709888400,1709892000,2161.18000000,2161.89000000,2159.04000000,2161.31000000,61.609772,5
1709892000,1709895600,2161.30000000,2168.70000000,2161.12000000,2165.12000000,66.887993,5
1709895600,1709899200,2165.16000000,2171.02000000,2164.62000000,2169.06000000,71.284776,5
1709899200,1709902800,2169.08000000,2170.52000000,2166.61000000,2168.44000000,69.715996,5
1709902800,1709906400,2168.42000000,2169.62000000,2166.30000000,2168.28000000,69.292194,5
1709906400,1709910000,2168.34000000,2169.25000000,2165.94000000,2165.94000000,63.237586,5
1709910000,1709913600,2165.93000000,2185.38000000,2156.55000000,2171.14000000,69.595465,5
1709913600,1709917200,2171.14000000,2174.66000000,2163.75000000,2170.84000000,68.855604,5
1709917200,1709920800,2170.72000000,2177.40000000,2167.84000000,2177.20000000,74.938346,5
1709920800,1709924400,2177.18000000,2180.90000000,2172.28000000,2180.70000000,77.538258,5
1709924400,1709928000,2180.70000000,2195.14000000,2180.66000000,2184.92000000,80.204743,5
1709928000,1709931600,2184.84000000,2185.00000000,2173.85000000,2174.32000000,60.709440,5
1709931600,1709935200,2174.35000000,2177.82000000,2168.27000000,2176.36000000,62.593877,5
1709935200,1709938800,2176.42000000,2178.12000000,2175.70000000,2177.23000000,63.400085,5
1709938800,1709942400,2177.20000000,2179.20000000,2176.82000000,2179.01000000,65.059369,5
1710118800,1710122400,2179.44000000,2181.53000000,2177.20000000,2177.20000000,61.982203,1
1710122400,1710126000,2177.28000000,2183.84000000,2177.28000000,2181.62000000,66.187931,1
1710126000,1710129600,2181.67000000,2188.98000000,2179.40000000,2186.64000000,70.217688,1
1710129600,1710133200,2186.65000000,2186.74000000,2178.94000000,2180.22000000,60.317051,1
1710133200,1710136800,2180.26000000,2180.38000000,2176.84000000,2177.40000000,56.545553,1
1710136800,1710140400,2177.38000000,2180.32000000,2176.98000000,2179.46000000,58.582861,1
1710140400,1710144000,2179.48000000,2181.45000000,2179.48000000,2180.70000000,59.804489,1
1710144000,1710147600,2180.69000000,2181.64000000,2176.83000000,2178.00000000,55.935702,1
1710147600,1710151200,2178.12000000,2179.96000000,2177.26000000,2179.47000000,57.545970,1
1710151200,1710154800,2179.45000000,2182.73000000,2177.96000000,2182.24000000,60.476926,1
1710154800,1710158400,2182.26000000,2183.06000000,2176.70000000,2177.38000000,53.498278,1
1710158400,1710162000,2177.32000000,2181.53000000,2175.92000000,2180.51000000,56.944204,1
1710162000,1710165600,2180.49000000,2180.74000000,2176.86000000,2177.67000000,53.099309,1
1710165600,1710169200,2177.66000000,2179.53000000,2176.39000000,2178.92000000,54.553793,1
1710169200,1710172800,2178.94000000,2180.66000000,2176.42000000,2177.13000000,52.063827,1
1710172800,1710176400,2177.14000000,2185.06000000,2174.84000000,2181.73000000,57.439850,1
1710176400,1710180000,2181.63000000,2183.25000000,2175.65000000,2181.93000000,57.662173,1
1710180000,1710183600,2181.91000000,2185.67000000,2180.04000000,2184.31000000,60.318604,1
1710183600,1710187200,2184.30000000,2184.65000000,2178.55000000,2180.79000000,54.838302,1
1710187200,1710190800,2180.85000000,2184.10000000,2178.24000000,2179.63000000,53.125313,1
1710190800,1710194400,2179.70000000,2180.89000000,2177.18000000,2180.84000000,54.714383,1
1710194400,1710198000,2180.78000000,2184.13000000,2180.64000000,2181.35000000,55.400665,1
1710198000,1710201600,2181.29000000,2182.91000000,2181.06000000,2182.64000000,57.168766,1
1710205200,1710208800,2182.81000000,2184.74000000,2180.76000000,2181.20000000,54.568155,2
1710208800,1710212400,2181.21000000,2183.73000000,2181.15000000,2183.63000000,58.037197,2
1710212400,1710216000,2183.64000000,2184.50000000,2180.22000000,2180.52000000,52.510863,2
1710216000,1710219600,2180.49000000,2183.09000000,2179.98000000,2182.74000000,55.749944,2
1710219600,1710223200,2182.74000000,2182.82000000,2178.68000000,2179.10000000,49.757313,2
1710223200,1710226800,2179.06000000,2179.06000000,2176.79000000,2177.46000000,47.290835,2
1710226800,1710230400,2177.44000000,2179.21000000,2177.22000000,2178.21000000,48.546962,2
1710230400,1710234000,2178.24000000,2179.16000000,2174.17000000,2176.14000000,45.335661,2
1710234000,1710237600,2176.13000000,2177.14000000,2173.64000000,2175.36000000,44.150536,2
1710237600,1710241200,2175.37000000,2177.40000000,2174.76000000,2176.96000000,47.199631,2
1710241200,1710244800,2176.92000000,2178.50000000,2176.01000000,2177.78000000,48.744084,2
1710244800,1710248400,2177.76000000,2179.05000000,2176.34000000,2176.94000000,47.220323,2
1710248400,1710252000,2176.98000000,2177.58000000,2175.38000000,2176.45000000,46.310873,2
1710252000,1710255600,2176.44000000,2176.53000000,2170.56000000,2171.88000000,38.804399,2
1710255600,1710259200,2171.88000000,2182.00000000,2160.15000000,2169.76000000,35.897552,2
1710259200,1710262800,2169.82000000,2169.88000000,2156.15000000,2160.38000000,26.454820,2
1710262800,1710266400,2160.43000000,2166.42000000,2152.60000000,2162.04000000,29.965835,2
1710266400,1710270000,2162.03000000,2164.92000000,2157.56000000,2162.99000000,31.967517,2
1710270000,1710273600,2162.98000000,2166.45000000,2161.46000000,2165.73000000,37.514724,2
1710273600,1710277200,2165.69000000,2165.69000000,2154.76000000,2154.97000000,27.895523,2
1710277200,1710280800,2154.96000000,2156.54000000,2152.94000000,2153.51000000,26.888076,2
1710280800,1710284400,2153.49000000,2157.37000000,2150.58000000,2157.35000000,33.672946,2
1710284400,1710288000,2157.34000000,2158.95000000,2156.14000000,2158.30000000,35.273292,2
1710291600,1710295200,2158.10000000,2161.41000000,2156.12000000,2158.76000000,36.077550,3
1710295200,1710298800,2158.77000000,2159.20000000,2155.76000000,2156.97000000,34.291950,3
1710298800,1710302400,2156.98000000,2160.52000000,2156.62000000,2159.30000000,38.555007,3
1710302400,1710306000,2159.31000000,2159.56000000,2157.34000000,2158.56000000,37.718033,3
1710306000,1710309600,2158.55000000,2161.58000000,2157.40000000,2160.36000000,41.069221,3
1710309600,1710313200,2160.40000000,2160.68000000,2157.44000000,2159.12000000,39.492744,3
1710313200,1710316800,2159.09000000,2159.66000000,2157.20000000,2159.32000000,39.893505,3
1710316800,1710320400,2159.22000000,2160.56000000,2158.66000000,2160.06000000,41.439019,3
1710320400,1710324000,2160.04000000,2161.52000000,2158.43000000,2159.42000000,40.469814,3
1710324000,1710327600,2159.41000000,2160.75000000,2158.50000000,2159.73000000,41.187349,3
1710327600,1710331200,2159.74000000,2161.08000000,2157.88000000,2158.17000000,38.661910,3
1710331200,1710334800,2158.16000000,2160.22000000,2157.52000000,2158.55000000,39.632905,3
1710334800,1710338400,2158.54000000,2163.64000000,2158.06000000,2163.39000000,50.402373,3
1710338400,1710342000,2163.38000000,2164.16000000,2161.56000000,2163.96000000,51.499740,3
1710342000,1710345600,2164.02000000,2166.31000000,2162.19000000,2163.55000000,50.631960,3
1710345600,1710349200,2163.57000000,2171.60000000,2161.41000000,2166.05000000,55.550257,3
1710349200,1710352800,2166.06000000,2169.75000000,2163.51000000,2168.94000000,60.454867,3
1710352800,1710356400,2168.91000000,2174.50000000,2168.22000000,2171.72000000,64.511406,3
1710356400,1710360000,2171.71000000,2174.68000000,2169.59000000,2173.64000000,67.027116,3
1710360000,1710363600,2173.63000000,2179.83000000,2173.23000000,2174.52000000,68.141818,3
1710363600,1710367200,2174.61000000,2176.53000000,2174.28000000,2174.84000000,68.558077,3
1710367200,1710370800,2174.83000000,2175.52000000,2171.74000000,2172.57000000,62.335919,3
1710370800,1710374400,2172.58000000,2175.20000000,2172.36000000,2174.31000000,64.960997,3
1710378000,1710381600,2174.77000000,2175.46000000,2174.01000000,2174.68000000,65.511458,4
1710381600,1710385200,2174.64000000,2176.18000000,2174.64000000,2175.44000000,66.669730,4
1710385200,1710388800,2175.41000000,2176.56000000,2173.99000000,2176.25000000,67.906829,4
1710388800,1710392400,2176.31000000,2176.96000000,2173.20000000,2174.70000000,63.081789,4
1710392400,1710396000,2174.78000000,2175.42000000,2172.59000000,2172.76000000,57.568310,4
1710396000,1710399600,2172.72000000,2174.06000000,2171.12000000,2172.24000000,56.151635,4
1710399600,1710403200,2172.25000000,2172.47000000,2170.99000000,2171.71000000,54.674802,4
1710403200,1710406800,2171.70000000,2171.91000000,2168.66000000,2168.83000000,47.382157,4
1710406800,1710410400,2168.92000000,2170.18000000,2167.42000000,2168.69000000,47.053600,4
1710410400,1710414000,2168.68000000,2169.04000000,2167.47000000,2168.68000000,47.028515,4
1710414000,1710417600,2168.65000000,2170.04000000,2168.12000000,2169.55000000,49.548507,4
1710417600,1710421200,2169.53000000,2171.99000000,2167.88000000,2170.03000000,50.935366,4
1710421200,1710424800,2170.06000000,2170.87000000,2168.00000000,2170.58000000,52.545068,4
1710424800,1710428400,2170.54000000,2170.81000000,2167.18000000,2168.49000000,46.325434,4
1710428400,1710432000,2168.50000000,2170.38000000,2160.44000000,2162.78000000,34.359343,4
1710432000,1710435600,2162.76000000,2167.22000000,2158.54000000,2162.53000000,33.945907,4
1710435600,1710439200,2162.38000000,2163.80000000,2157.68000000,2161.98000000,33.004991,4
1710439200,1710442800,2161.99000000,2162.22000000,2152.76000000,2157.21000000,26.217675,4
1710442800,1710446400,2157.20000000,2160.26000000,2156.70000000,2158.66000000,30.871498,4
1710446400,1710450000,2158.52000000,2165.02000000,2158.05000000,2160.22000000,35.579362,4
1710450000,1710453600,2160.23000000,2162.36000000,2160.23000000,2161.38000000,38.910927,4
1710453600,1710457200,2161.41000000,2163.46000000,2160.63000000,2163.43000000,44.384830,4
1710457200,1710460800,2163.42000000,2163.80000000,2161.69000000,2162.15000000,41.862513,4
1710464400,1710468000,2161.98000000,2162.38000000,2161.48000000,2161.52000000,40.638412,5
1710468000,1710471600,2161.51000000,2162.12000000,2160.85000000,2161.58000000,40.815910,5
1710471600,1710475200,2161.59000000,2163.10000000,2160.56000000,2162.70000000,44.171683,5
1710475200,1710478800,2162.66000000,2165.94000000,2162.36000000,2162.71000000,44.202104,5
1710478800,1710482400,2162.72000000,2162.98000000,2161.66000000,2162.34000000,43.262774,5
1710482400,1710486000,2162.35000000,2164.82000000,2161.76000000,2164.60000000,50.221203,5
1710486000,1710489600,2164.61000000,2165.44000000,2163.86000000,2164.50000000,49.929410,5
1710489600,1710493200,2164.49000000,2169.25000000,2163.56000000,2169.10000000,61.120090,5
1710493200,1710496800,2169.16000000,2170.04000000,2167.16000000,2168.92000000,60.549812,5
1710496800,1710500400,2168.83000000,2169.95000000,2166.69000000,2167.00000000,54.688299,5
1710500400,1710504000,2167.02000000,2169.36000000,2165.30000000,2169.04000000,59.206837,5
1710504000,1710507600,2169.06000000,2172.69000000,2167.50000000,2171.83000000,64.431013,5
1710507600,1710511200,2171.82000000,2172.64000000,2168.66000000,2169.27000000,57.193379,5
1710511200,1710514800,2169.26000000,2169.33000000,2166.16000000,2166.94000000,51.520749,5
1710514800,1710518400,2166.95000000,2167.30000000,2157.56000000,2161.78000000,41.665020,5
1710518400,1710522000,2161.80000000,2163.32000000,2156.48000000,2160.32000000,39.370133,5
1710522000,1710525600,2160.27000000,2166.65000000,2159.15000000,2164.29000000,47.791010,5
1710525600,1710529200,2164.27000000,2164.30000000,2158.12000000,2159.99000000,41.127994,5
1710529200,1710532800,2159.98000000,2163.44000000,2157.90000000,2158.77000000,39.447562,5
1710532800,1710536400,2158.89000000,2160.59000000,2155.15000000,2156.78000000,36.805891,5
1710536400,1710540000,2156.77000000,2160.30000000,2156.55000000,2159.25000000,41.997849,5
1710540000,1710543600,2159.26000000,2159.42000000,2156.33000000,2156.91000000,38.749765,5
1710543600,1710547200,2157.14000000,2158.30000000,2155.44000000,2155.84000000,37.328127,5
1710723600,1710727200,2156.02000000,2156.03000000,2152.02000000,2154.92000000,36.101715,1
1710727200,1710730800,2154.82000000,2156.88000000,2153.89000000,2156.52000000,39.805726,1
1710730800,1710734400,2156.54000000,2157.48000000,2154.98000000,2156.59000000,39.969678,1
1710734400,1710738000,2156.57000000,2156.60000000,2150.18000000,2152.26000000,33.831289,1
1710738000,1710741600,2152.28000000,2153.50000000,2146.56000000,2147.87000000,28.973046,1
1710741600,1710745200,2147.86000000,2148.08000000,2146.08000000,2146.74000000,27.863870,1
1710745200,1710748800,2146.72000000,2148.29000000,2146.13000000,2147.33000000,29.383956,1
1710748800,1710752400,2147.25000000,2148.30000000,2146.08000000,2147.04000000,29.059811,1
1710752400,1710756000,2147.06000000,2149.14000000,2146.74000000,2148.08000000,31.958634,1
1710756000,1710759600,2148.04000000,2152.22000000,2147.29000000,2152.16000000,41.975899,1
1710759600,1710763200,2152.18000000,2154.44000000,2150.17000000,2153.52000000,44.888505,1
1710763200,1710766800,2153.50000000,2155.86000000,2153.36000000,2154.82000000,47.596351,1
1710766800,1710770400,2154.90000000,2158.46000000,2154.62000000,2158.18000000,53.900911,1
1710770400,1710774000,2158.15000000,2161.24000000,2158.15000000,2161.02000000,58.450978,1
1710774000,1710777600,2161.03000000,2163.58000000,2158.24000000,2159.09000000,54.513204,1
1710777600,1710781200,2159.09000000,2161.04000000,2155.50000000,2156.75000000,50.105731,1
1710781200,1710784800,2156.73000000,2160.77000000,2156.67000000,2158.44000000,53.057675,1
1710784800,1710788400,2158.34000000,2161.28000000,2156.97000000,2158.36000000,52.898129,1
1710788400,1710792000,2158.37000000,2160.74000000,2154.56000000,2159.92000000,55.695830,1
1710792000,1710795600,2159.93000000,2161.12000000,2158.08000000,2159.95000000,55.750262,1
1710795600,1710799200,2159.86000000,2160.65000000,2159.12000000,2159.36000000,54.336369,1
1710799200,1710802800,2159.44000000,2160.96000000,2159.32000000,2160.15000000,55.947390,1
1710802800,1710806400,2160.19000000,2160.34000000,2159.38000000,2160.31000000,56.283786,1
1710810000,1710813600,2160.67000000,2162.58000000,2160.07000000,2161.22000000,58.237117,2
1710813600,1710817200,2161.30000000,2162.22000000,2160.43000000,2162.11000000,60.114205,2
1710817200,1710820800,2162.15000000,2162.85000000,2160.52000000,2160.64000000,55.663993,2
1710820800,1710824400,2160.58000000,2162.23000000,2158.52000000,2160.46000000,55.125849,2
1710824400,1710828000,2160.47000000,2162.75000000,2159.94000000,2160.82000000,56.041194,2
1710828000,1710831600,2160.79000000,2162.38000000,2159.82000000,2161.54000000,57.891213,2
1710831600,1710835200,2161.52000000,2162.14000000,2159.62000000,2160.26000000,53.574525,2
1710835200,1710838800,2160.28000000,2160.47000000,2157.04000000,2157.60000000,45.912775,2
1710838800,1710842400,2157.62000000,2157.76000000,2154.01000000,2156.72000000,43.686872,2
1710842400,1710846000,2156.73000000,2157.19000000,2154.14000000,2155.77000000,41.355906,2
1710846000,1710849600,2155.78000000,2155.91000000,2147.12000000,2153.06000000,35.531763,2
1710849600,1710853200,2153.08000000,2154.50000000,2151.61000000,2153.16000000,35.890546,2
1710853200,1710856800,2153.18000000,2156.32000000,2152.43000000,2154.12000000,39.378485,2
1710856800,1710860400,2154.03000000,2156.68000000,2153.73000000,2155.60000000,44.400658,2
1710860400,1710864000,2155.62000000,2158.65000000,2150.82000000,2156.92000000,48.498731,2
1710864000,1710867600,2156.91000000,2158.67000000,2150.40000000,2151.24000000,36.150951,2
1710867600,1710871200,2151.20000000,2155.35000000,2148.37000000,2154.88000000,45.693195,2
1710871200,1710874800,2154.78000000,2155.60000000,2150.70000000,2154.25000000,44.454857,2
1710874800,1710878400,2154.32000000,2156.00000000,2153.06000000,2154.51000000,45.115933,2
1710878400,1710882000,2154.52000000,2157.34000000,2154.32000000,2156.89000000,50.879084,2
1710882000,1710885600,2156.89000000,2157.70000000,2155.48000000,2156.82000000,50.710422,2
1710885600,1710889200,2156.79000000,2157.92000000,2156.24000000,2157.76000000,52.965237,2
1710889200,1710892800,2157.78000000,2158.46000000,2157.27000000,2157.43000000,52.064764,2
1710896400,1710900000,2158.30000000,2159.64000000,2157.43000000,2158.67000000,55.150306,3
1710900000,1710903600,2158.65000000,2158.71000000,2156.94000000,2157.04000000,50.544545,3
1710903600,1710907200,2157.05000000,2157.44000000,2155.19000000,2157.13000000,50.788919,3
1710907200,1710910800,2157.15000000,2160.02000000,2156.62000000,2158.67000000,54.895883,3
1710910800,1710914400,2158.59000000,2159.71000000,2157.18000000,2158.97000000,55.671990,3
1710914400,1710918000,2158.88000000,2159.86000000,2158.39000000,2159.82000000,57.883263,3
1710918000,1710921600,2159.92000000,2160.20000000,2156.85000000,2156.85000000,48.735201,3
1710921600,1710925200,2156.86000000,2158.26000000,2156.53000000,2157.42000000,50.356784,3
1710925200,1710928800,2157.36000000,2158.20000000,2156.44000000,2156.98000000,49.066552,3
1710928800,1710932400,2156.96000000,2159.45000000,2156.84000000,2158.11000000,52.437014,3
1710932400,1710936000,2158.09000000,2158.33000000,2154.50000000,2156.10000000,46.537795,3
1710936000,1710939600,2156.09000000,2156.12000000,2153.11000000,2154.63000000,42.749903,3
1710939600,1710943200,2154.62000000,2154.84000000,2152.36000000,2154.32000000,41.974011,3
1710943200,1710946800,2154.31000000,2155.10000000,2152.22000000,2153.94000000,40.991877,3
1710946800,1710950400,2153.95000000,2155.23000000,2149.56000000,2153.15000000,38.951357,3
1710950400,1710954000,2153.19000000,2158.64000000,2150.48000000,2157.91000000,53.856034,3
1710954000,1710957600,2157.89000000,2164.88000000,2155.64000000,2157.06000000,51.440844,3
1710957600,1710961200,2156.97000000,2158.64000000,2154.65000000,2155.85000000,48.131817,3
1710961200,1710964800,2155.86000000,2158.66000000,2155.56000000,2157.68000000,53.050754,3
1710964800,1710968400,2157.69000000,2159.64000000,2156.63000000,2157.50000000,52.523127,3
1710968400,1710972000,2158.16000000,2183.74000000,2157.49000000,2182.02000000,80.692944,3
1710972000,1710975600,2182.26000000,2188.80000000,2178.46000000,2182.82000000,81.087230,3
1710975600,1710979200,2182.94000000,2187.22000000,2182.82000000,2186.14000000,82.669027,3
1710982800,1710986400,2186.97000000,2223.08000000,2186.70000000,2200.84000000,87.610151,4
1710986400,1710990000,2200.85000000,2206.32000000,2196.47000000,2203.94000000,88.363594,4
1710990000,1710993600,2203.97000000,2203.99000000,2192.40000000,2198.98000000,79.982787,4
1710993600,1710997200,2198.96000000,2212.48000000,2197.94000000,2204.80000000,82.125096,4
1710997200,1711000800,2204.78000000,2206.36000000,2202.62000000,2203.43000000,79.955839,4
1711000800,1711004400,2203.42000000,2204.99000000,2201.72000000,2202.76000000,78.858795,4
1711004400,1711008000,2202.79000000,2204.06000000,2201.80000000,2203.27000000,79.093935,4
1711008000,1711011600,2203.28000000,2205.11000000,2201.84000000,2204.86000000,79.846524,4
1711011600,1711015200,2204.78000000,2209.51000000,2204.28000000,2207.15000000,80.912292,4
1711015200,1711018800,2207.07000000,2210.18000000,2206.38000000,2206.54000000,79.703178,4
1711018800,1711022400,2206.53000000,2206.62000000,2196.84000000,2201.52000000,70.381956,4
1711022400,1711026000,2201.56000000,2206.00000000,2199.89000000,2205.44000000,73.034000,4
1711026000,1711029600,2205.35000000,2211.72000000,2205.22000000,2207.68000000,74.442293,4
1711029600,1711033200,2207.69000000,2208.78000000,2205.35000000,2207.48000000,74.070341,4
1711033200,1711036800,2207.52000000,2208.83000000,2203.20000000,2207.68000000,74.209118,4
1711036800,1711040400,2207.69000000,2208.12000000,2191.68000000,2191.90000000,51.011203,4
1711040400,1711044000,2191.58000000,2191.94000000,2175.61000000,2176.62000000,38.470529,4
1711044000,1711047600,2176.60000000,2176.84000000,2166.34000000,2174.68000000,37.219440,4
1711047600,1711051200,2174.74000000,2180.32000000,2173.02000000,2179.91000000,42.635550,4
1711051200,1711054800,2179.93000000,2183.80000000,2178.54000000,2180.83000000,43.557985,4
1711054800,1711058400,2180.85000000,2183.97000000,2180.45000000,2182.84000000,45.615582,4
1711058400,1711062000,2182.82000000,2183.62000000,2180.32000000,2181.44000000,44.401434,4
1711062000,1711065600,2181.47000000,2182.44000000,2180.55000000,2181.21000000,44.193321,4
1711069200,1711072800,2181.52000000,2182.58000000,2181.02000000,2181.22000000,44.205566,5
1711072800,1711076400,2181.25000000,2181.82000000,2180.88000000,2181.78000000,44.934215,5
1711076400,1711080000,2181.73000000,2186.05000000,2181.02000000,2184.99000000,49.042297,5
1711080000,1711083600,2184.98000000,2185.89000000,2172.68000000,2173.46000000,38.059180,5
1711083600,1711087200,2173.48000000,2177.13000000,2171.78000000,2172.56000000,37.355926,5
1711087200,1711090800,2172.54000000,2176.18000000,2172.22000000,2173.77000000,38.988204,5
1711090800,1711094400,2173.76000000,2175.40000000,2173.19000000,2173.62000000,38.853050,5
1711094400,1711098000,2173.60000000,2175.78000000,2173.04000000,2174.28000000,39.841222,5
1711098000,1711101600,2174.22000000,2176.21000000,2169.87000000,2170.09000000,35.877238,5
1711101600,1711105200,2170.08000000,2170.38000000,2162.56000000,2168.38000000,34.374105,5
1711105200,1711108800,2168.35000000,2169.20000000,2164.92000000,2167.93000000,33.970753,5
1711108800,1711112400,2168.13000000,2170.10000000,2165.65000000,2166.63000000,32.774282,5
1711112400,1711116000,2166.64000000,2168.60000000,2165.87000000,2167.18000000,33.836033,5
1711116000,1711119600,2167.19000000,2168.10000000,2165.18000000,2166.06000000,32.703322,5
1711119600,1711123200,2166.09000000,2176.17000000,2165.80000000,2174.55000000,47.147146,5
1711123200,1711126800,2174.56000000,2180.11000000,2172.56000000,2178.07000000,51.769178,5
1711126800,1711130400,2178.08000000,2179.81000000,2171.20000000,2173.92000000,46.595509,5
1711130400,1711134000,2173.85000000,2173.85000000,2165.46000000,2166.12000000,38.755870,5
1711134000,1711137600,2166.01000000,2167.49000000,2161.62000000,2162.63000000,35.849502,5
1711137600,1711141200,2162.64000000,2164.91000000,2157.14000000,2159.20000000,33.213301,5
1711141200,1711144800,2159.15000000,2164.78000000,2158.79000000,2163.09000000,38.717243,5
1711144800,1711148400,2163.12000000,2165.16000000,2161.82000000,2163.96000000,39.909969,5
1711148400,1711152000,2164.00000000,2167.24000000,2163.58000000,2164.83000000,41.143588,5
1711328400,1711332000,2165.27000000,2167.79000000,2165.11000000,2166.43000000,43.443170,1
1711332000,1711335600,2166.32000000,2168.90000000,2165.93000000,2168.36000000,46.175044,1
1711335600,1711339200,2168.39000000,2169.42000000,2164.02000000,2165.52000000,42.891853,1
1711339200,1711342800,2165.57000000,2176.90000000,2163.95000000,2175.14000000,54.653628,1
1711342800,1711346400,2175.12000000,2178.32000000,2173.76000000,2175.16000000,54.674528,1
1711346400,1711350000,2175.14000000,2175.16000000,2170.04000000,2170.57000000,49.083207,1
1711350000,1711353600,2170.59000000,2171.68000000,2169.18000000,2169.42000000,47.765220,1
1711353600,1711357200,2169.44000000,2171.06000000,2167.77000000,2169.82000000,48.285381,1
1711357200,1711360800,2169.84000000,2170.58000000,2164.28000000,2165.46000000,43.231865,1
1711360800,1711364400,2165.44000000,2168.74000000,2163.54000000,2165.88000000,43.841599,1
1711364400,1711368000,2165.87000000,2168.96000000,2163.82000000,2165.66000000,43.577567,1
1711368000,1711371600,2165.67000000,2168.80000000,2164.30000000,2168.40000000,47.794521,1
1711371600,1711375200,2168.44000000,2171.10000000,2167.59000000,2168.42000000,47.825174,1
1711375200,1711378800,2168.38000000,2171.83000000,2167.93000000,2170.46000000,50.986414,1
1711378800,1711382400,2170.44000000,2177.00000000,2170.32000000,2174.52000000,56.619790,1
1711382400,1711386000,2174.51000000,2181.29000000,2173.00000000,2177.16000000,59.851167,1
1711386000,1711389600,2177.19000000,2180.43000000,2175.31000000,2177.80000000,60.617055,1
1711389600,1711393200,2177.82000000,2177.83000000,2174.93000000,2175.42000000,56.314799,1
1711393200,1711396800,2175.45000000,2177.85000000,2175.03000000,2175.79000000,56.827796,1
1711396800,1711400400,2175.81000000,2176.62000000,2174.22000000,2174.70000000,54.786691,1
1711400400,1711404000,2174.69000000,2174.69000000,2173.01000000,2173.20000000,52.017800,1
1711404000,1711407600,2173.24000000,2173.67000000,2170.71000000,2171.10000000,48.334786,1
1711407600,1711411200,2171.08000000,2172.24000000,2170.69000000,2171.72000000,49.472252,1
1711414800,1711418400,2172.20000000,2173.50000000,2171.52000000,2172.00000000,50.007550,2
1711418400,1711422000,2172.00000000,2173.32000000,2171.22000000,2172.92000000,51.813900,2
1711422000,1711425600,2172.91000000,2174.45000000,2172.32000000,2173.87000000,53.675262,2
1711425600,1711429200,2173.88000000,2174.38000000,2167.60000000,2169.39000000,44.872339,2
1711429200,1711432800,2169.38000000,2171.56000000,2169.20000000,2170.79000000,47.755872,2
1711432800,1711436400,2170.74000000,2172.47000000,2169.60000000,2170.30000000,46.832544,2
1711436400,1711440000,2170.33000000,2172.69000000,2170.08000000,2172.30000000,50.997107,2
1711440000,1711443600,2172.26000000,2173.36000000,2171.38000000,2172.86000000,52.127812,2
1711443600,1711447200,2172.82000000,2174.06000000,2170.48000000,2171.43000000,49.017449,2
1711447200,1711450800,2171.39000000,2174.24000000,2169.58000000,2172.99000000,52.357186,2
1711450800,1711454400,2172.99000000,2179.24000000,2171.54000000,2178.24000000,61.498146,2
1711454400,1711458000,2178.31000000,2195.22000000,2178.30000000,2190.89000000,74.295486,2
1711458000,1711461600,2190.88000000,2200.05000000,2190.74000000,2197.70000000,78.448447,2
1711461600,1711465200,2197.75000000,2199.04000000,2194.99000000,2196.45000000,76.020568,2
1711465200,1711468800,2196.46000000,2197.32000000,2186.62000000,2187.85000000,61.840217,2
1711468800,1711472400,2187.92000000,2192.87000000,2178.43000000,2183.06000000,55.617384,2
1711472400,1711476000,2183.09000000,2186.28000000,2179.10000000,2179.40000000,51.364256,2
1711476000,1711479600,2179.29000000,2181.66000000,2171.66000000,2174.28000000,46.058129,2
1711479600,1711483200,2174.32000000,2178.46000000,2174.26000000,2176.77000000,48.826812,2
1711483200,1711486800,2176.76000000,2179.18000000,2175.98000000,2176.78000000,48.838169,2
1711486800,1711490400,2176.79000000,2178.56000000,2175.96000000,2177.58000000,49.798080,2
1711490400,1711494000,2177.60000000,2178.17000000,2176.52000000,2177.90000000,50.200570,2
1711494000,1711497600,2177.94000000,2178.60000000,2174.68000000,2178.60000000,51.123704,2
1711501200,1711504800,2178.47000000,2179.50000000,2177.06000000,2178.40000000,50.833763,3
1711504800,1711508400,2178.42000000,2179.94000000,2178.18000000,2179.46000000,52.375389,3
1711508400,1711512000,2179.47000000,2180.19000000,2176.70000000,2177.44000000,49.208846,3
1711512000,1711515600,2177.45000000,2180.40000000,2173.42000000,2175.09000000,45.743929,3
1711515600,1711519200,2175.00000000,2177.69000000,2174.73000000,2175.99000000,47.275103,3
1711519200,1711522800,2175.94000000,2181.71000000,2175.69000000,2177.72000000,50.185299,3
1711522800,1711526400,2177.71000000,2180.06000000,2177.34000000,2178.36000000,51.257153,3
1711526400,1711530000,2178.36000000,2178.40000000,2175.70000000,2177.04000000,48.919198,3
1711530000,1711533600,2176.97000000,2180.04000000,2176.55000000,2177.64000000,50.034805,3
1711533600,1711537200,2177.60000000,2180.78000000,2176.96000000,2180.51000000,55.087638,3
1711537200,1711540800,2180.54000000,2182.66000000,2176.56000000,2177.34000000,49.172660,3
1711540800,1711544400,2177.32000000,2193.91000000,2176.52000000,2189.24000000,64.557567,3
1711544400,1711548000,2189.21000000,2194.51000000,2188.73000000,2193.79000000,68.485443,3
1711548000,1711551600,2193.78000000,2197.60000000,2187.24000000,2188.45000000,60.071199,3
1711551600,1711555200,2188.46000000,2189.31000000,2184.38000000,2186.11000000,56.779159,3
1711555200,1711558800,2186.08000000,2193.46000000,2183.49000000,2193.37000000,63.468349,3
1711558800,1711562400,2193.36000000,2195.18000000,2189.81000000,2193.46000000,63.543675,3
1711562400,1711566000,2193.44000000,2194.05000000,2188.38000000,2190.44000000,59.137266,3
1711566000,1711569600,2190.45000000,2192.74000000,2189.90000000,2192.45000000,61.072115,3
1711569600,1711573200,2192.42000000,2194.08000000,2189.06000000,2190.40000000,58.052952,3
1711573200,1711576800,2190.41000000,2192.43000000,2189.08000000,2192.43000000,60.153629,3
1711576800,1711580400,2192.46000000,2194.26000000,2190.84000000,2193.40000000,61.154681,3
1711580400,1711584000,2193.42000000,2195.20000000,2192.95000000,2194.87000000,62.684661,3
1711587600,1711591200,2194.76000000,2194.88000000,2190.16000000,2192.43000000,58.561623,4
1711591200,1711594800,2192.40000000,2192.40000000,2190.64000000,2190.70000000,55.761166,4
1711594800,1711598400,2190.73000000,2190.88000000,2187.37000000,2189.05000000,53.150533,4
1711598400,1711602000,2189.07000000,2190.48000000,2187.54000000,2189.32000000,53.533900,4
1711602000,1711605600,2189.35000000,2196.10000000,2189.06000000,2194.81000000,60.594757,4
1711605600,1711609200,2194.80000000,2196.44000000,2194.06000000,2194.81000000,60.594757,4
1711609200,1711612800,2194.80000000,2196.91000000,2194.36000000,2195.60000000,61.569349,4
1711612800,1711616400,2195.58000000,2200.68000000,2194.47000000,2197.28000000,63.629438,4
1711616400,1711620000,2197.27000000,2198.92000000,2195.20000000,2198.71000000,65.332917,4
1711620000,1711623600,2198.73000000,2198.83000000,2192.67000000,2193.74000000,55.588099,4
1711623600,1711627200,2193.72000000,2197.40000000,2190.84000000,2194.77000000,57.018918,4
1711627200,1711630800,2194.69000000,2197.90000000,2192.45000000,2197.81000000,61.011407,4
1711630800,1711634400,2197.80000000,2213.75000000,2197.14000000,2212.18000000,73.528684,4
1711634400,1711638000,2212.36000000,2213.30000000,2207.21000000,2210.41000000,70.525250,4
1711638000,1711641600,2210.37000000,2216.91000000,2205.78000000,2215.66000000,73.927143,4
1711641600,1711645200,2215.67000000,2217.12000000,2202.22000000,2206.87000000,61.192592,4
1711645200,1711648800,2206.99000000,2214.98000000,2204.27000000,2214.34000000,66.477448,4
1711648800,1711652400,2214.29000000,2216.94000000,2212.18000000,2215.88000000,67.461243,4
1711652400,1711656000,2215.87000000,2225.54000000,2213.44000000,2220.36000000,70.200993,4
1711656000,1711659600,2220.40000000,2223.30000000,2216.70000000,2222.03000000,71.175305,4
1711659600,1711663200,2221.95000000,2222.40000000,2218.38000000,2220.52000000,68.979169,4
1711663200,1711666800,2220.49000000,2222.23000000,2217.96000000,2221.77000000,69.809624,4
1711666800,1711670400,2221.72000000,2236.26000000,2219.60000000,2232.91000000,75.980949,4
1711933200,1711936800,2238.81000000,2245.75000000,2235.10000000,2236.90000000,77.736359,1
1711936800,1711940400,2236.99000000,2247.34000000,2235.66000000,2246.02000000,81.130896,1
1711940400,1711944000,2246.20000000,2256.42000000,2243.90000000,2250.06000000,82.410318,1
1711944000,1711947600,2250.08000000,2259.56000000,2250.08000000,2255.90000000,84.089725,1
1711947600,1711951200,2255.92000000,2258.20000000,2255.01000000,2257.36000000,84.488454,1
1711951200,1711954800,2257.35000000,2265.13000000,2256.58000000,2264.47000000,86.290344,1
1711954800,1711958400,2264.44000000,2265.70000000,2258.09000000,2260.36000000,80.471057,1
1711958400,1711962000,2260.33000000,2263.38000000,2257.92000000,2261.62000000,80.896397,1
1711962000,1711965600,2261.56000000,2262.80000000,2258.92000000,2260.24000000,78.870282,1
1711965600,1711969200,2260.22000000,2263.05000000,2256.88000000,2257.46000000,74.805663,1
1711969200,1711972800,2257.41000000,2260.18000000,2255.78000000,2257.28000000,74.537811,1
1711972800,1711976400,2257.29000000,2258.33000000,2249.20000000,2251.78000000,66.681135,1
1711976400,1711980000,2251.76000000,2253.41000000,2245.51000000,2247.82000000,61.643072,1
1711980000,1711983600,2247.86000000,2251.10000000,2246.50000000,2246.80000000,60.377675,1
1711983600,1711987200,2246.89000000,2252.62000000,2243.60000000,2252.53000000,64.754734,1
1711987200,1711990800,2252.57000000,2257.84000000,2239.29000000,2246.70000000,57.762915,1
1711990800,1711994400,2246.67000000,2246.67000000,2228.48000000,2235.90000000,47.525599,1
1711994400,1711998000,2235.87000000,2240.61000000,2233.71000000,2239.74000000,50.860335,1
1711998000,1712001600,2239.75000000,2243.40000000,2237.12000000,2238.09000000,49.407409,1
1712001600,1712005200,2238.08000000,2239.31000000,2234.72000000,2239.15000000,50.387933,1
1712005200,1712008800,2239.19000000,2241.27000000,2238.09000000,2239.34000000,50.572846,1
1712008800,1712012400,2239.40000000,2244.70000000,2239.10000000,2244.67000000,55.575109,1
1712012400,1712016000,2244.62000000,2251.31000000,2243.03000000,2251.27000000,60.857718,1
1712019600,1712023200,2251.62000000,2255.85000000,2248.71000000,2253.64000000,62.578525,2
1712023200,1712026800,2253.66000000,2253.72000000,2248.54000000,2248.99000000,57.259603,2
1712026800,1712030400,2248.98000000,2253.58000000,2247.86000000,2250.36000000,58.381963,2
1712030400,1712034000,2250.35000000,2250.35000000,2246.69000000,2248.81000000,56.571914,2
1712034000,1712037600,2248.86000000,2255.04000000,2247.78000000,2254.24000000,61.119644,2
1712037600,1712041200,2254.27000000,2255.29000000,2251.28000000,2251.59000000,57.931281,2
1712041200,1712044800,2251.58000000,2259.82000000,2250.42000000,2256.64000000,61.999518,2
1712044800,1712048400,2256.58000000,2257.02000000,2252.20000000,2253.56000000,58.296679,2
1712048400,1712052000,2253.55000000,2256.08000000,2252.36000000,2255.62000000,60.016672,2
1712052000,1712055600,2255.60000000,2257.60000000,2253.20000000,2256.32000000,60.611162,2
1712055600,1712059200,2256.22000000,2262.80000000,2256.14000000,2261.09000000,64.486135,2
1712059200,1712062800,2261.08000000,2266.78000000,2259.62000000,2260.70000000,63.932343,2
1712062800,1712066400,2260.70000000,2264.70000000,2255.14000000,2262.11000000,65.099297,2
1712066400,1712070000,2262.09000000,2262.12000000,2255.85000000,2260.62000000,62.787442,2
1712070000,1712073600,2260.61000000,2261.50000000,2253.33000000,2257.55000000,58.201237,2
1712073600,1712077200,2257.52000000,2266.76000000,2254.51000000,2265.20000000,65.051628,2
1712077200,1712080800,2265.18000000,2276.98000000,2257.22000000,2260.72000000,58.957745,2
1712080800,1712084400,2260.79000000,2261.22000000,2250.74000000,2258.62000000,56.295574,2
1712084400,1712088000,2258.63000000,2261.41000000,2254.15000000,2260.30000000,57.932092,2
1712088000,1712091600,2260.31000000,2266.70000000,2259.50000000,2265.87000000,62.893208,2
1712091600,1712095200,2265.88000000,2272.80000000,2265.46000000,2271.46000000,67.088117,2
1712095200,1712098800,2271.49000000,2279.36000000,2271.03000000,2277.46000000,70.891833,2
1712098800,1712102400,2277.66000000,2281.06000000,2275.75000000,2280.50000000,72.618541,2
1712106000,1712109600,2280.60000000,2288.36000000,2279.62000000,2281.82000000,73.357572,3
1712109600,1712113200,2281.84000000,2283.76000000,2277.80000000,2279.96000000,70.471268,3
1712113200,1712116800,2279.88000000,2285.84000000,2279.32000000,2283.32000000,72.570795,3
1712116800,1712120400,2283.34000000,2283.48000000,2276.72000000,2282.49000000,71.223619,3
1712120400,1712124000,2282.46000000,2284.57000000,2281.56000000,2283.40000000,71.840825,3
1712124000,1712127600,2283.58000000,2287.98000000,2283.20000000,2285.10000000,73.005646,3
1712127600,1712131200,2285.12000000,2287.04000000,2283.72000000,2283.74000000,70.493399,3
1712131200,1712134800,2283.76000000,2286.01000000,2280.87000000,2285.98000000,72.190814,3
1712134800,1712138400,2285.97000000,2286.00000000,2280.96000000,2281.91000000,64.886881,3
1712138400,1712142000,2281.96000000,2281.97000000,2270.40000000,2271.14000000,50.365344,3
1712142000,1712145600,2270.98000000,2276.12000000,2267.64000000,2273.23000000,52.583053,3
1712145600,1712149200,2273.22000000,2274.71000000,2269.66000000,2271.98000000,51.112123,3
1712149200,1712152800,2271.97000000,2273.36000000,2269.94000000,2272.70000000,51.945964,3
1712152800,1712156400,2272.69000000,2274.48000000,2268.82000000,2273.74000000,53.187973,3
1712156400,1712160000,2273.73000000,2275.18000000,2265.42000000,2274.93000000,54.632863,3
1712160000,1712163600,2274.91000000,2278.88000000,2271.67000000,2275.76000000,55.660833,3
1712163600,1712167200,2277.33000000,2285.30000000,2274.16000000,2282.77000000,63.237366,3
1712167200,1712170800,2282.82000000,2288.34000000,2280.58000000,2286.32000000,66.371288,3
1712170800,1712174400,2286.37000000,2295.22000000,2280.79000000,2293.82000000,71.834169,3
1712174400,1712178000,2293.68000000,2295.56000000,2288.87000000,2295.03000000,72.607303,3
1712178000,1712181600,2295.04000000,2297.81000000,2293.91000000,2296.42000000,73.506963,3
1712181600,1712185200,2296.44000000,2298.86000000,2294.57000000,2297.53000000,74.234696,3
1712185200,1712188800,2297.60000000,2301.08000000,2297.32000000,2299.49000000,75.513725,3
1712192400,1712196000,2300.37000000,2302.78000000,2298.81000000,2301.77000000,76.947331,4
1712196000,1712199600,2301.70000000,2301.70000000,2296.34000000,2297.60000000,68.991450,4
1712199600,1712203200,2297.58000000,2302.57000000,2297.33000000,2302.48000000,72.566225,4
1712203200,1712206800,2302.34000000,2304.94000000,2297.46000000,2301.07000000,70.053298,4
1712206800,1712210400,2301.13000000,2302.10000000,2297.80000000,2299.56000000,67.362947,4
1712210400,1712214000,2299.48000000,2300.54000000,2297.63000000,2299.14000000,66.596837,4
1712214000,1712217600,2299.13000000,2300.20000000,2298.29000000,2298.81000000,65.962072,4
1712217600,1712221200,2298.80000000,2300.68000000,2294.99000000,2295.30000000,59.469294,4
1712221200,1712224800,2295.30000000,2297.37000000,2294.83000000,2295.84000000,60.119672,4
1712224800,1712228400,2295.94000000,2298.12000000,2291.81000000,2292.98000000,55.078610,4
1712228400,1712232000,2292.99000000,2294.51000000,2291.07000000,2291.60000000,52.778948,4
1712232000,1712235600,2291.59000000,2294.10000000,2290.79000000,2293.29000000,55.243454,4
1712235600,1712239200,2293.28000000,2295.03000000,2292.57000000,2294.52000000,57.002357,4
1712239200,1712242800,2294.51000000,2295.16000000,2288.81000000,2289.37000000,48.421841,4
1712242800,1712246400,2289.53000000,2289.98000000,2282.74000000,2288.16000000,46.645236,4
1712246400,1712250000,2288.18000000,2291.08000000,2284.69000000,2287.58000000,45.778203,4
1712250000,1712253600,2287.39000000,2299.38000000,2287.15000000,2295.15000000,57.009979,4
1712253600,1712257200,2295.22000000,2295.54000000,2290.28000000,2291.91000000,52.041138,4
1712257200,1712260800,2291.93000000,2293.16000000,2286.41000000,2286.80000000,45.330614,4
1712260800,1712264400,2286.78000000,2294.07000000,2286.36000000,2293.98000000,54.256086,4
1712264400,1712268000,2293.97000000,2305.55000000,2292.94000000,2304.09000000,63.333595,4
1712268000,1712271600,2304.10000000,2304.67000000,2279.71000000,2284.94000000,45.083854,4
1712271600,1712275200,2285.08000000,2291.66000000,2284.91000000,2290.93000000,49.942696,4
1712278800,1712282400,2290.50000000,2293.36000000,2288.24000000,2289.70000000,48.984283,5
1712282400,1712286000,2289.70000000,2291.16000000,2288.68000000,2288.74000000,48.206714,5
1712286000,1712289600,2288.86000000,2290.32000000,2282.85000000,2283.12000000,43.821241,5
1712289600,1712293200,2283.11000000,2284.11000000,2267.76000000,2271.74000000,36.567043,5
1712293200,1712296800,2271.74000000,2274.75000000,2270.91000000,2273.80000000,38.550101,5
1712296800,1712300400,2273.78000000,2279.38000000,2273.56000000,2276.69000000,41.321597,5
1712300400,1712304000,2276.77000000,2279.83000000,2276.58000000,2278.06000000,42.642261,5
1712304000,1712307600,2278.01000000,2282.34000000,2277.40000000,2279.80000000,44.355239,5
1712307600,1712311200,2279.74000000,2283.16000000,2276.58000000,2279.12000000,43.804654,5
1712311200,1712314800,2279.13000000,2290.57000000,2279.08000000,2289.13000000,53.044697,5
1712314800,1712318400,2289.12000000,2291.74000000,2284.84000000,2288.10000000,52.095488,5
1712318400,1712322000,2288.08000000,2293.56000000,2286.70000000,2291.02000000,54.577051,5
1712322000,1712325600,2291.04000000,2296.10000000,2290.76000000,2293.89000000,56.938207,5
1712325600,1712329200,2293.90000000,2294.62000000,2289.80000000,2291.14000000,54.039552,5
1712329200,1712332800,2291.00000000,2296.52000000,2280.38000000,2290.86000000,53.739568,5
1712332800,1712336400,2290.88000000,2303.65000000,2287.00000000,2299.74000000,61.112424,5
1712336400,1712340000,2299.68000000,2324.76000000,2295.84000000,2317.56000000,71.075122,5
1712340000,1712343600,2317.64000000,2328.42000000,2315.28000000,2326.24000000,74.501793,5
1712343600,1712347200,2326.26000000,2329.45000000,2322.14000000,2327.26000000,74.878422,5
1712347200,1712350800,2327.28000000,2330.46000000,2324.53000000,2326.24000000,73.705981,5
1712350800,1712354400,2326.20000000,2328.38000000,2323.55000000,2325.27000000,72.542702,5
1712354400,1712358000,2325.26000000,2325.30000000,2320.61000000,2323.28000000,70.098397,5
1712358000,1712361600,2323.20000000,2329.95000000,2322.82000000,2328.34000000,72.624259,5
1712538000,1712541600,2324.19000000,2328.48000000,2304.06000000,2307.62000000,52.913425,1
1712541600,1712545200,2307.52000000,2314.46000000,2306.10000000,2311.24000000,55.201099,1
1712545200,1712548800,2311.30000000,2312.00000000,2306.06000000,2306.15000000,51.418337,1
1712548800,1712552400,2306.13000000,2325.12000000,2302.89000000,2324.34000000,61.556953,1
1712552400,1712556000,2324.28000000,2354.04000000,2321.68000000,2348.15000000,70.295511,1
1712556000,1712559600,2348.13000000,2349.92000000,2340.98000000,2345.61000000,68.506501,1
1712559600,1712563200,2345.68000000,2345.68000000,2339.98000000,2342.14000000,66.034018,1
1712563200,1712566800,2342.24000000,2343.67000000,2331.90000000,2334.64000000,60.916570,1
1712566800,1712570400,2334.74000000,2341.38000000,2331.80000000,2336.21000000,61.587658,1
1712570400,1712574000,2336.22000000,2338.90000000,2333.76000000,2337.75000000,62.271974,1
1712574000,1712577600,2337.49000000,2341.45000000,2333.36000000,2336.28000000,61.152076,1
1712577600,1712581200,2336.30000000,2337.81000000,2334.14000000,2337.49000000,61.761665,1
1712581200,1712584800,2337.52000000,2343.53000000,2335.14000000,2340.06000000,63.086576,1
1712584800,1712588400,2340.24000000,2342.46000000,2336.52000000,2337.36000000,60.706778,1
1712588400,1712592000,2337.29000000,2338.02000000,2322.66000000,2329.02000000,53.938352,1
1712592000,1712595600,2329.04000000,2335.68000000,2325.56000000,2327.42000000,52.723856,1
1712595600,1712599200,2327.40000000,2329.30000000,2318.68000000,2328.87000000,53.740416,1
1712599200,1712602800,2328.86000000,2331.65000000,2325.64000000,2327.88000000,52.903982,1
1712602800,1712606400,2327.97000000,2330.24000000,2326.04000000,2328.48000000,53.377598,1
1712606400,1712610000,2328.54000000,2339.18000000,2327.58000000,2337.92000000,60.165108,1
1712610000,1712613600,2338.02000000,2342.04000000,2336.98000000,2338.91000000,60.809492,1
1712613600,1712617200,2338.97000000,2340.62000000,2337.12000000,2338.40000000,60.268623,1
1712617200,1712620800,2338.42000000,2339.40000000,2337.94000000,2338.80000000,60.564886,1
1712624400,1712628000,2339.00000000,2339.09000000,2336.90000000,2338.69000000,60.431434,2
1712628000,1712631600,2338.73000000,2340.43000000,2337.70000000,2338.80000000,60.525106,2
1712631600,1712635200,2338.79000000,2341.68000000,2338.58000000,2340.86000000,62.323912,2
1712635200,1712638800,2340.82000000,2348.48000000,2337.81000000,2339.98000000,61.044213,2
1712638800,1712642400,2339.89000000,2345.78000000,2338.48000000,2345.20000000,65.561429,2
1712642400,1712646000,2345.16000000,2346.54000000,2343.16000000,2343.97000000,63.687419,2
1712646000,1712649600,2343.98000000,2346.18000000,2343.06000000,2344.21000000,63.904225,2
1712649600,1712653200,2344.24000000,2347.96000000,2343.98000000,2345.07000000,64.717147,2
1712653200,1712656800,2345.12000000,2346.82000000,2343.10000000,2344.47000000,63.640280,2
1712656800,1712660400,2344.38000000,2356.91000000,2344.35000000,2353.93000000,71.650045,2
1712660400,1712664000,2354.00000000,2359.23000000,2351.40000000,2357.57000000,74.021467,2
1712664000,1712667600,2357.68000000,2365.30000000,2357.22000000,2363.22000000,77.208336,2
1712667600,1712671200,2363.18000000,2364.20000000,2355.86000000,2356.46000000,66.670190,2
1712671200,1712674800,2356.42000000,2356.64000000,2349.60000000,2354.49000000,63.931643,2
1712674800,1712678400,2354.50000000,2357.33000000,2345.70000000,2349.42000000,57.397241,2
1712678400,1712682000,2349.38000000,2361.02000000,2348.13000000,2355.44000000,62.321660,2
1712682000,1712685600,2355.26000000,2364.25000000,2345.19000000,2352.80000000,59.095656,2
1712685600,1712689200,2352.88000000,2353.62000000,2338.28000000,2340.34000000,46.786118,2
1712689200,1712692800,2340.36000000,2347.08000000,2340.06000000,2345.00000000,50.904971,2
1712692800,1712696400,2344.99000000,2349.73000000,2341.93000000,2347.34000000,52.877373,2
1712696400,1712700000,2347.35000000,2350.01000000,2345.56000000,2349.64000000,54.799567,2
1712700000,1712703600,2349.62000000,2351.54000000,2345.30000000,2351.17000000,56.082929,2
1712703600,1712707200,2351.14000000,2354.56000000,2350.69000000,2352.18000000,56.951841,2
1712710800,1712714400,2353.84000000,2354.14000000,2350.48000000,2352.36000000,57.114691,3
1712714400,1712718000,2352.34000000,2355.04000000,2351.60000000,2354.82000000,59.376505,3
1712718000,1712721600,2354.73000000,2355.57000000,2350.98000000,2351.66000000,55.338972,3
1712721600,1712725200,2351.72000000,2351.99000000,2344.76000000,2349.40000000,52.584940,3
1712725200,1712728800,2349.41000000,2354.29000000,2348.96000000,2352.16000000,55.497706,3
1712728800,1712732400,2352.14000000,2353.52000000,2350.66000000,2351.30000000,54.376780,3
1712732400,1712736000,2351.30000000,2356.81000000,2350.88000000,2356.24000000,59.444003,3
1712736000,1712739600,2356.24000000,2360.11000000,2355.77000000,2357.40000000,60.551966,3
1712739600,1712743200,2357.53000000,2359.90000000,2353.89000000,2356.16000000,58.705682,3
1712743200,1712746800,2356.12000000,2357.76000000,2352.52000000,2353.07000000,54.265359,3
1712746800,1712750400,2353.21000000,2355.90000000,2352.38000000,2354.51000000,55.937943,3
1712750400,1712754000,2354.52000000,2354.80000000,2344.92000000,2347.61000000,47.057361,3
1712754000,1712757600,2347.58000000,2350.16000000,2345.20000000,2347.46000000,46.883109,3
1712757600,1712761200,2347.42000000,2349.39000000,2344.73000000,2347.06000000,46.389791,3
1712761200,1712764800,2346.99000000,2350.75000000,2327.85000000,2338.45000000,37.293388,3
1712764800,1712768400,2338.46000000,2339.61000000,2319.33000000,2333.95000000,33.586525,3
1712768400,1712772000,2334.06000000,2352.36000000,2332.28000000,2346.27000000,48.638546,3
1712772000,1712775600,2346.28000000,2347.69000000,2330.01000000,2336.90000000,41.023317,3
1712775600,1712779200,2336.92000000,2340.79000000,2335.82000000,2337.22000000,41.360981,3
1712779200,1712782800,2337.21000000,2345.20000000,2325.82000000,2337.76000000,41.964823,3
1712782800,1712786400,2337.78000000,2340.98000000,2326.20000000,2327.49000000,34.655594,3
1712786400,1712790000,2327.54000000,2330.96000000,2327.20000000,2329.62000000,37.102479,3
1712790000,1712793600,2329.56000000,2333.60000000,2329.56000000,2333.50000000,41.406657,3
1712797200,1712800800,2333.12000000,2336.88000000,2333.12000000,2336.02000000,44.083072,4
1712800800,1712804400,2335.99000000,2337.26000000,2334.16000000,2335.54000000,43.673857,4
1712804400,1712808000,2335.60000000,2335.97000000,2333.34000000,2335.24000000,43.402674,4
1712808000,1712811600,2335.19000000,2342.26000000,2334.06000000,2340.63000000,49.473045,4
1712811600,1712815200,2340.47000000,2345.84000000,2339.50000000,2343.87000000,52.753471,4
1712815200,1712818800,2343.88000000,2346.88000000,2342.98000000,2343.93000000,52.814566,4
1712818800,1712822400,2343.89000000,2346.07000000,2341.50000000,2342.92000000,51.604855,4
1712822400,1712826000,2342.99000000,2344.58000000,2338.88000000,2341.92000000,50.374580,4
1712826000,1712829600,2341.89000000,2342.16000000,2333.84000000,2335.98000000,43.708788,4
1712829600,1712833200,2336.13000000,2340.70000000,2335.21000000,2336.43000000,44.310001,4
1712833200,1712836800,2336.52000000,2337.92000000,2325.64000000,2327.97000000,36.432042,4
1712836800,1712840400,2327.98000000,2335.28000000,2327.95000000,2330.80000000,40.258433,4
1712840400,1712844000,2330.87000000,2339.20000000,2330.69000000,2338.51000000,49.225481,4
1712844000,1712847600,2338.53000000,2339.63000000,2335.59000000,2337.24000000,47.948793,4
1712847600,1712851200,2337.23000000,2344.35000000,2331.72000000,2341.35000000,52.263653,4
1712851200,1712854800,2341.32000000,2347.43000000,2336.92000000,2343.28000000,54.184311,4
1712854800,1712858400,2343.30000000,2346.84000000,2332.34000000,2338.96000000,49.393773,4
1712858400,1712862000,2338.99000000,2345.53000000,2337.62000000,2344.73000000,55.103321,4
1712862000,1712865600,2344.75000000,2350.77000000,2342.69000000,2349.81000000,59.441904,4
1712865600,1712869200,2349.81000000,2357.24000000,2348.01000000,2356.24000000,64.162563,4
1712869200,1712872800,2356.25000000,2365.05000000,2355.69000000,2361.50000000,67.495506,4
1712872800,1712876400,2361.48000000,2374.62000000,2361.48000000,2372.82000000,73.259307,4
1712876400,1712880000,2372.98000000,2377.66000000,2371.46000000,2372.39000000,72.731717,4
1712883600,1712887200,2372.31000000,2379.59000000,2371.26000000,2374.01000000,73.505849,5
1712887200,1712890800,2373.99000000,2377.10000000,2373.92000000,2376.84000000,74.849127,5
1712890800,1712894400,2377.04000000,2379.16000000,2374.60000000,2378.84000000,75.783573,5
1712894400,1712898000,2378.82000000,2391.42000000,2378.78000000,2390.72000000,80.433840,5
1712898000,1712901600,2390.64000000,2395.40000000,2387.94000000,2390.53000000,80.168689,5
1712901600,1712905200,2390.62000000,2391.16000000,2382.99000000,2384.26000000,71.761586,5
1712905200,1712908800,2384.28000000,2387.08000000,2382.75000000,2384.20000000,71.684117,5
1712908800,1712912400,2384.19000000,2390.08000000,2383.40000000,2387.38000000,73.327593,5
1712912400,1712916000,2387.38000000,2395.25000000,2384.66000000,2395.03000000,76.814002,5
1712916000,1712919600,2395.00000000,2400.33000000,2392.79000000,2399.94000000,78.735240,5
1712919600,1712923200,2399.96000000,2400.62000000,2394.14000000,2396.76000000,74.433406,5
1712923200,1712926800,2396.73000000,2400.23000000,2393.31000000,2398.18000000,75.087952,5
1712926800,1712930400,2398.17000000,2400.40000000,2395.92000000,2398.12000000,75.000578,5
1712930400,1712934000,2398.11000000,2398.14000000,2390.40000000,2395.36000000,70.912900,5
1712934000,1712937600,2395.36000000,2397.60000000,2391.58000000,2395.83000000,71.200750,5
1712937600,1712941200,2395.93000000,2406.56000000,2393.42000000,2404.65000000,76.000549,5
1712941200,1712944800,2403.89000000,2429.09000000,2400.31000000,2426.63000000,83.417621,5
1712944800,1712948400,2426.66000000,2431.45000000,2382.16000000,2395.50000000,56.693620,5
1712948400,1712952000,2395.37000000,2395.37000000,2360.74000000,2369.26000000,43.920879,5
1712952000,1712955600,2369.28000000,2372.98000000,2346.36000000,2355.10000000,38.836125,5
1712955600,1712959200,2354.96000000,2356.64000000,2335.42000000,2338.79000000,33.959341,5
1712959200,1712962800,2338.77000000,2345.36000000,2333.80000000,2343.29000000,36.334776,5
1712962800,1712966400,2343.37000000,2345.11000000,2341.76000000,2344.68000000,37.087534,5
1713142800,1713146400,2352.70000000,2372.67000000,2347.22000000,2356.93000000,43.435086,1
1713146400,1713150000,2356.85000000,2365.46000000,2355.16000000,2364.74000000,47.099693,1
1713150000,1713153600,2364.77000000,2365.92000000,2350.59000000,2353.31000000,42.736002,1
1713153600,1713157200,2353.31000000,2359.78000000,2348.44000000,2355.64000000,43.877480,1
1713157200,1713160800,2355.68000000,2364.70000000,2353.60000000,2359.63000000,45.867447,1
1713160800,1713164400,2359.63000000,2360.38000000,2354.73000000,2358.56000000,45.402520,1
1713164400,1713168000,2358.50000000,2358.68000000,2355.64000000,2356.63000000,44.525823,1
1713168000,1713171600,2356.62000000,2362.44000000,2352.04000000,2361.14000000,47.096560,1
1713171600,1713175200,2361.11000000,2361.48000000,2353.12000000,2354.86000000,44.036385,1
1713175200,1713178800,2354.78000000,2356.40000000,2350.02000000,2353.03000000,43.156393,1
1713178800,1713182400,2353.04000000,2356.06000000,2344.72000000,2351.60000000,42.442655,1
1713182400,1713186000,2351.61000000,2353.50000000,2346.35000000,2349.69000000,41.456448,1
1713186000,1713189600,2349.71000000,2356.98000000,2349.26000000,2356.70000000,46.380862,1
1713189600,1713193200,2356.69000000,2361.25000000,2355.54000000,2358.03000000,47.286830,1
1713193200,1713196800,2358.07000000,2359.25000000,2350.94000000,2357.40000000,46.882739,1
1713196800,1713200400,2357.41000000,2361.09000000,2343.18000000,2348.69000000,41.590971,1
1713200400,1713204000,2348.54000000,2352.40000000,2324.23000000,2349.42000000,42.180025,1
1713204000,1713207600,2349.32000000,2352.53000000,2342.56000000,2351.64000000,44.028678,1
1713207600,1713211200,2351.60000000,2360.04000000,2346.20000000,2357.16000000,48.442738,1
1713211200,1713214800,2357.15000000,2370.64000000,2354.11000000,2365.38000000,54.231158,1
1713214800,1713218400,2365.20000000,2378.12000000,2363.68000000,2375.92000000,60.374423,1
1713218400,1713222000,2375.90000000,2387.54000000,2374.03000000,2386.62000000,65.445108,1
1713222000,1713225600,2386.74000000,2386.74000000,2380.06000000,2383.09000000,62.599109,1
1713229200,1713232800,2382.64000000,2392.20000000,2380.64000000,2384.36000000,63.218831,2
1713232800,1713236400,2384.35000000,2387.30000000,2381.06000000,2381.89000000,61.098407,2
1713236400,1713240000,2381.91000000,2387.57000000,2380.18000000,2383.48000000,61.982394,2
1713240000,1713243600,2383.47000000,2386.94000000,2379.28000000,2383.74000000,62.133920,2
1713243600,1713247200,2383.77000000,2387.94000000,2379.51000000,2386.06000000,63.530712,2
1713247200,1713250800,2386.04000000,2389.32000000,2384.42000000,2388.00000000,64.703217,2
1713250800,1713254400,2387.99000000,2388.32000000,2384.06000000,2386.13000000,62.613535,2
1713254400,1713258000,2386.16000000,2389.04000000,2384.94000000,2386.26000000,62.703714,2
1713258000,1713261600,2386.28000000,2388.12000000,2368.66000000,2372.80000000,49.413691,2
1713261600,1713265200,2373.01000000,2375.22000000,2362.99000000,2365.55000000,44.003670,2
1713265200,1713268800,2365.56000000,2371.88000000,2365.13000000,2369.55000000,47.423836,2
1713268800,1713272400,2369.45000000,2373.19000000,2367.54000000,2372.31000000,49.706457,2
1713272400,1713276000,2372.32000000,2375.31000000,2368.66000000,2370.14000000,47.944016,2
1713276000,1713279600,2370.18000000,2375.24000000,2369.68000000,2374.01000000,51.262937,2
1713279600,1713283200,2374.02000000,2378.22000000,2368.52000000,2376.34000000,53.197681,2
1713283200,1713286800,2376.35000000,2379.23000000,2365.29000000,2366.22000000,44.866679,2
1713286800,1713290400,2366.16000000,2383.34000000,2363.51000000,2383.01000000,56.920615,2
1713290400,1713294000,2383.00000000,2392.97000000,2377.92000000,2386.07000000,58.693140,2
1713294000,1713297600,2386.06000000,2398.26000000,2385.54000000,2397.52000000,64.567881,2
1713297600,1713301200,2397.53000000,2397.64000000,2379.78000000,2384.70000000,55.116126,2
1713301200,1713304800,2384.74000000,2396.40000000,2383.56000000,2392.32000000,58.961504,2
1713304800,1713308400,2392.32000000,2395.19000000,2389.08000000,2389.75000000,57.182111,2
1713308400,1713312000,2389.90000000,2390.32000000,2378.38000000,2382.73000000,52.519666,2
1713315600,1713319200,2382.42000000,2386.99000000,2381.48000000,2384.92000000,53.785633,3
1713319200,1713322800,2384.96000000,2386.86000000,2382.44000000,2382.70000000,52.264358,3
1713322800,1713326400,2382.79000000,2384.70000000,2380.74000000,2384.42000000,53.364920,3
1713326400,1713330000,2384.38000000,2385.56000000,2381.33000000,2384.66000000,53.525928,3
1713330000,1713333600,2384.67000000,2386.24000000,2382.24000000,2382.24000000,51.591709,3
1713333600,1713337200,2382.22000000,2383.71000000,2380.73000000,2381.71000000,51.155715,3
1713337200,1713340800,2381.72000000,2383.02000000,2380.34000000,2381.93000000,51.339542,3
1713340800,1713344400,2381.94000000,2382.06000000,2374.20000000,2377.58000000,47.530478,3
1713344400,1713348000,2377.68000000,2381.54000000,2372.71000000,2381.02000000,50.648779,3
1713348000,1713351600,2380.94000000,2383.26000000,2377.92000000,2382.52000000,51.988678,3
1713351600,1713355200,2382.55000000,2393.60000000,2382.55000000,2392.96000000,60.106977,3
1713355200,1713358800,2392.94000000,2394.31000000,2389.81000000,2392.16000000,59.279793,3
1713358800,1713362400,2392.16000000,2393.82000000,2385.00000000,2386.62000000,53.762094,3
1713362400,1713366000,2386.52000000,2390.31000000,2385.82000000,2387.47000000,54.462444,3
1713366000,1713369600,2387.49000000,2388.02000000,2378.32000000,2383.20000000,50.337641,3
1713369600,1713373200,2383.17000000,2395.15000000,2382.97000000,2393.28000000,58.355851,3
1713373200,1713376800,2393.24000000,2395.56000000,2386.07000000,2390.50000000,55.685542,3
1713376800,1713380400,2390.46000000,2393.60000000,2381.94000000,2382.15000000,48.505969,3
1713380400,1713384000,2382.22000000,2384.40000000,2361.03000000,2372.42000000,41.750856,3
1713384000,1713387600,2372.38000000,2375.97000000,2368.12000000,2372.14000000,41.571440,3
1713387600,1713391200,2372.23000000,2379.13000000,2371.84000000,2374.36000000,43.639446,3
1713391200,1713394800,2374.30000000,2375.10000000,2367.82000000,2372.66000000,42.401813,3
1713394800,1713398400,2372.87000000,2373.28000000,2354.54000000,2361.16000000,35.141347,3
1713402000,1713405600,2361.62000000,2367.66000000,2361.29000000,2365.24000000,39.124006,4
1713405600,1713409200,2365.25000000,2368.18000000,2363.72000000,2367.92000000,41.658225,4
1713409200,1713412800,2367.94000000,2370.08000000,2366.96000000,2369.78000000,43.418716,4
1713412800,1713416400,2369.77000000,2372.02000000,2364.08000000,2367.27000000,41.594664,4
1713416400,1713420000,2367.29000000,2374.90000000,2366.70000000,2373.10000000,47.148547,4
1713420000,1713423600,2373.12000000,2375.34000000,2372.39000000,2374.81000000,48.689752,4
1713423600,1713427200,2374.80000000,2376.50000000,2373.12000000,2375.06000000,48.924254,4
1713427200,1713430800,2375.20000000,2377.12000000,2373.78000000,2376.76000000,50.578324,4
1713430800,1713434400,2376.81000000,2380.94000000,2376.31000000,2380.62000000,54.204779,4
1713434400,1713438000,2380.52000000,2380.99000000,2374.97000000,2377.82000000,51.266110,4
1713438000,1713441600,2377.84000000,2380.75000000,2377.42000000,2379.97000000,53.357154,4
1713441600,1713445200,2380.00000000,2380.77000000,2377.77000000,2379.57000000,52.902362,4
1713445200,1713448800,2379.47000000,2384.08000000,2377.26000000,2383.03000000,56.366843,4
1713448800,1713452400,2383.02000000,2385.37000000,2379.05000000,2380.93000000,53.781036,4
1713452400,1713456000,2380.92000000,2387.46000000,2380.66000000,2385.45000000,58.223355,4
1713456000,1713459600,2385.46000000,2392.78000000,2375.48000000,2379.56000000,51.303485,4
1713459600,1713463200,2379.54000000,2384.91000000,2369.59000000,2379.94000000,51.702308,4
1713463200,1713466800,2379.82000000,2385.42000000,2378.55000000,2384.09000000,55.945758,4
1713466800,1713470400,2384.16000000,2388.77000000,2381.52000000,2387.97000000,59.526188,4
1713470400,1713474000,2387.98000000,2389.30000000,2382.22000000,2384.82000000,55.577015,4
1713474000,1713477600,2384.79000000,2384.79000000,2379.58000000,2381.54000000,51.728642,4
1713477600,1713481200,2381.59000000,2385.12000000,2378.13000000,2380.14000000,50.132968,4
1713481200,1713484800,2380.17000000,2380.46000000,2376.91000000,2378.80000000,48.588054,4
1713488400,1713492000,2378.92000000,2380.61000000,2378.38000000,2379.20000000,49.092371,5
1713492000,1713495600,2379.19000000,2381.45000000,2379.10000000,2379.88000000,49.990473,5
1713495600,1713499200,2379.86000000,2379.86000000,2373.76000000,2379.48000000,49.437965,5
1713499200,1713502800,2379.46000000,2417.90000000,2378.78000000,2409.42000000,73.260319,5
1713502800,1713506400,2409.60000000,2414.82000000,2395.48000000,2400.44000000,63.583864,5
1713506400,1713510000,2400.50000000,2402.55000000,2382.90000000,2391.36000000,55.588687,5
1713510000,1713513600,2391.34000000,2391.40000000,2379.36000000,2383.56000000,49.796132,5
1713513600,1713517200,2383.60000000,2384.38000000,2380.26000000,2381.34000000,48.254899,5
1713517200,1713520800,2381.36000000,2391.88000000,2378.66000000,2390.06000000,54.245308,5
1713520800,1713524400,2390.03000000,2393.87000000,2384.64000000,2385.35000000,50.822870,5
1713524400,1713528000,2385.34000000,2386.33000000,2377.99000000,2384.21000000,50.000595,5
1713528000,1713531600,2384.20000000,2386.10000000,2379.92000000,2381.01000000,47.669150,5
1713531600,1713535200,2380.98000000,2383.15000000,2379.34000000,2381.07000000,47.718375,5
1713535200,1713538800,2381.06000000,2381.26000000,2372.87000000,2376.81000000,44.516590,5
1713538800,1713542400,2376.85000000,2384.44000000,2374.51000000,2381.47000000,48.580945,5
1713542400,1713546000,2381.42000000,2386.82000000,2373.04000000,2378.66000000,46.374889,5
1713546000,1713549600,2378.69000000,2392.06000000,2378.62000000,2391.12000000,55.930980,5
1713549600,1713553200,2391.08000000,2396.04000000,2389.22000000,2394.84000000,58.319114,5
1713553200,1713556800,2394.82000000,2399.65000000,2389.80000000,2399.64000000,61.237983,5
1713556800,1713560400,2399.63000000,2401.92000000,2392.36000000,2393.64000000,55.962420,5
1713560400,1713564000,2393.67000000,2398.14000000,2392.74000000,2398.14000000,58.827280,5
1713564000,1713567600,2398.12000000,2398.23000000,2386.64000000,2387.57000000,50.514551,5
1713567600,1713571200,2387.56000000,2391.30000000,2386.66000000,2390.63000000,52.602645,5
1713747600,1713751200,2388.27000000,2388.88000000,2381.94000000,2383.78000000,47.745725,1
1713751200,1713754800,2383.89000000,2387.87000000,2383.02000000,2386.54000000,49.758607,1
1713754800,1713758400,2386.52000000,2386.52000000,2381.09000000,2382.12000000,46.658846,1
1713758400,1713762000,2382.20000000,2384.26000000,2376.05000000,2378.06000000,43.950452,1
1713762000,1713765600,2378.09000000,2378.12000000,2372.60000000,2372.68000000,40.588284,1
1713765600,1713769200,2372.68000000,2372.68000000,2361.78000000,2369.43000000,38.664086,1
1713769200,1713772800,2369.44000000,2372.90000000,2368.72000000,2370.00000000,39.208424,1
1713772800,1713776400,2369.94000000,2370.50000000,2360.89000000,2365.34000000,36.366874,1
1713776400,1713780000,2365.23000000,2367.01000000,2351.46000000,2355.73000000,31.325027,1
1713780000,1713783600,2355.68000000,2361.11000000,2355.01000000,2360.96000000,36.485830,1
1713783600,1713787200,2360.97000000,2363.03000000,2357.87000000,2359.51000000,35.685153,1
1713787200,1713790800,2359.51000000,2363.67000000,2359.10000000,2361.18000000,37.389330,1
1713790800,1713794400,2361.17000000,2361.46000000,2356.09000000,2357.57000000,35.216975,1
1713794400,1713798000,2357.49000000,2357.49000000,2339.40000000,2341.81000000,27.661079,1
1713798000,1713801600,2341.83000000,2350.40000000,2333.04000000,2336.89000000,25.800071,1
1713801600,1713805200,2336.87000000,2343.73000000,2331.09000000,2338.59000000,27.612297,1
1713805200,1713808800,2338.55000000,2343.81000000,2333.04000000,2341.25000000,30.473678,1
1713808800,1713812400,2341.26000000,2341.81000000,2332.70000000,2334.73000000,27.594407,1
1713812400,1713816000,2334.73000000,2336.50000000,2328.95000000,2329.83000000,25.634163,1
1713816000,1713819600,2329.83000000,2334.80000000,2329.58000000,2330.04000000,25.877187,1
1713819600,1713823200,2330.06000000,2330.96000000,2324.57000000,2327.62000000,24.868613,1
1713823200,1713826800,2327.60000000,2331.67000000,2327.38000000,2329.24000000,26.921958,1
1713826800,1713830400,2329.27000000,2330.20000000,2325.26000000,2327.23000000,25.973461,1
1713834000,1713837600,2328.22000000,2331.46000000,2326.94000000,2330.50000000,30.277149,2
1713837600,1713841200,2330.50000000,2333.92000000,2328.15000000,2333.68000000,34.278659,2
1713841200,1713844800,2333.66000000,2333.83000000,2330.10000000,2332.60000000,33.573914,2
1713844800,1713848400,2332.61000000,2334.42000000,2295.56000000,2298.90000000,19.855950,2
1713848400,1713852000,2298.94000000,2314.29000000,2298.34000000,2301.83000000,22.809039,2
1713852000,1713855600,2301.84000000,2307.22000000,2300.95000000,2302.55000000,23.554469,2
1713855600,1713859200,2302.54000000,2308.17000000,2301.76000000,2305.45000000,26.627887,2
1713859200,1713862800,2305.38000000,2314.74000000,2304.36000000,2308.27000000,29.592214,2
1713862800,1713866400,2308.27000000,2310.02000000,2298.85000000,2301.81000000,26.910093,2
1713866400,1713870000,2301.72000000,2311.25000000,2301.20000000,2309.14000000,34.197899,2
1713870000,1713873600,2309.11000000,2309.71000000,2301.90000000,2303.29000000,31.498507,2
1713873600,1713877200,2303.22000000,2303.43000000,2291.35000000,2295.70000000,28.369615,2
1713877200,1713880800,2295.70000000,2306.19000000,2295.48000000,2303.06000000,35.101771,2
1713880800,1713884400,2303.09000000,2303.24000000,2299.79000000,2302.15000000,34.667927,2
1713884400,1713888000,2302.14000000,2313.60000000,2301.26000000,2311.84000000,42.778152,2
1713888000,1713891600,2311.81000000,2330.77000000,2309.56000000,2329.62000000,54.049782,2
1713891600,1713895200,2329.68000000,2332.08000000,2314.50000000,2320.42000000,48.703789,2
1713895200,1713898800,2320.59000000,2324.53000000,2315.23000000,2323.25000000,50.331215,2
1713898800,1713902400,2323.26000000,2331.15000000,2321.76000000,2330.30000000,54.227147,2
1713902400,1713906000,2330.29000000,2331.32000000,2325.09000000,2326.36000000,51.782573,2
1713906000,1713909600,2326.36000000,2329.73000000,2323.62000000,2324.25000000,50.470391,2
1713909600,1713913200,2324.26000000,2325.08000000,2321.27000000,2322.56000000,49.390834,2
1713913200,1713916800,2322.58000000,2323.26000000,2321.40000000,2322.09000000,49.076437,2
1713920400,1713924000,2322.62000000,2323.06000000,2321.34000000,2321.93000000,48.962176,3
1713924000,1713927600,2321.94000000,2324.30000000,2321.90000000,2323.30000000,50.034876,3
1713927600,1713931200,2323.29000000,2323.54000000,2320.74000000,2320.92000000,48.141878,3
1713931200,1713934800,2320.91000000,2323.12000000,2316.02000000,2318.29000000,46.067739,3
1713934800,1713938400,2318.28000000,2322.20000000,2315.80000000,2321.65000000,49.085760,3
1713938400,1713942000,2321.66000000,2328.16000000,2320.90000000,2327.96000000,54.262118,3
1713942000,1713945600,2327.90000000,2330.12000000,2325.20000000,2326.66000000,53.065122,3
1713945600,1713949200,2326.64000000,2329.90000000,2324.54000000,2328.86000000,54.879124,3
1713949200,1713952800,2328.86000000,2331.30000000,2324.27000000,2326.83000000,52.849386,3
1713952800,1713956400,2326.75000000,2326.76000000,2320.69000000,2320.69000000,47.167030,3
1713956400,1713960000,2320.60000000,2321.94000000,2316.14000000,2319.19000000,45.869492,3
1713960000,1713963600,2319.00000000,2319.37000000,2311.78000000,2315.06000000,42.410141,3
1713963600,1713967200,2315.07000000,2318.50000000,2314.37000000,2316.75000000,44.262560,3
1713967200,1713970800,2316.74000000,2316.98000000,2313.10000000,2316.15000000,43.724822,3
1713970800,1713974400,2316.16000000,2323.48000000,2312.14000000,2323.28000000,51.296874,3
1713974400,1713978000,2323.25000000,2325.98000000,2315.93000000,2321.41000000,49.418746,3
1713978000,1713981600,2321.39000000,2330.41000000,2316.88000000,2329.74000000,56.975543,3
1713981600,1713985200,2329.79000000,2337.27000000,2322.48000000,2322.48000000,49.968698,3
1713985200,1713988800,2322.46000000,2326.37000000,2321.86000000,2325.02000000,52.184274,3
1713988800,1713992400,2325.06000000,2330.53000000,2321.86000000,2324.44000000,51.622114,3
1713992400,1713996000,2324.44000000,2324.65000000,2318.64000000,2320.48000000,47.833310,3
1713996000,1713999600,2320.50000000,2322.45000000,2317.76000000,2319.10000000,46.551083,3
1713999600,1714003200,2319.14000000,2319.61000000,2313.72000000,2315.92000000,43.647549,3
1714006800,1714010400,2315.31000000,2318.62000000,2315.31000000,2317.98000000,45.997381,4
1714010400,1714014000,2317.97000000,2318.25000000,2315.46000000,2316.31000000,44.381678,4
1714014000,1714017600,2316.32000000,2319.41000000,2315.48000000,2319.19000000,47.787807,4
1714017600,1714021200,2319.19000000,2320.69000000,2315.98000000,2319.20000000,47.799761,4
1714021200,1714024800,2319.18000000,2322.04000000,2318.88000000,2319.82000000,48.585713,4
1714024800,1714028400,2319.82000000,2320.67000000,2305.00000000,2313.22000000,41.433896,4
1714028400,1714032000,2313.23000000,2315.82000000,2312.35000000,2315.30000000,44.220569,4
1714032000,1714035600,2315.31000000,2320.76000000,2314.44000000,2319.64000000,49.608343,4
1714035600,1714039200,2319.70000000,2323.60000000,2317.76000000,2322.70000000,53.051622,4
1714039200,1714042800,2322.69000000,2326.13000000,2320.24000000,2325.69000000,56.200915,4
1714042800,1714046400,2325.68000000,2328.87000000,2324.91000000,2326.87000000,57.414988,4
1714046400,1714050000,2326.85000000,2327.61000000,2324.13000000,2324.93000000,54.729014,4
1714050000,1714053600,2324.92000000,2328.68000000,2324.26000000,2328.06000000,58.132187,4
1714053600,1714057200,2327.99000000,2330.61000000,2326.73000000,2328.53000000,58.635033,4
1714057200,1714060800,2328.53000000,2334.69000000,2323.36000000,2330.85000000,61.117501,4
1714060800,1714064400,2330.80000000,2331.18000000,2312.76000000,2319.14000000,46.084140,4
1714064400,1714068000,2319.14000000,2344.81000000,2317.01000000,2333.94000000,59.607410,4
1714068000,1714071600,2333.94000000,2336.73000000,2327.18000000,2330.48000000,56.066862,4
1714071600,1714075200,2330.49000000,2332.42000000,2322.96000000,2328.77000000,54.348700,4
1714075200,1714078800,2328.78000000,2332.25000000,2326.30000000,2332.23000000,57.206306,4
1714078800,1714082400,2332.25000000,2335.00000000,2330.64000000,2332.92000000,57.773964,4
1714082400,1714086000,2332.90000000,2336.44000000,2331.55000000,2332.94000000,57.791441,4
1714086000,1714089600,2332.77000000,2333.71000000,2330.92000000,2332.38000000,57.079060,4
1714093200,1714096800,2332.83000000,2333.91000000,2331.73000000,2332.58000000,57.281591,5
1714096800,1714100400,2332.57000000,2332.62000000,2330.08000000,2330.63000000,54.577480,5
1714100400,1714104000,2330.62000000,2331.48000000,2328.68000000,2329.89000000,53.544467,5
1714104000,1714107600,2329.83000000,2333.18000000,2326.30000000,2332.12000000,56.232892,5
1714107600,1714111200,2332.08000000,2336.22000000,2331.14000000,2333.88000000,58.284753,5
1714111200,1714114800,2333.89000000,2334.84000000,2332.16000000,2334.65000000,59.186260,5
1714114800,1714118400,2334.71000000,2338.22000000,2333.56000000,2335.93000000,60.706455,5
1714118400,1714122000,2335.88000000,2338.56000000,2333.95000000,2337.87000000,62.958407,5
1714122000,1714125600,2337.88000000,2343.15000000,2337.39000000,2340.88000000,66.195546,5
1714125600,1714129200,2340.77000000,2347.07000000,2338.15000000,2345.56000000,70.510733,5
1714129200,1714132800,2345.56000000,2350.17000000,2344.05000000,2347.03000000,71.731370,5
1714132800,1714136400,2347.12000000,2352.50000000,2346.81000000,2349.33000000,73.574441,5
1714136400,1714140000,2349.38000000,2350.36000000,2345.75000000,2348.07000000,70.849232,5
1714140000,1714143600,2348.05000000,2348.54000000,2343.43000000,2344.85000000,64.295024,5
1714143600,1714147200,2344.88000000,2351.61000000,2340.57000000,2344.81000000,64.215552,5
1714147200,1714150800,2344.91000000,2350.38000000,2336.89000000,2341.50000000,57.843967,5
1714150800,1714154400,2341.57000000,2345.26000000,2328.69000000,2333.55000000,46.030513,5
1714154400,1714158000,2333.56000000,2337.68000000,2331.26000000,2336.77000000,50.444995,5
1714158000,1714161600,2336.75000000,2338.97000000,2333.04000000,2333.57000000,46.384464,5
1714161600,1714165200,2333.57000000,2340.34000000,2332.68000000,2338.47000000,52.667314,5
1714165200,1714168800,2338.48000000,2341.39000000,2337.73000000,2340.89000000,55.444297,5
1714168800,1714172400,2340.87000000,2340.88000000,2336.12000000,2340.02000000,54.212886,5
1714172400,1714176000,2340.05000000,2340.16000000,2336.47000000,2337.37000000,50.531433,5
1714352400,1714356000,2335.77000000,2337.92000000,2332.56000000,2334.67000000,47.027384,1
1714356000,1714359600,2334.65000000,2336.83000000,2334.34000000,2335.84000000,48.687871,1
1714359600,1714363200,2335.85000000,2336.24000000,2330.68000000,2332.08000000,43.922886,1
1714363200,1714366800,2332.08000000,2332.08000000,2319.77000000,2331.00000000,42.632263,1
1714366800,1714370400,2331.02000000,2331.52000000,2324.05000000,2324.18000000,35.532009,1
1714370400,1714374000,2324.18000000,2329.38000000,2323.57000000,2328.30000000,41.834320,1
1714374000,1714377600,2328.28000000,2333.27000000,2327.32000000,2332.66000000,47.665032,1
1714377600,1714381200,2332.63000000,2336.51000000,2329.33000000,2330.62000000,45.373201,1
1714381200,1714384800,2330.63000000,2333.62000000,2327.48000000,2329.23000000,43.826904,1
1714384800,1714388400,2329.24000000,2337.88000000,2329.07000000,2337.13000000,53.521735,1
1714388400,1714392000,2337.17000000,2341.26000000,2336.17000000,2338.07000000,54.527386,1
1714392000,1714395600,2338.08000000,2344.36000000,2336.69000000,2343.21000000,59.666447,1
1714395600,1714399200,2343.21000000,2344.11000000,2339.93000000,2341.10000000,56.827257,1
1714399200,1714402800,2341.11000000,2342.95000000,2335.36000000,2337.06000000,51.749689,1
1714402800,1714406400,2337.02000000,2337.50000000,2328.30000000,2331.86000000,46.046680,1
1714406400,1714410000,2331.87000000,2336.57000000,2325.59000000,2334.03000000,48.592702,1
1714410000,1714413600,2334.13000000,2339.49000000,2333.98000000,2337.82000000,52.783546,1
1714413600,1714417200,2337.85000000,2338.91000000,2332.76000000,2337.88000000,52.849080,1
1714417200,1714420800,2337.88000000,2346.72000000,2337.43000000,2342.93000000,58.118009,1
1714420800,1714424400,2342.94000000,2346.63000000,2339.79000000,2342.17000000,57.084166,1
1714424400,1714428000,2342.16000000,2343.80000000,2337.70000000,2341.21000000,55.735458,1
1714428000,1714431600,2341.20000000,2341.24000000,2332.97000000,2335.88000000,48.836445,1
1714431600,1714435200,2335.90000000,2337.16000000,2335.21000000,2335.35000000,48.197573,1
1714438800,1714442400,2335.73000000,2336.32000000,2334.16000000,2334.97000000,47.715600,2
1714442400,1714446000,2334.97000000,2335.07000000,2332.87000000,2333.14000000,45.362983,2
1714446000,1714449600,2333.15000000,2334.72000000,2331.72000000,2333.96000000,46.632718,2
1714449600,1714453200,2333.98000000,2336.15000000,2332.44000000,2334.08000000,46.827463,2
1714453200,1714456800,2334.08000000,2334.46000000,2326.84000000,2331.28000000,42.894218,2
1714456800,1714460400,2331.23000000,2331.68000000,2328.55000000,2329.19000000,40.181238,2
1714460400,1714464000,2329.19000000,2329.48000000,2324.96000000,2326.40000000,36.832213,2
1714464000,1714467600,2326.41000000,2327.03000000,2321.74000000,2322.98000000,33.181350,2
1714467600,1714471200,2322.97000000,2323.51000000,2318.76000000,2322.41000000,32.601338,2
1714471200,1714474800,2322.42000000,2322.66000000,2315.31000000,2317.52000000,28.068407,2
1714474800,1714478400,2317.36000000,2318.44000000,2310.65000000,2312.86000000,24.563365,2
1714478400,1714482000,2312.80000000,2317.36000000,2312.29000000,2314.81000000,28.582333,2
1714482000,1714485600,2314.82000000,2317.99000000,2314.19000000,2315.50000000,30.003380,2
1714485600,1714489200,2315.49000000,2315.55000000,2309.53000000,2312.67000000,27.579499,2
1714489200,1714492800,2312.55000000,2313.42000000,2304.68000000,2306.04000000,22.909933,2
1714492800,1714496400,2306.05000000,2313.31000000,2302.82000000,2307.79000000,26.449771,2
1714496400,1714500000,2307.82000000,2310.78000000,2293.23000000,2293.45000000,18.822638,2
1714500000,1714503600,2293.50000000,2300.54000000,2293.20000000,2295.92000000,22.944339,2
1714503600,1714507200,2295.87000000,2299.30000000,2294.44000000,2294.68000000,22.331332,2
1714507200,1714510800,2294.69000000,2297.27000000,2291.54000000,2295.92000000,24.503539,2
1714510800,1714514400,2296.01000000,2297.51000000,2289.92000000,2290.12000000,21.477771,2
1714514400,1714518000,2290.10000000,2294.88000000,2289.32000000,2290.70000000,22.508268,2
1714518000,1714521600,2290.71000000,2293.49000000,2285.08000000,2285.94000000,20.168893,2
1714525200,1714528800,2286.66000000,2292.01000000,2286.17000000,2291.43000000,29.296349,3
1714528800,1714532400,2291.51000000,2293.26000000,2289.97000000,2291.30000000,29.211180,3
1714532400,1714536000,2291.33000000,2292.88000000,2285.73000000,2286.78000000,26.343551,3
1714536000,1714539600,2286.78000000,2289.45000000,2285.96000000,2288.00000000,28.387037,3
1714539600,1714543200,2288.02000000,2288.63000000,2286.76000000,2287.98000000,28.373139,3
1714543200,1714546800,2287.97000000,2288.35000000,2283.01000000,2284.07000000,25.721963,3
1714546800,1714550400,2284.07000000,2285.46000000,2281.59000000,2283.18000000,25.145996,3
1714550400,1714554000,2283.17000000,2288.42000000,2282.54000000,2287.33000000,32.712120,3
1714554000,1714557600,2287.34000000,2289.75000000,2286.43000000,2286.84000000,32.297019,3
1714557600,1714561200,2286.85000000,2287.96000000,2283.48000000,2285.76000000,31.352672,3
1714561200,1714564800,2285.77000000,2286.76000000,2283.76000000,2286.30000000,32.416725,3
1714564800,1714568400,2286.29000000,2293.09000000,2285.75000000,2291.99000000,42.525885,3
1714568400,1714572000,2292.00000000,2294.31000000,2289.12000000,2293.12000000,44.307538,3
1714572000,1714575600,2293.12000000,2297.09000000,2291.39000000,2294.57000000,46.595268,3
1714575600,1714579200,2294.44000000,2300.00000000,2294.23000000,2298.24000000,51.972749,3
1714579200,1714582800,2298.25000000,2304.73000000,2295.22000000,2304.46000000,59.429048,3
1714582800,1714586400,2304.27000000,2310.47000000,2297.37000000,2304.76000000,59.753596,3
1714586400,1714590000,2304.77000000,2310.43000000,2302.54000000,2307.33000000,62.519665,3
1714590000,1714593600,2307.32000000,2307.33000000,2301.86000000,2303.78000000,56.720615,3
1714593600,1714597200,2303.78000000,2305.00000000,2297.60000000,2299.48000000,50.598486,3
1714597200,1714600800,2298.31000000,2328.29000000,2295.91000000,2325.29000000,70.900836,3
1714600800,1714604400,2325.31000000,2327.88000000,2309.73000000,2309.73000000,55.967734,3
1714604400,1714608000,2309.72000000,2320.56000000,2307.04000000,2319.39000000,61.402820,3
1714611600,1714615200,2319.65000000,2323.28000000,2318.01000000,2320.90000000,62.188497,4
1714615200,1714618800,2320.90000000,2324.80000000,2320.74000000,2323.86000000,63.746395,4
1714618800,1714622400,2323.83000000,2326.00000000,2322.92000000,2324.38000000,64.026803,4
1714622400,1714626000,2324.32000000,2326.40000000,2321.80000000,2324.11000000,63.751080,4
1714626000,1714629600,2324.11000000,2325.56000000,2318.76000000,2320.20000000,59.739035,4
1714629600,1714633200,2320.16000000,2320.63000000,2317.39000000,2319.58000000,59.103859,4
1714633200,1714636800,2319.57000000,2320.96000000,2318.06000000,2318.14000000,57.572743,4
1714636800,1714640400,2318.16000000,2318.36000000,2312.96000000,2314.98000000,54.251410,4
1714640400,1714644000,2314.96000000,2319.07000000,2312.55000000,2313.44000000,52.657107,4
1714644000,1714647600,2313.39000000,2315.07000000,2308.16000000,2309.35000000,48.574345,4
1714647600,1714651200,2309.34000000,2311.05000000,2303.06000000,2304.03000000,43.815537,4
1714651200,1714654800,2303.99000000,2305.40000000,2298.79000000,2301.84000000,41.991757,4
1714654800,1714658400,2301.82000000,2301.88000000,2295.15000000,2299.40000000,39.994320,4
1714658400,1714662000,2299.42000000,2302.88000000,2297.53000000,2298.96000000,39.628253,4
1714662000,1714665600,2298.94000000,2304.46000000,2293.55000000,2294.64000000,36.131500,4
1714665600,1714669200,2294.65000000,2295.82000000,2285.45000000,2291.75000000,33.971876,4
1714669200,1714672800,2291.61000000,2304.89000000,2287.66000000,2303.99000000,48.116458,4
1714672800,1714676400,2304.01000000,2306.93000000,2297.27000000,2300.00000000,44.751030,4
1714676400,1714680000,2300.01000000,2303.81000000,2297.92000000,2299.61000000,44.423960,4
1714680000,1714683600,2299.55000000,2308.50000000,2299.29000000,2308.06000000,52.520831,4
1714683600,1714687200,2308.09000000,2309.42000000,2305.07000000,2308.04000000,52.501335,4
1714687200,1714690800,2307.96000000,2308.05000000,2301.56000000,2303.60000000,48.221702,4
1714690800,1714694400,2303.80000000,2304.08000000,2300.64000000,2303.52000000,48.145549,4
1714698000,1714701600,2303.59000000,2305.68000000,2303.59000000,2304.04000000,48.712507,5
1714701600,1714705200,2304.03000000,2304.58000000,2302.40000000,2304.24000000,48.943727,5
1714705200,1714708800,2304.27000000,2304.85000000,2300.26000000,2303.97000000,48.625020,5
1714708800,1714712400,2303.96000000,2306.36000000,2301.86000000,2302.51000000,46.848521,5
1714712400,1714716000,2302.52000000,2303.00000000,2299.88000000,2301.04000000,45.063359,5
1714716000,1714719600,2301.05000000,2302.55000000,2300.54000000,2302.55000000,47.285424,5
1714719600,1714723200,2302.61000000,2307.99000000,2302.09000000,2307.40000000,53.755435,5
1714723200,1714726800,2307.52000000,2308.76000000,2305.78000000,2306.05000000,51.847859,5
1714726800,1714730400,2306.06000000,2306.35000000,2298.31000000,2298.46000000,42.678113,5
1714730400,1714734000,2298.48000000,2301.46000000,2297.77000000,2299.13000000,43.625928,5
1714734000,1714737600,2299.12000000,2302.61000000,2298.38000000,2301.31000000,46.713296,5
1714737600,1714741200,2301.29000000,2303.14000000,2299.44000000,2301.54000000,47.042822,5
1714741200,1714744800,2301.53000000,2301.67000000,2297.94000000,2299.13000000,43.974204,5
1714744800,1714748400,2299.11000000,2299.82000000,2296.38000000,2298.24000000,42.862262,5
1714748400,1714752000,2298.26000000,2320.62000000,2294.62000000,2304.62000000,52.194349,5
1714752000,1714755600,2304.65000000,2308.89000000,2277.27000000,2300.44000000,46.801082,5
1714755600,1714759200,2301.38000000,2303.03000000,2283.27000000,2291.34000000,37.674203,5
1714759200,1714762800,2291.41000000,2298.99000000,2289.68000000,2293.73000000,40.932255,5
1714762800,1714766400,2293.74000000,2300.27000000,2292.88000000,2299.22000000,47.695958,5
1714766400,1714770000,2299.21000000,2303.09000000,2296.35000000,2302.05000000,50.822060,5
1714770000,1714773600,2302.11000000,2302.94000000,2297.38000000,2299.28000000,47.809993,5
1714773600,1714777200,2299.27000000,2301.48000000,2296.04000000,2301.48000000,50.327971,5
1714777200,1714780800,2301.55000000,2303.42000000,2300.72000000,2301.88000000,50.792823,5
1714957200,1714960800,2304.86000000,2306.20000000,2300.40000000,2301.80000000,50.690648,1
1714960800,1714964400,2301.80000000,2302.82000000,2293.34000000,2293.88000000,41.738963,1
1714964400,1714968000,2293.88000000,2297.98000000,2291.82000000,2296.04000000,44.611778,1
1714968000,1714971600,2296.01000000,2309.07000000,2296.01000000,2308.38000000,57.503904,1
1714971600,1714975200,2308.44000000,2315.40000000,2307.60000000,2311.19000000,59.798595,1
1714975200,1714978800,2311.20000000,2311.98000000,2308.36000000,2309.30000000,57.547759,1
1714978800,1714982400,2309.29000000,2311.74000000,2308.12000000,2309.20000000,57.424598,1
1714982400,1714986000,2309.12000000,2313.90000000,2308.69000000,2313.49000000,61.255470,1
1714986000,1714989600,2313.50000000,2314.81000000,2311.75000000,2314.17000000,61.841562,1
1714989600,1714993200,2314.11000000,2324.21000000,2312.38000000,2322.78000000,68.366563,1
1714993200,1714996800,2322.76000000,2323.08000000,2317.32000000,2318.26000000,62.339910,1
1714996800,1715000400,2318.26000000,2322.02000000,2315.61000000,2321.13000000,64.480937,1
1715000400,1715004000,2321.13000000,2322.05000000,2318.74000000,2319.38000000,62.160365,1
1715004000,1715007600,2319.37000000,2322.50000000,2315.98000000,2318.07000000,60.407797,1
1715007600,1715011200,2318.09000000,2330.35000000,2314.57000000,2323.28000000,64.673695,1
1715011200,1715014800,2323.27000000,2332.10000000,2321.59000000,2327.96000000,68.008207,1
1715014800,1715018400,2327.95000000,2330.61000000,2319.03000000,2321.04000000,59.121793,1
1715018400,1715022000,2321.06000000,2325.51000000,2319.53000000,2324.84000000,62.053993,1
1715022000,1715025600,2324.91000000,2327.44000000,2317.60000000,2325.61000000,62.638802,1
1715025600,1715029200,2325.58000000,2326.24000000,2321.03000000,2324.66000000,61.381887,1
1715029200,1715032800,2324.67000000,2326.55000000,2324.25000000,2326.31000000,62.778888,1
1715032800,1715036400,2326.37000000,2327.12000000,2323.56000000,2324.96000000,60.839668,1
1715036400,1715040000,2324.94000000,2328.86000000,2323.58000000,2323.81000000,59.163130,1
1715043600,1715047200,2325.71000000,2326.96000000,2323.96000000,2326.78000000,62.070168,2
1715047200,1715050800,2326.77000000,2327.01000000,2322.20000000,2326.02000000,60.875944,2
1715050800,1715054400,2326.10000000,2329.48000000,2325.54000000,2329.25000000,64.042359,2
1715054400,1715058000,2329.26000000,2329.90000000,2322.46000000,2322.76000000,54.498288,2
1715058000,1715061600,2322.77000000,2324.34000000,2319.63000000,2321.50000000,52.851513,2
1715061600,1715065200,2321.52000000,2325.11000000,2321.18000000,2324.96000000,56.719083,2
1715065200,1715068800,2324.94000000,2325.12000000,2321.34000000,2322.64000000,53.547293,2
1715068800,1715072400,2322.65000000,2323.36000000,2320.26000000,2321.44000000,51.929701,2
1715072400,1715076000,2321.40000000,2321.40000000,2318.33000000,2320.45000000,50.572377,2
1715076000,1715079600,2320.42000000,2322.04000000,2317.75000000,2319.30000000,48.971141,2
1715079600,1715083200,2319.30000000,2319.89000000,2311.70000000,2315.66000000,44.200693,2
1715083200,1715086800,2315.66000000,2317.17000000,2312.69000000,2313.72000000,41.860211,2
1715086800,1715090400,2313.73000000,2315.88000000,2312.12000000,2315.39000000,44.580639,2
1715090400,1715094000,2315.39000000,2316.53000000,2312.13000000,2312.32000000,40.801073,2
1715094000,1715097600,2312.31000000,2317.37000000,2309.95000000,2316.00000000,46.640879,2
1715097600,1715101200,2316.00000000,2323.71000000,2315.36000000,2318.49000000,50.219226,2
1715101200,1715104800,2318.48000000,2322.45000000,2312.45000000,2314.14000000,44.593024,2
1715104800,1715108400,2314.14000000,2319.15000000,2312.75000000,2314.98000000,45.854510,2
1715108400,1715112000,2315.02000000,2316.13000000,2312.41000000,2312.50000000,42.759198,2
1715112000,1715115600,2312.54000000,2317.44000000,2311.06000000,2314.04000000,45.231529,2
1715115600,1715119200,2313.98000000,2315.34000000,2313.02000000,2314.59000000,46.126488,2
1715119200,1715122800,2314.60000000,2315.58000000,2311.84000000,2314.69000000,46.298312,2
1715122800,1715126400,2314.70000000,2315.54000000,2312.77000000,2313.82000000,44.954963,2
1715130000,1715133600,2314.20000000,2316.85000000,2313.65000000,2314.50000000,46.267274,3
1715133600,1715137200,2314.49000000,2316.30000000,2314.18000000,2315.22000000,47.689331,3
1715137200,1715140800,2315.23000000,2316.33000000,2313.84000000,2314.15000000,45.751485,3
1715140800,1715144400,2314.16000000,2314.39000000,2306.98000000,2307.69000000,36.190091,3
1715144400,1715148000,2307.64000000,2317.45000000,2307.34000000,2317.09000000,51.931855,3
1715148000,1715151600,2317.09000000,2318.17000000,2315.39000000,2317.04000000,51.858570,3
1715151600,1715155200,2317.03000000,2319.34000000,2316.87000000,2319.26000000,54.901609,3
1715155200,1715158800,2319.27000000,2321.44000000,2317.66000000,2317.70000000,52.395286,3
1715158800,1715162400,2317.63000000,2318.94000000,2313.59000000,2314.63000000,47.773232,3
1715162400,1715166000,2314.59000000,2314.89000000,2305.22000000,2305.43000000,37.186493,3
1715166000,1715169600,2305.44000000,2309.26000000,2303.65000000,2307.31000000,40.107321,3
1715169600,1715173200,2307.31000000,2311.42000000,2307.03000000,2310.86000000,45.281510,3
1715173200,1715176800,2310.86000000,2317.07000000,2310.73000000,2315.48000000,51.191203,3
1715176800,1715180400,2315.49000000,2318.01000000,2312.87000000,2314.65000000,50.143434,3
1715180400,1715184000,2314.72000000,2319.08000000,2313.38000000,2314.55000000,50.010621,3
1715184000,1715187600,2314.54000000,2316.24000000,2306.72000000,2310.11000000,44.388925,3
1715187600,1715191200,2310.09000000,2317.79000000,2309.06000000,2315.57000000,51.594869,3
1715191200,1715194800,2315.58000000,2320.44000000,2312.71000000,2320.44000000,56.952783,3
1715194800,1715198400,2320.49000000,2321.12000000,2315.83000000,2317.05000000,52.589079,3
1715198400,1715202000,2317.10000000,2317.53000000,2313.69000000,2313.81000000,48.744933,3
1715202000,1715205600,2313.80000000,2313.82000000,2311.38000000,2312.66000000,47.419972,3
1715205600,1715209200,2312.67000000,2312.76000000,2308.02000000,2308.25000000,42.634149,3
1715209200,1715212800,2308.32000000,2309.62000000,2307.85000000,2308.78000000,43.373814,3
1715216400,1715220000,2309.21000000,2310.94000000,2308.30000000,2310.00000000,45.127706,4
1715220000,1715223600,2310.04000000,2310.04000000,2308.00000000,2308.90000000,43.810124,4
1715223600,1715227200,2308.89000000,2310.54000000,2307.84000000,2309.30000000,44.445319,4
1715227200,1715230800,2309.41000000,2312.27000000,2308.80000000,2309.90000000,45.441610,4
1715230800,1715234400,2309.88000000,2311.63000000,2307.88000000,2310.25000000,46.049414,4
1715234400,1715238000,2310.25000000,2313.00000000,2309.33000000,2312.35000000,49.672224,4
1715238000,1715241600,2312.34000000,2315.23000000,2311.92000000,2314.55000000,53.216520,4
1715241600,1715245200,2314.56000000,2319.77000000,2314.44000000,2316.61000000,56.318567,4
1715245200,1715248800,2316.65000000,2317.06000000,2313.78000000,2314.45000000,52.395539,4
1715248800,1715252400,2314.48000000,2315.03000000,2307.55000000,2309.31000000,44.459119,4
1715252400,1715256000,2309.29000000,2313.38000000,2309.07000000,2310.44000000,46.381951,4
1715256000,1715259600,2310.42000000,2312.00000000,2306.60000000,2307.57000000,42.369835,4
1715259600,1715263200,2307.56000000,2312.88000000,2307.30000000,2311.73000000,49.225732,4
1715263200,1715266800,2311.63000000,2316.71000000,2310.98000000,2315.94000000,55.053280,4
1715266800,1715270400,2315.88000000,2329.32000000,2314.60000000,2326.70000000,65.843502,4
1715270400,1715274000,2326.69000000,2326.71000000,2312.19000000,2324.36000000,62.338586,4
1715274000,1715277600,2324.39000000,2338.78000000,2323.34000000,2333.40000000,69.166973,4
1715277600,1715281200,2333.44000000,2337.64000000,2328.22000000,2330.40000000,64.957859,4
1715281200,1715284800,2330.42000000,2333.98000000,2329.56000000,2329.76000000,64.062211,4
1715284800,1715288400,2329.74000000,2335.06000000,2329.26000000,2334.79000000,67.817923,4
1715288400,1715292000,2334.78000000,2337.71000000,2333.86000000,2337.60000000,69.721615,4
1715292000,1715295600,2337.59000000,2343.99000000,2335.61000000,2343.74000000,73.421288,4
1715295600,1715299200,2343.73000000,2347.21000000,2343.20000000,2346.04000000,74.669856,4
1715302800,1715306400,2346.88000000,2347.84000000,2345.27000000,2346.42000000,74.879819,5
1715306400,1715310000,2346.44000000,2348.37000000,2345.85000000,2346.76000000,75.078864,5
1715310000,1715313600,2346.72000000,2349.04000000,2346.00000000,2347.73000000,75.671146,5
1715313600,1715317200,2347.70000000,2355.82000000,2347.42000000,2350.22000000,77.171034,5
1715317200,1715320800,2350.21000000,2351.77000000,2347.16000000,2349.42000000,75.559274,5
1715320800,1715324400,2349.43000000,2354.02000000,2349.10000000,2353.42000000,78.030032,5
1715324400,1715328000,2353.41000000,2354.51000000,2351.23000000,2353.95000000,78.342443,5
1715328000,1715331600,2353.94000000,2358.76000000,2353.75000000,2357.06000000,80.128127,5
1715331600,1715335200,2357.04000000,2369.11000000,2356.06000000,2368.55000000,85.036799,5
1715335200,1715338800,2368.74000000,2370.31000000,2364.77000000,2366.72000000,81.580378,5
1715338800,1715342400,2366.71000000,2372.20000000,2365.89000000,2369.69000000,82.802134,5
1715342400,1715346000,2369.76000000,2375.36000000,2369.76000000,2372.54000000,83.905344,5
1715346000,1715349600,2372.49000000,2378.41000000,2371.65000000,2374.76000000,84.727200,5
1715349600,1715353200,2374.84000000,2375.66000000,2371.14000000,2372.12000000,79.526507,5
1715353200,1715356800,2372.17000000,2375.70000000,2361.76000000,2364.81000000,67.222390,5
1715356800,1715360400,2364.79000000,2372.00000000,2360.20000000,2367.50000000,69.116004,5
1715360400,1715364000,2367.46000000,2372.98000000,2357.77000000,2360.66000000,59.675431,5
1715364000,1715367600,2360.64000000,2366.37000000,2356.60000000,2364.83000000,62.994040,5
1715367600,1715371200,2364.82000000,2369.92000000,2361.62000000,2368.34000000,65.563055,5
1715371200,1715374800,2368.26000000,2370.06000000,2366.88000000,2369.65000000,66.497850,5
1715374800,1715378400,2369.77000000,2370.92000000,2366.64000000,2367.32000000,63.211187,5
1715378400,1715382000,2367.30000000,2367.49000000,2362.21000000,2363.54000000,58.186698,5
1715382000,1715385600,2363.53000000,2365.00000000,2359.75000000,2360.82000000,54.810533,5
1715562000,1715565600,2362.30000000,2364.03000000,2360.10000000,2361.45000000,55.455226,1
1715565600,1715569200,2361.53000000,2362.52000000,2359.73000000,2360.41000000,54.083529,1
1715569200,1715572800,2360.43000000,2364.46000000,2359.84000000,2363.99000000,57.940239,1
1715572800,1715576400,2364.03000000,2364.14000000,2354.78000000,2359.16000000,51.638364,1
1715576400,1715580000,2359.15000000,2359.79000000,2357.62000000,2359.00000000,51.438774,1
1715580000,1715583600,2358.94000000,2359.38000000,2356.26000000,2357.05000000,48.955275,1
1715583600,1715587200,2356.94000000,2357.00000000,2354.21000000,2354.30000000,45.610829,1
1715587200,1715590800,2354.29000000,2355.06000000,2351.30000000,2352.66000000,43.693751,1
1715590800,1715594400,2352.70000000,2354.48000000,2347.38000000,2349.59000000,40.280662,1
1715594400,1715598000,2349.57000000,2351.28000000,2346.55000000,2348.61000000,39.227273,1
1715598000,1715601600,2348.49000000,2350.36000000,2341.61000000,2343.29000000,34.025338,1
1715601600,1715605200,2343.31000000,2344.30000000,2339.10000000,2340.08000000,31.325985,1
1715605200,1715608800,2340.09000000,2344.10000000,2339.27000000,2343.29000000,36.731412,1
1715608800,1715612400,2343.28000000,2346.63000000,2338.46000000,2344.44000000,38.596120,1
1715612400,1715616000,2344.41000000,2349.76000000,2343.64000000,2347.10000000,42.795827,1
1715616000,1715619600,2347.08000000,2349.36000000,2340.36000000,2344.06000000,39.473055,1
1715619600,1715623200,2344.04000000,2346.00000000,2340.73000000,2343.71000000,39.096682,1
1715623200,1715626800,2343.70000000,2343.70000000,2332.12000000,2335.94000000,31.838776,1
1715626800,1715630400,2335.94000000,2337.88000000,2334.69000000,2336.70000000,33.146077,1
1715630400,1715634000,2336.69000000,2338.16000000,2334.45000000,2335.87000000,32.414884,1
1715634000,1715637600,2335.93000000,2337.95000000,2335.76000000,2337.28000000,35.036650,1
1715637600,1715641200,2337.30000000,2338.44000000,2335.82000000,2337.44000000,35.343158,1
1715641200,1715644800,2337.29000000,2337.37000000,2335.20000000,2336.16000000,33.962615,1
1715648400,1715652000,2336.09000000,2338.48000000,2335.82000000,2337.61000000,36.966339,2
1715652000,1715655600,2337.62000000,2339.43000000,2337.47000000,2338.44000000,38.685545,2
1715655600,1715659200,2338.42000000,2339.72000000,2334.80000000,2336.36000000,36.033211,2
1715659200,1715662800,2336.38000000,2342.08000000,2336.34000000,2341.96000000,46.640424,2
1715662800,1715666400,2341.96000000,2344.43000000,2339.79000000,2340.43000000,44.470679,2
1715666400,1715670000,2340.42000000,2343.61000000,2339.91000000,2343.13000000,48.981264,2
1715670000,1715673600,2343.14000000,2344.88000000,2342.56000000,2344.07000000,50.489120,2
1715673600,1715677200,2344.02000000,2345.86000000,2342.60000000,2344.70000000,51.523217,2
1715677200,1715680800,2344.68000000,2345.25000000,2336.83000000,2338.14000000,41.745849,2
1715680800,1715684400,2338.19000000,2339.73000000,2336.06000000,2339.23000000,43.659007,2
1715684400,1715688000,2339.33000000,2344.00000000,2337.79000000,2343.73000000,50.837432,2
1715688000,1715691600,2343.74000000,2348.24000000,2343.71000000,2345.89000000,53.875270,2
1715691600,1715695200,2345.90000000,2347.58000000,2342.60000000,2345.70000000,53.561747,2
1715695200,1715698800,2345.67000000,2346.26000000,2342.39000000,2343.58000000,50.061109,2
1715698800,1715702400,2343.59000000,2350.22000000,2336.56000000,2348.24000000,56.752123,2
1715702400,1715706000,2348.25000000,2355.14000000,2344.90000000,2353.76000000,63.065021,2
1715706000,1715709600,2353.75000000,2357.08000000,2348.08000000,2353.03000000,61.780666,2
1715709600,1715713200,2353.00000000,2353.86000000,2347.26000000,2347.86000000,53.474584,2
1715713200,1715716800,2347.68000000,2355.51000000,2346.31000000,2354.17000000,60.461525,2
1715716800,1715720400,2354.18000000,2356.55000000,2352.01000000,2355.86000000,62.103034,2
1715720400,1715724000,2355.85000000,2359.61000000,2355.75000000,2357.61000000,63.779939,2
1715724000,1715727600,2357.59000000,2357.98000000,2355.01000000,2356.75000000,62.320519,2
1715727600,1715731200,2356.87000000,2358.36000000,2356.08000000,2357.91000000,63.532637,2
1715734800,1715738400,2357.77000000,2358.13000000,2356.30000000,2357.55000000,62.856831,3
1715738400,1715742000,2357.49000000,2357.53000000,2355.07000000,2355.81000000,59.559180,3
1715742000,1715745600,2355.82000000,2356.91000000,2354.87000000,2355.85000000,59.611637,3
1715745600,1715749200,2355.86000000,2358.97000000,2354.87000000,2357.39000000,61.672909,3
1715749200,1715752800,2357.31000000,2359.07000000,2356.59000000,2358.63000000,63.297200,3
1715752800,1715756400,2358.62000000,2360.95000000,2357.68000000,2360.27000000,65.386543,3
1715756400,1715760000,2360.31000000,2360.81000000,2356.15000000,2356.96000000,58.186993,3
1715760000,1715763600,2356.94000000,2359.02000000,2355.70000000,2358.46000000,60.319274,3
1715763600,1715767200,2358.53000000,2359.67000000,2356.83000000,2358.74000000,60.721931,3
1715767200,1715770800,2358.73000000,2364.95000000,2358.44000000,2362.44000000,65.678187,3
1715770800,1715774400,2362.44000000,2374.25000000,2362.44000000,2373.29000000,75.457931,3
1715774400,1715778000,2373.31000000,2374.27000000,2368.25000000,2369.38000000,67.944423,3
1715778000,1715781600,2369.37000000,2370.84000000,2365.27000000,2365.89000000,62.009320,3
1715781600,1715785200,2365.85000000,2366.71000000,2362.01000000,2362.70000000,57.099593,3
1715785200,1715788800,2362.71000000,2378.93000000,2358.33000000,2372.35000000,65.896350,3
1715788800,1715792400,2372.36000000,2375.47000000,2351.85000000,2357.85000000,49.478875,3
1715792400,1715796000,2357.84000000,2373.84000000,2353.78000000,2373.78000000,60.980499,3
1715796000,1715799600,2373.77000000,2385.73000000,2373.07000000,2377.77000000,63.237996,3
1715799600,1715803200,2377.78000000,2386.73000000,2377.05000000,2383.67000000,66.339221,3
1715803200,1715806800,2383.68000000,2390.21000000,2383.52000000,2389.19000000,68.976168,3
1715806800,1715810400,2389.19000000,2389.36000000,2383.59000000,2385.36000000,65.161866,3
1715810400,1715814000,2385.30000000,2387.44000000,2383.77000000,2386.78000000,65.914459,3
1715814000,1715817600,2386.78000000,2388.83000000,2385.51000000,2385.80000000,64.872883,3
1715821200,1715824800,2385.85000000,2389.59000000,2384.96000000,2389.13000000,66.793064,4
1715824800,1715828400,2389.14000000,2391.86000000,2388.86000000,2391.82000000,68.300519,4
1715828400,1715832000,2391.84000000,2395.14000000,2390.27000000,2395.01000000,70.037583,4
1715832000,1715835600,2394.99000000,2397.43000000,2389.57000000,2391.59000000,65.870117,4
1715835600,1715839200,2391.57000000,2391.77000000,2386.46000000,2387.48000000,61.160231,4
1715839200,1715842800,2387.49000000,2390.73000000,2386.56000000,2388.69000000,62.021207,4
1715842800,1715846400,2388.72000000,2392.16000000,2387.05000000,2391.35000000,63.914958,4
1715846400,1715850000,2391.33000000,2394.41000000,2390.13000000,2390.22000000,62.489450,4
1715850000,1715853600,2390.19000000,2390.38000000,2386.49000000,2387.18000000,58.696645,4
1715853600,1715857200,2387.25000000,2391.14000000,2384.67000000,2389.16000000,60.383233,4
1715857200,1715860800,2389.18000000,2391.37000000,2385.32000000,2386.02000000,56.446720,4
1715860800,1715864400,2386.02000000,2387.73000000,2383.64000000,2385.39000000,55.662651,4
1715864400,1715868000,2385.44000000,2385.68000000,2380.89000000,2384.91000000,55.035396,4
1715868000,1715871600,2384.93000000,2386.55000000,2381.51000000,2384.59000000,54.593708,4
1715871600,1715875200,2384.55000000,2386.28000000,2377.94000000,2379.09000000,47.532747,4
1715875200,1715878800,2378.92000000,2382.19000000,2371.66000000,2374.84000000,42.913932,4
1715878800,1715882400,2374.83000000,2378.98000000,2370.93000000,2373.31000000,41.355949,4
1715882400,1715886000,2373.31000000,2382.32000000,2373.09000000,2381.61000000,51.617716,4
1715886000,1715889600,2381.59000000,2383.72000000,2379.13000000,2381.92000000,51.955864,4
1715889600,1715893200,2381.92000000,2382.39000000,2379.80000000,2381.44000000,51.357333,4
1715893200,1715896800,2381.45000000,2381.98000000,2378.37000000,2379.64000000,49.074247,4
1715896800,1715900400,2379.63000000,2381.82000000,2377.74000000,2378.13000000,47.179454,4
1715900400,1715904000,2378.19000000,2378.30000000,2375.84000000,2376.88000000,45.609520,4
1715907600,1715911200,2377.10000000,2379.41000000,2376.91000000,2378.37000000,47.837680,5
1715911200,1715914800,2378.41000000,2379.69000000,2377.83000000,2377.95000000,47.250091,5
1715914800,1715918400,2377.99000000,2379.69000000,2377.50000000,2378.07000000,47.448702,5
1715918400,1715922000,2378.07000000,2378.85000000,2376.07000000,2378.27000000,47.801457,5
1715922000,1715925600,2378.30000000,2381.21000000,2373.90000000,2375.07000000,42.845779,5
1715925600,1715929200,2375.09000000,2377.80000000,2374.61000000,2377.80000000,47.816219,5
1715929200,1715932800,2377.87000000,2379.06000000,2376.49000000,2378.81000000,49.563781,5
1715932800,1715936400,2378.79000000,2382.37000000,2378.53000000,2381.24000000,53.590688,5
1715936400,1715940000,2381.19000000,2386.67000000,2380.89000000,2386.02000000,60.304600,5
1715940000,1715943600,2386.01000000,2387.81000000,2382.91000000,2383.86000000,56.338307,5
1715943600,1715947200,2383.94000000,2385.63000000,2381.31000000,2384.23000000,56.861702,5
1715947200,1715950800,2384.22000000,2386.56000000,2381.73000000,2382.48000000,53.589571,5
1715950800,1715954400,2382.47000000,2387.52000000,2381.79000000,2387.39000000,60.463934,5
1715954400,1715958000,2387.39000000,2390.10000000,2385.79000000,2389.73000000,63.257176,5
1715958000,1715961600,2389.72000000,2393.98000000,2386.84000000,2393.33000000,67.107388,5
1715961600,1715965200,2393.37000000,2405.11000000,2393.37000000,2401.65000000,73.911442,5
1715965200,1715968800,2401.84000000,2415.51000000,2398.73000000,2413.35000000,80.134634,5
1715968800,1715972400,2413.36000000,2419.10000000,2403.55000000,2407.80000000,71.430267,5
1715972400,1715976000,2407.82000000,2414.17000000,2407.71000000,2407.82000000,71.442305,5
1715976000,1715979600,2407.72000000,2414.35000000,2405.73000000,2414.25000000,75.078122,5
1715979600,1715983200,2414.23000000,2419.20000000,2413.25000000,2417.40000000,76.646718,5
1715983200,1715986800,2417.39000000,2417.85000000,2411.49000000,2416.50000000,75.190554,5
1715986800,1715990400,2416.67000000,2422.70000000,2414.04000000,2414.34000000,71.671244,5
1716166800,1716170400,2417.79000000,2425.35000000,2416.85000000,2417.81000000,73.793346,1
1716170400,1716174000,2417.75000000,2420.60000000,2417.19000000,2420.31000000,75.232841,1
1716174000,1716177600,2420.29000000,2426.52000000,2416.51000000,2425.41000000,77.899763,1
1716177600,1716181200,2425.49000000,2440.65000000,2425.49000000,2434.76000000,81.774482,1
1716181200,1716184800,2434.86000000,2437.10000000,2428.81000000,2434.05000000,80.618609,1
1716184800,1716188400,2433.97000000,2438.91000000,2430.91000000,2437.61000000,81.992999,1
1716188400,1716192000,2437.51000000,2439.63000000,2435.14000000,2437.31000000,81.468709,1
1716192000,1716195600,2437.33000000,2450.04000000,2436.99000000,2449.50000000,85.520271,1
1716195600,1716199200,2449.57000000,2449.74000000,2431.82000000,2438.75000000,70.816164,1
1716199200,1716202800,2438.71000000,2443.67000000,2435.61000000,2442.25000000,72.475496,1
1716202800,1716206400,2442.27000000,2443.69000000,2436.94000000,2440.09000000,69.836470,1
1716206400,1716210000,2440.09000000,2447.13000000,2438.67000000,2441.70000000,70.693073,1
1716210000,1716213600,2441.75000000,2443.03000000,2434.54000000,2436.25000000,64.061040,1
1716213600,1716217200,2436.30000000,2437.17000000,2427.65000000,2430.59000000,57.977785,1
1716217200,1716220800,2430.49000000,2430.82000000,2407.32000000,2413.44000000,44.262366,1
1716220800,1716224400,2413.37000000,2422.70000000,2410.35000000,2420.23000000,49.369209,1
1716224400,1716228000,2420.20000000,2423.53000000,2414.76000000,2423.00000000,51.328389,1
1716228000,1716231600,2422.89000000,2426.95000000,2419.44000000,2424.79000000,52.604690,1
1716231600,1716235200,2424.84000000,2428.10000000,2422.49000000,2426.47000000,53.828440,1
1716235200,1716238800,2426.50000000,2436.72000000,2425.64000000,2435.25000000,59.686782,1
1716238800,1716242400,2435.27000000,2437.33000000,2431.81000000,2435.12000000,59.566269,1
1716242400,1716246000,2435.17000000,2435.27000000,2425.97000000,2426.62000000,52.151719,1
1716246000,1716249600,2426.92000000,2427.91000000,2423.23000000,2426.18000000,51.792327,1
1716253200,1716256800,2427.17000000,2430.56000000,2426.38000000,2427.21000000,52.615526,2
1716256800,1716260400,2427.21000000,2428.54000000,2425.20000000,2426.11000000,51.602090,2
1716260400,1716264000,2426.34000000,2429.81000000,2424.26000000,2428.85000000,53.979875,2
1716264000,1716267600,2428.82000000,2433.09000000,2419.52000000,2420.37000000,46.384505,2
1716267600,1716271200,2420.34000000,2422.60000000,2411.42000000,2413.87000000,41.557591,2
1716271200,1716274800,2413.83000000,2417.19000000,2406.22000000,2413.67000000,41.414782,2
1716274800,1716278400,2413.69000000,2415.86000000,2410.66000000,2412.38000000,40.449269,2
1716278400,1716282000,2412.38000000,2417.99000000,2412.13000000,2416.50000000,44.869895,2
1716282000,1716285600,2416.46000000,2417.38000000,2409.67000000,2410.64000000,40.288831,2
1716285600,1716289200,2410.80000000,2422.17000000,2408.57000000,2419.25000000,48.593455,2
1716289200,1716292800,2419.25000000,2419.94000000,2414.32000000,2418.72000000,48.149525,2
1716292800,1716296400,2418.68000000,2420.19000000,2412.16000000,2416.32000000,46.095913,2
1716296400,1716300000,2416.33000000,2420.09000000,2414.92000000,2419.77000000,49.434577,2
1716300000,1716303600,2419.81000000,2423.80000000,2417.30000000,2423.39000000,52.742076,2
1716303600,1716307200,2423.42000000,2430.01000000,2422.36000000,2426.17000000,55.167354,2
1716307200,1716310800,2426.19000000,2431.51000000,2420.43000000,2427.76000000,56.541088,2
1716310800,1716314400,2427.82000000,2431.59000000,2425.28000000,2429.51000000,58.064155,2
1716314400,1716318000,2429.56000000,2433.88000000,2420.00000000,2423.29000000,51.196372,2
1716318000,1716321600,2423.30000000,2423.66000000,2418.03000000,2422.93000000,50.821697,2
1716321600,1716325200,2422.96000000,2423.76000000,2418.55000000,2419.94000000,47.699350,2
1716325200,1716328800,2419.95000000,2420.54000000,2417.40000000,2420.42000000,48.249024,2
1716328800,1716332400,2420.48000000,2425.03000000,2419.92000000,2423.32000000,51.561340,2
1716332400,1716336000,2423.39000000,2423.40000000,2420.35000000,2420.78000000,48.625721,2
1716339600,1716343200,2421.23000000,2422.23000000,2420.62000000,2422.01000000,50.107114,3
1716343200,1716346800,2421.98000000,2422.12000000,2421.19000000,2421.71000000,49.730455,3
1716346800,1716350400,2421.73000000,2423.18000000,2420.35000000,2420.50000000,48.158045,3
1716350400,1716354000,2420.51000000,2423.38000000,2419.30000000,2422.02000000,50.284603,3
1716354000,1716357600,2422.01000000,2426.56000000,2415.91000000,2417.83000000,44.826005,3
1716357600,1716361200,2417.77000000,2419.55000000,2412.51000000,2414.14000000,40.641774,3
1716361200,1716364800,2414.13000000,2416.15000000,2412.13000000,2412.86000000,39.272341,3
1716364800,1716368400,2412.85000000,2417.36000000,2411.45000000,2417.08000000,45.761160,3
1716368400,1716372000,2417.22000000,2418.13000000,2413.69000000,2417.05000000,45.723756,3
1716372000,1716375600,2417.04000000,2418.47000000,2412.33000000,2417.17000000,45.914191,3
1716375600,1716379200,2416.96000000,2417.48000000,2410.59000000,2417.05000000,45.741357,3
1716379200,1716382800,2417.03000000,2417.97000000,2414.40000000,2417.24000000,46.087399,3
1716382800,1716386400,2417.32000000,2419.32000000,2414.21000000,2414.72000000,42.239601,3
1716386400,1716390000,2414.63000000,2415.27000000,2404.76000000,2408.68000000,34.750747,3
1716390000,1716393600,2408.69000000,2415.05000000,2408.68000000,2412.40000000,41.616333,3
1716393600,1716397200,2412.36000000,2413.31000000,2405.81000000,2411.54000000,40.553963,3
1716397200,1716400800,2410.68000000,2411.03000000,2382.19000000,2388.54000000,23.370885,3
1716400800,1716404400,2388.46000000,2395.38000000,2386.55000000,2392.01000000,28.306420,3
1716404400,1716408000,2391.89000000,2394.97000000,2389.44000000,2391.99000000,28.295108,3
1716408000,1716411600,2391.95000000,2394.30000000,2386.71000000,2388.93000000,26.547093,3
1716411600,1716415200,2388.38000000,2390.70000000,2374.94000000,2377.81000000,21.378436,3
1716415200,1716418800,2377.75000000,2380.07000000,2376.84000000,2379.35000000,23.596999,3
1716418800,1716422400,2379.61000000,2380.60000000,2377.36000000,2378.57000000,23.239305,3
1716426000,1716429600,2379.57000000,2381.48000000,2378.54000000,2380.61000000,26.382396,4
1716429600,1716433200,2380.63000000,2382.70000000,2380.31000000,2382.17000000,28.783858,4
1716433200,1716436800,2382.19000000,2383.67000000,2378.89000000,2380.33000000,27.638639,4
1716436800,1716440400,2380.28000000,2381.92000000,2366.69000000,2372.97000000,23.594747,4
1716440400,1716444000,2372.93000000,2375.69000000,2368.10000000,2369.34000000,21.893339,4
1716444000,1716447600,2369.40000000,2372.89000000,2367.91000000,2372.43000000,26.736378,4
1716447600,1716451200,2372.32000000,2373.94000000,2371.51000000,2372.80000000,27.317527,4
1716451200,1716454800,2372.78000000,2373.14000000,2358.23000000,2360.03000000,21.097371,4
1716454800,1716458400,2360.13000000,2367.20000000,2354.94000000,2364.25000000,27.011875,4
1716458400,1716462000,2364.23000000,2364.74000000,2355.06000000,2356.09000000,23.364752,4
1716462000,1716465600,2356.12000000,2361.82000000,2355.13000000,2360.46000000,28.901232,4
1716465600,1716469200,2360.33000000,2364.26000000,2358.85000000,2364.13000000,33.261856,4
1716469200,1716472800,2364.16000000,2367.69000000,2363.57000000,2366.35000000,35.825858,4
1716472800,1716476400,2366.38000000,2369.40000000,2365.61000000,2368.02000000,37.762911,4
1716476400,1716480000,2368.12000000,2369.30000000,2360.70000000,2362.64000000,34.183224,4
1716480000,1716483600,2362.76000000,2369.83000000,2350.61000000,2358.61000000,31.754946,4
1716483600,1716487200,2358.59000000,2363.92000000,2341.50000000,2345.91000000,25.586457,4
1716487200,1716490800,2345.91000000,2349.80000000,2340.29000000,2346.11000000,25.830801,4
1716490800,1716494400,2346.04000000,2350.17000000,2339.99000000,2340.92000000,23.659694,4
1716494400,1716498000,2340.92000000,2342.94000000,2331.88000000,2332.20000000,20.536471,4
1716498000,1716501600,2332.24000000,2336.36000000,2331.69000000,2334.66000000,23.600465,4
1716501600,1716505200,2334.47000000,2334.83000000,2330.97000000,2331.57000000,22.430515,4
1716505200,1716508800,2331.90000000,2332.74000000,2326.97000000,2328.01000000,21.130826,4
1716512400,1716516000,2329.96000000,2332.04000000,2328.80000000,2330.91000000,24.945936,5
1716516000,1716519600,2330.89000000,2333.58000000,2330.44000000,2331.95000000,26.322370,5
1716519600,1716523200,2331.95000000,2332.35000000,2327.51000000,2329.10000000,24.970885,5
1716523200,1716526800,2329.04000000,2335.20000000,2326.67000000,2333.91000000,31.374926,5
1716526800,1716530400,2333.87000000,2334.51000000,2325.39000000,2330.80000000,29.614841,5
1716530400,1716534000,2330.64000000,2331.56000000,2328.50000000,2330.65000000,29.528798,5
1716534000,1716537600,2330.53000000,2335.13000000,2330.47000000,2335.03000000,35.428267,5
1716537600,1716541200,2335.02000000,2339.17000000,2333.15000000,2338.49000000,39.721185,5
1716541200,1716544800,2338.49000000,2339.50000000,2335.26000000,2338.73000000,40.019066,5
1716544800,1716548400,2338.77000000,2340.55000000,2336.91000000,2337.62000000,39.057715,5
1716548400,1716552000,2337.64000000,2341.09000000,2336.04000000,2340.14000000,42.438439,5
1716552000,1716555600,2340.15000000,2343.24000000,2337.49000000,2337.57000000,40.001289,5
1716555600,1716559200,2337.55000000,2343.89000000,2336.94000000,2340.23000000,43.610828,5
1716559200,1716562800,2340.24000000,2342.02000000,2337.74000000,2338.17000000,41.527234,5
1716562800,1716566400,2338.18000000,2340.81000000,2335.97000000,2339.26000000,43.076945,5
1716566400,1716570000,2339.30000000,2347.41000000,2336.80000000,2337.37000000,41.045600,5
1716570000,1716573600,2337.88000000,2343.17000000,2335.46000000,2338.44000000,42.693200,5
1716573600,1716577200,2338.48000000,2340.25000000,2332.39000000,2334.54000000,38.472789,5
1716577200,1716580800,2334.61000000,2337.00000000,2332.81000000,2334.22000000,38.139637,5
1716580800,1716584400,2334.23000000,2334.48000000,2331.89000000,2332.63000000,36.450651,5
1716584400,1716588000,2332.61000000,2336.68000000,2332.49000000,2334.85000000,40.418040,5
1716588000,1716591600,2334.86000000,2334.86000000,2331.86000000,2333.77000000,39.137931,5
1716591600,1716595200,2334.22000000,2335.15000000,2333.56000000,2333.66000000,39.002438,5
1716771600,1716775200,2336.26000000,2340.60000000,2332.22000000,2340.24000000,50.125319,1
1716775200,1716778800,2340.23000000,2340.69000000,2336.56000000,2337.17000000,45.918182,1
1716778800,1716782400,2337.24000000,2337.41000000,2334.39000000,2336.13000000,44.553928,1
1716782400,1716786000,2336.07000000,2340.38000000,2334.55000000,2339.69000000,50.027183,1
1716786000,1716789600,2339.62000000,2346.42000000,2338.73000000,2346.09000000,58.045265,1
1716789600,1716793200,2346.07000000,2347.56000000,2343.65000000,2345.99000000,57.888973,1
1716793200,1716796800,2345.97000000,2346.05000000,2341.02000000,2342.95000000,53.199379,1
1716796800,1716800400,2342.89000000,2344.21000000,2340.28000000,2343.71000000,54.198333,1
1716800400,1716804000,2343.72000000,2344.61000000,2341.24000000,2341.41000000,50.673234,1
1716804000,1716807600,2341.51000000,2341.59000000,2338.09000000,2338.51000000,46.561132,1
1716807600,1716811200,2338.61000000,2346.14000000,2338.17000000,2344.21000000,54.394737,1
1716811200,1716814800,2344.22000000,2345.79000000,2343.02000000,2343.27000000,53.014553,1
1716814800,1716818400,2343.30000000,2345.82000000,2342.44000000,2344.89000000,55.127703,1
1716818400,1716822000,2344.87000000,2346.04000000,2343.22000000,2345.04000000,55.328041,1
1716822000,1716825600,2345.05000000,2349.63000000,2343.67000000,2347.19000000,58.208146,1
1716825600,1716829200,2347.18000000,2357.02000000,2344.61000000,2354.96000000,66.591186,1
1716829200,1716832800,2355.01000000,2358.52000000,2354.08000000,2354.23000000,65.266578,1
1716832800,1716836400,2354.27000000,2356.82000000,2352.18000000,2352.38000000,61.905832,1
1716836400,1716840000,2352.41000000,2355.60000000,2352.11000000,2354.96000000,64.640378,1
1716840000,1716843600,2354.93000000,2355.07000000,2352.33000000,2355.03000000,64.714387,1
1716843600,1716847200,2355.03000000,2355.10000000,2350.52000000,2350.98000000,57.248439,1
1716858000,1716861600,2352.40000000,2353.78000000,2351.44000000,2352.11000000,58.680773,2
1716861600,1716865200,2352.08000000,2352.81000000,2351.06000000,2352.43000000,59.098686,2
1716865200,1716868800,2352.42000000,2353.56000000,2351.19000000,2351.76000000,57.780952,2
1716868800,1716872400,2351.71000000,2356.38000000,2349.10000000,2354.71000000,61.817804,2
1716872400,1716876000,2354.68000000,2355.85000000,2351.55000000,2354.13000000,60.591116,2
1716876000,1716879600,2354.11000000,2354.50000000,2350.17000000,2350.91000000,54.164957,2
1716879600,1716883200,2350.87000000,2352.07000000,2350.42000000,2350.97000000,54.262299,2
1716883200,1716886800,2350.98000000,2353.69000000,2349.59000000,2350.42000000,53.148048,2
1716886800,1716890400,2350.39000000,2350.39000000,2341.33000000,2341.78000000,39.445116,2
1716890400,1716894000,2341.73000000,2344.96000000,2341.69000000,2344.02000000,43.511472,2
1716894000,1716897600,2344.03000000,2345.03000000,2340.24000000,2344.88000000,45.037484,2
1716897600,1716901200,2344.89000000,2345.13000000,2342.32000000,2343.77000000,43.407543,2
1716901200,1716904800,2343.77000000,2346.19000000,2343.13000000,2345.70000000,46.999235,2
1716904800,1716908400,2345.68000000,2348.45000000,2343.53000000,2347.36000000,49.941961,2
1716908400,1716912000,2347.28000000,2357.10000000,2345.91000000,2353.19000000,58.629614,2
1716912000,1716915600,2353.24000000,2364.15000000,2352.26000000,2355.02000000,60.922201,2
1716915600,1716919200,2354.82000000,2356.90000000,2347.91000000,2355.31000000,61.288310,2
1716919200,1716922800,2355.26000000,2362.13000000,2352.99000000,2360.23000000,66.946185,2
1716922800,1716926400,2360.24000000,2362.15000000,2355.21000000,2356.64000000,60.049582,2
1716926400,1716930000,2356.67000000,2360.09000000,2353.22000000,2356.88000000,60.343701,2
1716930000,1716933600,2356.85000000,2357.79000000,2352.80000000,2357.10000000,60.629832,2
1716933600,1716937200,2357.11000000,2360.14000000,2355.78000000,2358.13000000,62.011809,2
1716937200,1716940800,2358.11000000,2361.34000000,2357.85000000,2361.15000000,65.802216,2
1716944400,1716948000,2362.71000000,2362.88000000,2358.00000000,2359.12000000,61.369560,3
1716948000,1716951600,2359.14000000,2360.80000000,2358.07000000,2359.81000000,62.299194,3
1716951600,1716955200,2359.82000000,2361.03000000,2357.30000000,2357.83000000,57.986858,3
1716955200,1716958800,2357.82000000,2359.43000000,2355.66000000,2356.43000000,55.083508,3
1716958800,1716962400,2356.39000000,2360.86000000,2354.40000000,2355.62000000,53.417062,3
1716962400,1716966000,2355.60000000,2359.12000000,2355.28000000,2358.17000000,57.750487,3
1716966000,1716969600,2358.14000000,2358.96000000,2356.90000000,2358.23000000,57.849845,3
1716969600,1716973200,2358.29000000,2361.31000000,2356.44000000,2356.74000000,54.426817,3
1716973200,1716976800,2356.74000000,2356.74000000,2351.07000000,2355.77000000,52.258920,3
1716976800,1716980400,2355.77000000,2356.20000000,2350.02000000,2350.49000000,42.366635,3
1716980400,1716984000,2350.63000000,2351.84000000,2344.90000000,2345.48000000,35.499880,3
1716984000,1716987600,2345.60000000,2346.16000000,2340.88000000,2345.62000000,35.812956,3
1716987600,1716991200,2345.57000000,2347.21000000,2343.07000000,2346.43000000,37.697206,3
1716991200,1716994800,2346.47000000,2347.02000000,2338.51000000,2341.70000000,31.822498,3
1716994800,1716998400,2341.57000000,2343.76000000,2334.48000000,2337.76000000,27.919451,3
1716998400,1717002000,2337.62000000,2347.17000000,2335.87000000,2345.66000000,43.012162,3
1717002000,1717005600,2345.66000000,2346.44000000,2341.43000000,2343.49000000,40.503408,3
1717005600,1717009200,2343.44000000,2343.75000000,2336.72000000,2339.15000000,35.982989,3
1717009200,1717012800,2339.13000000,2341.91000000,2336.02000000,2341.91000000,40.528668,3
1717012800,1717016400,2341.82000000,2344.26000000,2339.34000000,2343.66000000,43.278855,3
1717016400,1717020000,2343.65000000,2344.32000000,2338.06000000,2338.26000000,37.514002,3
1717020000,1717023600,2338.27000000,2339.30000000,2336.44000000,2336.77000000,36.085685,3
1717023600,1717027200,2336.87000000,2338.81000000,2336.05000000,2338.48000000,38.958142,3
1717030800,1717034400,2336.94000000,2339.15000000,2336.94000000,2337.62000000,38.032387,4
1717034400,1717038000,2337.64000000,2339.08000000,2337.58000000,2338.32000000,39.296813,4
1717038000,1717041600,2338.34000000,2338.34000000,2334.00000000,2336.93000000,37.653807,4
1717041600,1717045200,2336.97000000,2339.85000000,2332.79000000,2334.01000000,34.399993,4
1717045200,1717048800,2334.02000000,2336.55000000,2328.02000000,2330.84000000,31.243501,4
1717048800,1717052400,2330.82000000,2335.07000000,2329.14000000,2334.36000000,38.041983,4
1717052400,1717056000,2334.38000000,2337.15000000,2334.01000000,2335.28000000,39.719642,4
1717056000,1717059600,2335.23000000,2335.84000000,2322.64000000,2324.92000000,29.901047,4
1717059600,1717063200,2324.99000000,2333.11000000,2324.00000000,2333.00000000,41.953061,4
1717063200,1717066800,2332.91000000,2337.72000000,2332.18000000,2334.36000000,43.707393,4
1717066800,1717070400,2334.41000000,2335.79000000,2331.88000000,2335.02000000,44.582714,4
1717070400,1717074000,2335.03000000,2337.97000000,2331.61000000,2333.15000000,42.563263,4
1717074000,1717077600,2333.15000000,2340.84000000,2330.58000000,2340.64000000,51.951273,4
1717077600,1717081200,2340.65000000,2340.65000000,2335.26000000,2335.80000000,46.645576,4
1717081200,1717084800,2335.82000000,2345.23000000,2331.96000000,2341.38000000,52.649612,4
1717084800,1717088400,2341.17000000,2348.66000000,2339.69000000,2348.66000000,59.114025,4
1717088400,1717092000,2349.03000000,2351.76000000,2342.73000000,2344.09000000,54.119135,4
1717092000,1717095600,2344.09000000,2345.76000000,2341.71000000,2343.79000000,53.797777,4
1717095600,1717099200,2343.81000000,2348.06000000,2340.85000000,2347.86000000,57.486088,4
1717099200,1717102800,2347.88000000,2348.80000000,2342.81000000,2344.36000000,53.528691,4
1717102800,1717106400,2344.37000000,2344.51000000,2341.26000000,2342.54000000,51.541710,4
1717106400,1717110000,2342.58000000,2342.58000000,2339.84000000,2341.50000000,50.390636,4
1717110000,1717113600,2341.48000000,2343.62000000,2341.44000000,2342.99000000,52.043105,4
1717117200,1717120800,2344.27000000,2344.69000000,2342.03000000,2344.16000000,53.356940,5
1717120800,1717124400,2344.09000000,2346.40000000,2343.14000000,2343.98000000,53.115847,5
1717124400,1717128000,2343.99000000,2347.51000000,2342.56000000,2346.30000000,55.882805,5
1717128000,1717131600,2346.30000000,2347.65000000,2343.07000000,2346.56000000,56.194817,5
1717131600,1717135200,2346.53000000,2347.71000000,2342.29000000,2342.53000000,50.261276,5
1717135200,1717138800,2342.55000000,2343.70000000,2336.95000000,2343.68000000,51.824500,5
1717138800,1717142400,2343.66000000,2345.59000000,2341.00000000,2344.10000000,52.412739,5
1717142400,1717146000,2344.10000000,2344.81000000,2341.68000000,2342.42000000,49.793674,5
1717146000,1717149600,2342.33000000,2347.03000000,2341.90000000,2345.76000000,54.645969,5
1717149600,1717153200,2345.77000000,2345.77000000,2339.89000000,2340.36000000,46.774902,5
1717153200,1717156800,2340.36000000,2343.83000000,2339.69000000,2343.19000000,50.776431,5
1717156800,1717160400,2343.18000000,2344.44000000,2340.96000000,2342.12000000,49.268232,5
1717160400,1717164000,2342.02000000,2344.52000000,2341.54000000,2343.95000000,51.899689,5
1717164000,1717167600,2343.96000000,2344.91000000,2342.63000000,2343.80000000,51.663139,5
1717167600,1717171200,2343.77000000,2356.73000000,2342.40000000,2354.74000000,64.405518,5
1717171200,1717174800,2354.59000000,2359.65000000,2343.28000000,2348.13000000,54.975545,5
1717174800,1717178400,2348.35000000,2349.03000000,2334.14000000,2335.21000000,42.023798,5
1717178400,1717182000,2335.24000000,2336.13000000,2327.69000000,2330.03000000,38.143774,5
1717182000,1717185600,2330.06000000,2336.67000000,2329.69000000,2332.83000000,41.298773,5
1717185600,1717189200,2332.81000000,2333.80000000,2323.97000000,2325.99000000,36.412784,5
1717189200,1717192800,2325.97000000,2327.23000000,2322.30000000,2322.86000000,34.406778,5
1717192800,1717196400,2322.92000000,2328.21000000,2320.56000000,2327.68000000,39.897834,5
1717196400,1717200000,2327.61000000,2330.59000000,2326.66000000,2326.99000000,39.389483,5
1717376400,1717380000,2328.89000000,2329.36000000,2323.27000000,2326.42000000,38.948003,1
1717380000,1717383600,2326.42000000,2326.80000000,2324.02000000,2325.88000000,38.507671,1
1717383600,1717387200,2325.88000000,2327.51000000,2323.94000000,2327.12000000,40.180123,1
1717387200,1717390800,2327.11000000,2331.04000000,2326.11000000,2330.78000000,44.940175,1
1717390800,1717394400,2330.77000000,2330.99000000,2325.56000000,2326.36000000,40.725549,1
1717394400,1717398000,2326.34000000,2328.13000000,2320.93000000,2321.36000000,36.549738,1
1717398000,1717401600,2321.47000000,2322.50000000,2319.97000000,2321.28000000,36.485277,1
1717401600,1717405200,2321.28000000,2323.66000000,2315.35000000,2320.16000000,35.540248,1
1717405200,1717408800,2320.07000000,2322.81000000,2314.67000000,2322.35000000,38.874225,1
1717408800,1717412400,2322.34000000,2328.82000000,2322.13000000,2325.98000000,44.040692,1
1717412400,1717416000,2325.79000000,2328.51000000,2324.73000000,2325.48000000,43.495361,1
1717416000,1717419600,2325.49000000,2328.76000000,2324.23000000,2327.69000000,46.640397,1
1717419600,1717423200,2327.71000000,2333.24000000,2326.22000000,2330.75000000,50.729624,1
1717423200,1717426800,2330.68000000,2332.39000000,2328.92000000,2329.92000000,49.618872,1
1717426800,1717430400,2329.92000000,2334.36000000,2325.63000000,2334.02000000,54.874968,1
1717430400,1717434000,2334.02000000,2336.72000000,2329.77000000,2333.78000000,54.516430,1
1717434000,1717437600,2335.01000000,2345.67000000,2335.01000000,2341.69000000,63.078676,1
1717437600,1717441200,2341.47000000,2344.17000000,2335.46000000,2342.82000000,64.117874,1
1717441200,1717444800,2342.76000000,2350.10000000,2341.28000000,2349.11000000,69.298040,1
1717444800,1717448400,2349.10000000,2354.68000000,2346.04000000,2348.38000000,68.069818,1
1717448400,1717452000,2348.44000000,2349.40000000,2346.46000000,2348.19000000,67.733326,1
1717452000,1717455600,2348.22000000,2349.05000000,2344.68000000,2347.60000000,66.631827,1
1717455600,1717459200,2347.65000000,2351.09000000,2346.96000000,2350.89000000,69.600590,1
1717462800,1717466400,2351.89000000,2352.15000000,2350.08000000,2350.78000000,69.378336,2
1717466400,1717470000,2350.77000000,2351.14000000,2349.72000000,2350.63000000,69.054511,2
1717470000,1717473600,2350.61000000,2352.76000000,2350.09000000,2350.59000000,68.962073,2
1717473600,1717477200,2350.61000000,2352.32000000,2343.14000000,2347.05000000,61.159299,2
1717477200,1717480800,2347.03000000,2349.55000000,2345.61000000,2346.86000000,60.761920,2
1717480800,1717484400,2346.80000000,2347.00000000,2344.12000000,2345.68000000,58.231382,2
1717484400,1717488000,2345.68000000,2349.86000000,2345.06000000,2349.30000000,63.283300,2
1717488000,1717491600,2349.26000000,2349.56000000,2347.27000000,2347.72000000,59.879103,2
1717491600,1717495200,2347.67000000,2351.72000000,2344.24000000,2344.47000000,53.503533,2
1717495200,1717498800,2344.46000000,2345.15000000,2339.06000000,2339.60000000,45.658487,2
1717498800,1717502400,2339.62000000,2339.78000000,2332.28000000,2333.37000000,37.985350,2
1717502400,1717506000,2333.35000000,2334.21000000,2326.74000000,2329.97000000,34.570779,2
1717506000,1717509600,2329.96000000,2334.88000000,2328.91000000,2329.14000000,33.772658,2
1717509600,1717513200,2329.34000000,2329.74000000,2325.34000000,2327.94000000,32.600797,2
1717513200,1717516800,2327.96000000,2336.01000000,2326.61000000,2335.04000000,44.804145,2
1717516800,1717520400,2335.15000000,2337.95000000,2322.08000000,2324.65000000,34.857754,2
1717520400,1717524000,2325.30000000,2332.40000000,2315.57000000,2317.61000000,29.998316,2
1717524000,1717527600,2317.64000000,2328.74000000,2317.38000000,2326.09000000,40.718739,2
1717527600,1717531200,2326.07000000,2329.64000000,2322.52000000,2323.99000000,39.120945,2
1717531200,1717534800,2324.06000000,2330.35000000,2323.74000000,2328.76000000,44.452735,2
1717534800,1717538400,2328.75000000,2329.78000000,2326.11000000,2328.27000000,44.026176,2
1717538400,1717542000,2328.26000000,2328.34000000,2325.99000000,2327.22000000,43.072378,2
1717542000,1717545600,2327.23000000,2327.65000000,2326.02000000,2326.90000000,42.768280,2
1717549200,1717552800,2327.00000000,2328.46000000,2327.00000000,2327.73000000,43.875114,3
1717552800,1717556400,2327.74000000,2328.87000000,2327.53000000,2328.78000000,45.315910,3
1717556400,1717560000,2328.79000000,2329.61000000,2327.65000000,2328.15000000,44.576494,3
1717560000,1717563600,2328.22000000,2330.84000000,2325.82000000,2330.54000000,48.040249,3
1717563600,1717567200,2330.49000000,2333.51000000,2329.89000000,2333.31000000,51.800062,3
1717567200,1717570800,2333.33000000,2337.84000000,2333.01000000,2337.17000000,56.521418,3
1717570800,1717574400,2337.19000000,2338.14000000,2335.82000000,2337.96000000,57.440266,3
1717574400,1717578000,2337.96000000,2341.67000000,2337.33000000,2337.36000000,56.464263,3
1717578000,1717581600,2337.34000000,2338.46000000,2328.03000000,2332.71000000,49.451344,3
1717581600,1717585200,2332.74000000,2333.76000000,2329.11000000,2331.56000000,47.867913,3
1717585200,1717588800,2331.52000000,2335.07000000,2331.32000000,2332.71000000,49.605664,3
1717588800,1717592400,2332.72000000,2333.78000000,2331.02000000,2332.26000000,48.918508,3
1717592400,1717596000,2332.20000000,2335.55000000,2329.56000000,2333.77000000,51.353644,3
1717596000,1717599600,2333.73000000,2335.51000000,2331.07000000,2332.51000000,49.244084,3
1717599600,1717603200,2332.63000000,2343.97000000,2332.19000000,2342.09000000,62.019190,3
1717603200,1717606800,2341.96000000,2345.90000000,2338.11000000,2345.07000000,64.972584,3
1717606800,1717610400,2345.10000000,2350.32000000,2334.02000000,2348.95000000,68.416250,3
1717610400,1717614000,2348.98000000,2357.37000000,2348.98000000,2353.73000000,72.060532,3
1717614000,1717617600,2353.72000000,2354.98000000,2351.34000000,2352.64000000,70.074921,3
1717617600,1717621200,2352.71000000,2355.73000000,2351.65000000,2355.01000000,71.888699,3
1717621200,1717624800,2355.03000000,2356.72000000,2353.43000000,2355.80000000,72.487311,3
1717624800,1717628400,2355.77000000,2356.09000000,2352.61000000,2354.10000000,69.078419,3
1717628400,1717632000,2354.14000000,2355.26000000,2352.80000000,2355.24000000,70.094080,3
1717635600,1717639200,2355.19000000,2357.09000000,2355.12000000,2356.90000000,71.559020,4
1717639200,1717642800,2356.90000000,2357.52000000,2354.75000000,2355.01000000,67.504550,4
1717642800,1717646400,2355.03000000,2355.92000000,2354.48000000,2355.64000000,68.152306,4
1717646400,1717650000,2355.74000000,2373.31000000,2355.53000000,2367.45000000,77.290947,4
1717650000,1717653600,2367.43000000,2374.72000000,2365.06000000,2374.32000000,80.751139,4
1717653600,1717657200,2374.55000000,2374.94000000,2367.61000000,2368.53000000,70.940408,4
1717657200,1717660800,2368.46000000,2370.53000000,2366.88000000,2369.43000000,71.519633,4
1717660800,1717664400,2369.44000000,2371.40000000,2366.34000000,2367.69000000,68.669830,4
1717664400,1717668000,2367.73000000,2367.99000000,2363.11000000,2367.06000000,67.619234,4
1717668000,1717671600,2367.03000000,2368.30000000,2362.10000000,2362.86000000,60.926973,4
1717671600,1717675200,2362.83000000,2363.17000000,2359.78000000,2362.89000000,60.956697,4
1717675200,1717678800,2362.87000000,2363.88000000,2358.49000000,2361.55000000,58.804857,4
1717678800,1717682400,2361.60000000,2361.91000000,2359.45000000,2361.05000000,57.982359,4
1717682400,1717686000,2361.11000000,2362.01000000,2359.15000000,2359.79000000,55.861936,4
1717686000,1717689600,2359.80000000,2365.23000000,2355.24000000,2357.57000000,52.237222,4
1717689600,1717693200,2357.52000000,2366.94000000,2353.37000000,2360.59000000,56.383403,4
1717693200,1717696800,2360.58000000,2366.32000000,2358.45000000,2364.18000000,60.745726,4
1717696800,1717700400,2364.13000000,2378.48000000,2364.04000000,2374.28000000,69.874491,4
1717700400,1717704000,2374.31000000,2376.84000000,2370.31000000,2372.86000000,67.497833,4
1717704000,1717707600,2372.89000000,2374.03000000,2370.67000000,2373.11000000,67.706093,4
1717707600,1717711200,2373.05000000,2373.67000000,2368.94000000,2372.09000000,65.852104,4
1717711200,1717714800,2372.08000000,2375.41000000,2371.20000000,2372.46000000,66.213521,4
1717714800,1717718400,2372.60000000,2376.15000000,2372.30000000,2375.74000000,69.314083,4
1717722000,1717725600,2376.21000000,2377.10000000,2375.60000000,2376.93000000,70.376256,5
1717725600,1717729200,2376.94000000,2378.28000000,2376.27000000,2376.72000000,69.916326,5
1717729200,1717732800,2376.67000000,2379.21000000,2375.95000000,2378.35000000,71.474622,5
1717732800,1717736400,2378.45000000,2379.98000000,2370.14000000,2371.01000000,57.125053,5
1717736400,1717740000,2371.01000000,2378.14000000,2369.34000000,2376.54000000,63.130770,5
1717740000,1717743600,2376.53000000,2381.95000000,2375.08000000,2380.06000000,66.360817,5
1717743600,1717747200,2380.04000000,2387.48000000,2379.19000000,2386.59000000,71.371516,5
1717747200,1717750800,2386.60000000,2387.63000000,2374.98000000,2375.93000000,56.560230,5
1717750800,1717754400,2375.82000000,2377.73000000,2372.85000000,2375.39000000,55.927073,5
1717754400,1717758000,2375.36000000,2379.29000000,2372.73000000,2373.53000000,53.697321,5
1717758000,1717761600,2373.45000000,2373.88000000,2342.69000000,2347.27000000,33.431717,5
1717761600,1717765200,2347.19000000,2347.94000000,2337.38000000,2339.31000000,29.764710,5
1717765200,1717768800,2339.29000000,2339.30000000,2331.98000000,2333.57000000,27.428368,5
1717768800,1717772400,2333.49000000,2339.33000000,2330.84000000,2336.64000000,30.567495,5
1717772400,1717776000,2336.63000000,2339.26000000,2313.51000000,2319.24000000,24.182755,5
1717776000,1717779600,2319.32000000,2328.05000000,2304.94000000,2309.42000000,21.458600,5
1717779600,1717783200,2309.49000000,2321.02000000,2307.56000000,2313.28000000,25.033420,5
1717783200,1717786800,2313.30000000,2315.53000000,2304.43000000,2304.95000000,22.638727,5
1717786800,1717790400,2305.07000000,2314.52000000,2302.97000000,2311.63000000,28.542048,5
1717790400,1717794000,2311.63000000,2312.30000000,2303.73000000,2305.55000000,26.555755,5
1717794000,1717797600,2305.69000000,2307.10000000,2299.90000000,2301.45000000,25.278229,5
1717797600,1717801200,2301.45000000,2301.48000000,2287.71000000,2288.33000000,21.683437,5
1717801200,1717804800,2288.22000000,2294.27000000,2286.71000000,2292.86000000,25.616688,5
1717981200,1717984800,2293.02000000,2298.40000000,2289.51000000,2297.41000000,29.449321,1
1717984800,1717988400,2297.38000000,2300.02000000,2296.48000000,2298.49000000,30.366464,1
1717988400,1717992000,2298.48000000,2299.81000000,2294.13000000,2296.98000000,29.783490,1
1717992000,1717995600,2296.95000000,2297.97000000,2293.95000000,2297.61000000,30.383989,1
1717995600,1717999200,2297.61000000,2301.42000000,2295.46000000,2296.23000000,29.783138,1
1717999200,1718002800,2296.21000000,2297.74000000,2294.83000000,2295.28000000,29.352809,1
1718002800,1718006400,2295.28000000,2295.80000000,2292.73000000,2294.80000000,29.123837,1
1718006400,1718010000,2294.82000000,2297.31000000,2292.11000000,2295.63000000,30.138660,1
1718010000,1718013600,2295.72000000,2296.51000000,2287.72000000,2291.13000000,27.813440,1
1718013600,1718017200,2291.22000000,2297.18000000,2290.43000000,2296.51000000,34.336052,1
1718017200,1718020800,2296.46000000,2297.55000000,2292.41000000,2292.56000000,32.046526,1
1718020800,1718024400,2292.56000000,2297.46000000,2291.82000000,2295.35000000,35.326809,1
1718024400,1718028000,2295.37000000,2298.78000000,2295.30000000,2298.51000000,38.923017,1
1718028000,1718031600,2298.57000000,2305.19000000,2297.93000000,2305.09000000,45.694556,1
1718031600,1718035200,2305.11000000,2308.71000000,2303.19000000,2306.13000000,46.700389,1
1718035200,1718038800,2306.09000000,2307.82000000,2300.36000000,2305.61000000,46.239233,1
1718038800,1718042400,2305.74000000,2307.24000000,2301.82000000,2302.67000000,43.616769,1
1718042400,1718046000,2302.68000000,2308.65000000,2301.34000000,2307.38000000,48.642097,1
1718046000,1718049600,2307.65000000,2313.77000000,2307.02000000,2312.89000000,53.826757,1
1718049600,1718053200,2312.89000000,2313.35000000,2309.07000000,2311.87000000,52.764840,1
1718053200,1718056800,2311.88000000,2312.01000000,2309.92000000,2310.91000000,51.730426,1
1718056800,1718060400,2310.92000000,2312.23000000,2308.59000000,2308.79000000,49.426041,1
1718060400,1718064000,2308.95000000,2310.95000000,2308.51000000,2310.81000000,51.636716,1
1718067600,1718071200,2311.46000000,2312.10000000,2309.68000000,2309.72000000,50.357563,2
1718071200,1718074800,2309.71000000,2310.59000000,2308.73000000,2309.91000000,50.587344,2
1718074800,1718078400,2309.91000000,2311.88000000,2309.05000000,2310.73000000,51.627982,2
1718078400,1718082000,2310.68000000,2310.68000000,2301.61000000,2302.76000000,42.302754,2
1718082000,1718085600,2302.75000000,2303.65000000,2298.74000000,2301.83000000,41.363885,2
1718085600,1718089200,2301.84000000,2304.37000000,2300.73000000,2303.64000000,43.970251,2
1718089200,1718092800,2303.65000000,2303.86000000,2301.40000000,2303.55000000,43.865840,2
1718092800,1718096400,2303.55000000,2304.32000000,2297.68000000,2299.62000000,39.459550,2
1718096400,1718100000,2299.54000000,2304.58000000,2298.67000000,2302.09000000,43.313577,2
1718100000,1718103600,2302.07000000,2305.38000000,2301.64000000,2304.59000000,46.991815,2
1718103600,1718107200,2304.67000000,2307.69000000,2303.20000000,2306.00000000,49.001740,2
1718107200,1718110800,2306.04000000,2307.37000000,2301.54000000,2306.54000000,49.786998,2
1718110800,1718114400,2306.56000000,2308.86000000,2305.22000000,2307.90000000,51.799955,2
1718114400,1718118000,2307.89000000,2308.28000000,2305.48000000,2307.60000000,51.311304,2
1718118000,1718121600,2307.61000000,2319.97000000,2307.57000000,2317.95000000,63.947322,2
1718121600,1718125200,2317.95000000,2319.55000000,2309.25000000,2314.64000000,58.700501,2
1718125200,1718128800,2314.36000000,2317.75000000,2312.41000000,2314.73000000,58.799488,2
1718128800,1718132400,2314.76000000,2315.89000000,2309.93000000,2310.24000000,52.091582,2
1718132400,1718136000,2310.42000000,2312.36000000,2305.88000000,2308.53000000,49.763190,2
1718136000,1718139600,2308.59000000,2313.43000000,2307.85000000,2312.77000000,55.119885,2
1718139600,1718143200,2312.79000000,2315.63000000,2312.13000000,2313.68000000,56.199367,2
1718143200,1718146800,2313.68000000,2315.65000000,2312.48000000,2315.30000000,58.130098,2
1718146800,1718150400,2315.66000000,2316.92000000,2314.76000000,2316.76000000,59.847897,2
1718154000,1718157600,2316.81000000,2317.54000000,2315.15000000,2316.95000000,60.077445,3
1718157600,1718161200,2316.90000000,2317.44000000,2313.81000000,2315.16000000,56.783818,3
1718161200,1718164800,2315.21000000,2315.62000000,2313.41000000,2313.73000000,54.226177,3
1718164800,1718168400,2313.70000000,2315.15000000,2310.78000000,2314.37000000,55.198775,3
1718168400,1718172000,2314.36000000,2315.49000000,2310.66000000,2313.61000000,53.738547,3
1718172000,1718175600,2313.60000000,2316.71000000,2313.59000000,2314.01000000,54.421952,3
1718175600,1718179200,2314.00000000,2314.34000000,2312.37000000,2312.70000000,51.726876,3
1718179200,1718182800,2312.70000000,2315.35000000,2312.29000000,2314.97000000,55.810581,3
1718182800,1718186400,2314.97000000,2317.73000000,2313.77000000,2314.84000000,55.520909,3
1718186400,1718190000,2314.80000000,2315.40000000,2311.14000000,2314.50000000,54.720954,3
1718190000,1718193600,2314.50000000,2315.72000000,2310.80000000,2312.73000000,50.631126,3
1718193600,1718197200,2312.72000000,2315.43000000,2312.15000000,2314.02000000,53.366701,3
1718197200,1718200800,2314.03000000,2314.72000000,2312.09000000,2313.33000000,51.716015,3
1718200800,1718204400,2313.30000000,2314.78000000,2312.23000000,2312.76000000,50.331044,3
1718204400,1718208000,2312.78000000,2337.59000000,2311.58000000,2335.86000000,77.098336,3
1718208000,1718211600,2336.02000000,2341.63000000,2325.00000000,2329.75000000,66.838099,3
1718211600,1718215200,2329.76000000,2329.86000000,2320.07000000,2325.30000000,60.520943,3
1718215200,1718218800,2325.50000000,2337.16000000,2324.64000000,2335.58000000,68.036618,3
1718218800,1718222400,2335.54000000,2338.15000000,2333.10000000,2337.67000000,69.315578,3
1718222400,1718226000,2337.67000000,2339.54000000,2332.84000000,2335.15000000,65.892032,3
1718226000,1718229600,2333.94000000,2333.94000000,2319.48000000,2322.75000000,52.223620,3
1718229600,1718233200,2322.74000000,2324.61000000,2315.84000000,2321.47000000,51.046491,3
1718233200,1718236800,2321.56000000,2324.98000000,2320.31000000,2324.83000000,53.978922,3
1718240400,1718244000,2325.22000000,2325.23000000,2321.73000000,2321.96000000,51.159884,4
1718244000,1718247600,2322.01000000,2322.40000000,2320.19000000,2320.57000000,49.803283,4
1718247600,1718251200,2320.56000000,2322.92000000,2317.59000000,2320.77000000,50.008691,4
1718251200,1718254800,2320.76000000,2321.53000000,2308.15000000,2312.68000000,42.442964,4
1718254800,1718258400,2312.69000000,2316.06000000,2310.67000000,2314.13000000,44.076043,4
1718258400,1718262000,2314.12000000,2316.32000000,2312.58000000,2314.24000000,44.205377,4
1718262000,1718265600,2314.23000000,2314.81000000,2309.25000000,2311.81000000,41.900085,4
1718265600,1718269200,2311.80000000,2312.25000000,2308.98000000,2311.63000000,41.726500,4
1718269200,1718272800,2311.57000000,2316.17000000,2311.17000000,2315.62000000,46.970924,4
1718272800,1718276400,2315.60000000,2318.59000000,2313.30000000,2317.04000000,48.739051,4
1718276400,1718280000,2317.08000000,2317.23000000,2313.95000000,2315.59000000,47.015191,4
1718280000,1718283600,2315.58000000,2318.44000000,2313.41000000,2315.48000000,46.879729,4
1718283600,1718287200,2315.44000000,2319.97000000,2315.28000000,2316.35000000,48.152128,4
1718287200,1718290800,2316.38000000,2316.68000000,2303.93000000,2306.96000000,37.665463,4
1718290800,1718294400,2306.94000000,2326.68000000,2305.52000000,2323.30000000,55.732237,4
1718294400,1718298000,2323.28000000,2324.74000000,2308.32000000,2310.59000000,44.844467,4
1718298000,1718301600,2310.62000000,2314.39000000,2305.68000000,2313.57000000,47.437249,4
1718301600,1718305200,2313.68000000,2317.02000000,2297.78000000,2298.96000000,38.004635,4
1718305200,1718308800,2298.94000000,2300.36000000,2295.56000000,2299.27000000,38.285049,4
1718308800,1718312400,2299.26000000,2304.42000000,2299.07000000,2301.41000000,40.292771,4
1718312400,1718316000,2301.40000000,2303.97000000,2300.08000000,2303.03000000,41.835387,4
1718316000,1718319600,2303.05000000,2304.94000000,2302.73000000,2303.46000000,42.261802,4
1718319600,1718323200,2303.55000000,2304.30000000,2302.94000000,2303.88000000,42.703643,4
1718326800,1718330400,2304.11000000,2304.11000000,2302.89000000,2302.94000000,41.930262,5
1718330400,1718334000,2302.95000000,2303.26000000,2301.73000000,2302.28000000,41.363827,5
1718334000,1718337600,2302.29000000,2305.68000000,2301.51000000,2304.94000000,44.611445,5
1718337600,1718341200,2304.89000000,2307.16000000,2303.09000000,2306.00000000,45.897402,5
1718341200,1718344800,2305.99000000,2306.99000000,2304.14000000,2306.67000000,46.739124,5
1718344800,1718348400,2306.65000000,2308.61000000,2304.97000000,2305.44000000,45.344398,5
1718348400,1718352000,2305.47000000,2306.13000000,2303.50000000,2305.94000000,46.049182,5
1718352000,1718355600,2305.93000000,2311.59000000,2305.53000000,2309.84000000,51.321895,5
1718355600,1718359200,2309.83000000,2312.76000000,2307.46000000,2312.67000000,54.775824,5
1718359200,1718362800,2312.66000000,2316.65000000,2309.33000000,2315.31000000,57.785006,5
1718362800,1718366400,2315.26000000,2321.67000000,2314.82000000,2317.37000000,60.020450,5
1718366400,1718370000,2317.38000000,2322.73000000,2315.23000000,2322.61000000,65.085173,5
1718370000,1718373600,2322.65000000,2332.63000000,2320.99000000,2330.51000000,71.041453,5
1718373600,1718377200,2330.37000000,2336.60000000,2326.01000000,2332.07000000,72.055242,5
1718377200,1718380800,2332.03000000,2333.40000000,2327.25000000,2330.35000000,69.179583,5
1718380800,1718384400,2330.25000000,2332.86000000,2324.22000000,2330.05000000,68.664848,5
1718384400,1718388000,2330.02000000,2335.45000000,2327.93000000,2330.11000000,68.714984,5
1718388000,1718391600,2330.13000000,2332.15000000,2324.03000000,2326.09000000,61.603064,5
1718391600,1718395200,2326.13000000,2331.86000000,2325.40000000,2328.90000000,64.378390,5
1718395200,1718398800,2328.87000000,2335.55000000,2328.47000000,2334.14000000,68.893589,5
1718398800,1718402400,2334.19000000,2335.11000000,2332.23000000,2334.69000000,69.332980,5
1718402400,1718406000,2334.60000000,2335.38000000,2332.13000000,2332.62000000,65.578458,5
1718406000,1718409600,2332.73000000,2332.97000000,2330.98000000,2332.62000000,65.578458,5
1718586000,1718589600,2331.36000000,2332.84000000,2327.59000000,2328.83000000,58.815386,1
1718589600,1718593200,2328.84000000,2329.63000000,2327.40000000,2328.95000000,58.959704,1
1718593200,1718596800,2328.96000000,2328.96000000,2325.23000000,2326.36000000,54.519149,1
1718596800,1718600400,2326.34000000,2328.95000000,2322.76000000,2326.27000000,54.365922,1
1718600400,1718604000,2326.26000000,2326.26000000,2321.51000000,2322.57000000,48.349688,1
1718604000,1718607600,2322.59000000,2325.22000000,2321.68000000,2324.38000000,51.194962,1
1718607600,1718611200,2324.37000000,2326.22000000,2322.73000000,2323.65000000,49.998667,1
1718611200,1718614800,2323.63000000,2323.65000000,2317.81000000,2318.59000000,42.572673,1
1718614800,1718618400,2318.58000000,2319.24000000,2315.47000000,2317.40000000,41.029299,1
1718618400,1718622000,2317.38000000,2320.11000000,2315.54000000,2316.93000000,40.406246,1
1718622000,1718625600,2316.92000000,2322.23000000,2316.42000000,2321.30000000,48.271749,1
1718625600,1718629200,2321.32000000,2322.63000000,2319.25000000,2320.11000000,46.472976,1
1718629200,1718632800,2319.98000000,2322.55000000,2319.55000000,2320.49000000,47.150224,1
1718632800,1718636400,2320.56000000,2321.92000000,2317.63000000,2318.13000000,43.471537,1
1718636400,1718640000,2318.21000000,2321.13000000,2316.80000000,2319.59000000,46.264688,1
1718640000,1718643600,2319.57000000,2326.26000000,2318.69000000,2320.89000000,48.695534,1
1718643600,1718647200,2320.84000000,2327.57000000,2318.32000000,2324.47000000,54.764338,1
1718647200,1718650800,2324.47000000,2325.51000000,2310.01000000,2312.55000000,38.453884,1
1718650800,1718654400,2312.69000000,2317.09000000,2312.68000000,2316.97000000,44.995663,1
1718654400,1718658000,2316.96000000,2318.38000000,2313.32000000,2316.75000000,44.740755,1
1718658000,1718661600,2316.76000000,2319.26000000,2316.19000000,2317.88000000,46.419782,1
1718661600,1718665200,2317.89000000,2320.60000000,2317.88000000,2320.19000000,49.779133,1
1718665200,1718668800,2320.18000000,2320.76000000,2318.45000000,2319.08000000,48.214808,1
1718672400,1718676000,2319.13000000,2321.19000000,2319.13000000,2321.03000000,51.120836,2
1718676000,1718679600,2321.07000000,2321.23000000,2319.19000000,2320.73000000,50.649919,2
1718679600,1718683200,2320.72000000,2325.55000000,2320.72000000,2324.09000000,55.584840,2
1718683200,1718686800,2324.10000000,2325.42000000,2319.22000000,2322.49000000,52.873430,2
1718686800,1718690400,2322.51000000,2325.65000000,2321.59000000,2324.34000000,55.571990,2
1718690400,1718694000,2324.32000000,2325.11000000,2323.19000000,2324.44000000,55.719592,2
1718694000,1718697600,2324.43000000,2324.79000000,2321.88000000,2322.55000000,52.190431,2
1718697600,1718701200,2322.53000000,2323.73000000,2319.43000000,2322.17000000,51.484365,2
1718701200,1718704800,2322.18000000,2322.71000000,2318.78000000,2320.06000000,47.631103,2
1718704800,1718708400,2320.05000000,2320.11000000,2315.01000000,2315.49000000,40.551920,2
1718708400,1718712000,2315.44000000,2315.44000000,2310.74000000,2311.28000000,35.340922,2
1718712000,1718715600,2311.25000000,2314.26000000,2310.87000000,2311.06000000,35.087185,2
1718715600,1718719200,2311.07000000,2312.36000000,2306.58000000,2308.27000000,31.953929,2
1718719200,1718722800,2308.30000000,2314.15000000,2306.67000000,2313.42000000,42.212141,2
1718722800,1718726400,2313.41000000,2324.15000000,2311.49000000,2313.94000000,43.144160,2
1718726400,1718730000,2313.95000000,2327.75000000,2313.69000000,2326.76000000,60.190853,2
1718730000,1718733600,2326.73000000,2327.06000000,2322.19000000,2323.57000000,55.714535,2
1718733600,1718737200,2323.59000000,2329.77000000,2318.76000000,2326.82000000,59.055439,2
1718737200,1718740800,2326.85000000,2330.73000000,2326.49000000,2330.24000000,62.280214,2
1718740800,1718744400,2330.26000000,2333.10000000,2328.27000000,2329.69000000,61.442124,2
1718744400,1718748000,2329.72000000,2331.48000000,2327.42000000,2331.28000000,62.992543,2
1718748000,1718751600,2331.26000000,2331.26000000,2328.49000000,2329.34000000,59.831329,2
1718751600,1718755200,2329.40000000,2330.61000000,2328.90000000,2329.39000000,59.887202,2
1718758800,1718762400,2329.22000000,2330.40000000,2327.51000000,2328.26000000,57.926186,3
1718762400,1718766000,2328.19000000,2329.57000000,2327.82000000,2328.32000000,58.004819,3
1718766000,1718769600,2328.30000000,2329.98000000,2328.03000000,2329.48000000,59.577730,3
1718769600,1718773200,2329.44000000,2330.98000000,2326.51000000,2330.14000000,60.484594,3
1718773200,1718776800,2330.17000000,2331.26000000,2328.90000000,2330.32000000,60.743266,3
1718776800,1718780400,2330.30000000,2331.76000000,2327.99000000,2328.28000000,56.249185,3
1718780400,1718784000,2328.19000000,2328.43000000,2327.22000000,2327.96000000,55.554850,3
1718784000,1718787600,2327.95000000,2330.09000000,2326.84000000,2329.28000000,57.865325,3
1718787600,1718791200,2329.27000000,2330.74000000,2328.44000000,2330.25000000,59.530232,3
1718791200,1718794800,2330.24000000,2332.68000000,2329.79000000,2331.85000000,62.184548,3
1718794800,1718798400,2331.97000000,2334.98000000,2331.94000000,2332.53000000,63.286644,3
1718798400,1718802000,2332.52000000,2332.74000000,2327.68000000,2328.13000000,52.603617,3
1718802000,1718805600,2328.14000000,2329.88000000,2327.40000000,2327.94000000,52.193896,3
1718805600,1718809200,2327.93000000,2330.99000000,2325.80000000,2330.44000000,56.945711,3
1718809200,1718812800,2330.45000000,2332.90000000,2325.27000000,2328.33000000,52.227249,3
1718812800,1718816400,2328.34000000,2331.44000000,2326.77000000,2328.21000000,51.963542,3
1718816400,1718820000,2328.18000000,2328.36000000,2323.76000000,2326.15000000,47.527085,3
1718820000,1718823600,2326.13000000,2329.82000000,2325.24000000,2329.82000000,54.912534,3
1718823600,1718827200,2329.84000000,2331.34000000,2328.88000000,2329.42000000,54.020101,3
1718827200,1718830800,2329.44000000,2331.05000000,2329.23000000,2330.01000000,55.177225,3
1718830800,1718834400,2330.09000000,2330.13000000,2328.14000000,2328.30000000,51.158757,3
1718845200,1718848800,2328.96000000,2330.61000000,2328.86000000,2330.44000000,55.524185,4
1718848800,1718852400,2330.43000000,2330.43000000,2328.69000000,2329.38000000,52.997383,4
1718852400,1718856000,2329.39000000,2329.82000000,2327.73000000,2329.69000000,53.661540,4
1718856000,1718859600,2329.72000000,2338.99000000,2329.72000000,2336.32000000,65.039480,4
1718859600,1718863200,2336.30000000,2337.34000000,2332.83000000,2333.78000000,59.056787,4
1718863200,1718866800,2333.77000000,2334.40000000,2332.40000000,2333.92000000,59.279126,4
1718866800,1718870400,2333.94000000,2340.96000000,2333.76000000,2340.48000000,68.037683,4
1718870400,1718874000,2340.49000000,2344.86000000,2339.77000000,2340.32000000,67.655458,4
1718874000,1718877600,2340.34000000,2345.63000000,2340.25000000,2344.11000000,71.709712,4
1718877600,1718881200,2344.10000000,2344.92000000,2338.48000000,2338.58000000,59.909809,4
1718881200,1718884800,2338.53000000,2338.65000000,2332.62000000,2333.34000000,51.296347,4
1718884800,1718888400,2333.29000000,2335.73000000,2331.62000000,2334.59000000,53.031161,4
1718888400,1718892000,2334.63000000,2340.59000000,2333.46000000,2339.44000000,59.116149,4
1718892000,1718895600,2339.47000000,2341.32000000,2337.77000000,2339.23000000,58.761170,4
1718895600,1718899200,2339.24000000,2343.69000000,2335.36000000,2338.58000000,57.608092,4
1718899200,1718902800,2338.65000000,2349.45000000,2336.66000000,2349.29000000,68.556667,4
1718902800,1718906400,2349.33000000,2365.01000000,2348.93000000,2364.01000000,77.252502,4
1718906400,1718910000,2363.98000000,2365.43000000,2351.36000000,2353.65000000,63.865441,4
1718910000,1718913600,2353.66000000,2357.06000000,2352.78000000,2356.33000000,65.529541,4
1718913600,1718917200,2356.34000000,2357.47000000,2354.59000000,2357.36000000,66.174290,4
1718917200,1718920800,2357.37000000,2361.00000000,2357.28000000,2357.94000000,66.553664,4
1718920800,1718924400,2358.09000000,2359.79000000,2357.61000000,2358.87000000,67.189110,4
1718924400,1718928000,2359.03000000,2360.24000000,2358.10000000,2359.94000000,67.943730,4
1718931600,1718935200,2360.78000000,2360.98000000,2358.15000000,2359.35000000,67.028307,5
1718935200,1718938800,2359.34000000,2361.06000000,2358.83000000,2360.81000000,68.171130,5
1718938800,1718942400,2360.82000000,2364.81000000,2360.79000000,2364.06000000,70.612925,5
1718942400,1718946000,2364.10000000,2364.16000000,2357.09000000,2359.55000000,63.349987,5
1718946000,1718949600,2359.64000000,2361.61000000,2358.12000000,2359.33000000,63.009527,5
1718949600,1718953200,2359.31000000,2362.14000000,2358.71000000,2362.14000000,65.555790,5
1718953200,1718956800,2362.11000000,2362.97000000,2361.06000000,2362.94000000,66.267704,5
1718956800,1718960400,2362.95000000,2365.57000000,2362.19000000,2364.50000000,67.670919,5
1718960400,1718964000,2364.46000000,2364.46000000,2357.90000000,2358.40000000,57.583775,5
1718964000,1718967600,2358.32000000,2364.43000000,2355.09000000,2362.95000000,62.119513,5
1718967600,1718971200,2362.95000000,2368.09000000,2362.67000000,2365.30000000,64.246088,5
1718971200,1718974800,2365.26000000,2367.26000000,2362.87000000,2363.90000000,62.012569,5
1718974800,1718978400,2363.91000000,2364.11000000,2361.26000000,2363.68000000,61.649863,5
1718978400,1718982000,2363.63000000,2368.66000000,2363.47000000,2366.31000000,64.335392,5
1718982000,1718985600,2366.32000000,2368.11000000,2360.42000000,2360.55000000,55.215758,5
1718985600,1718989200,2360.45000000,2363.80000000,2334.75000000,2340.12000000,35.820670,5
1718989200,1718992800,2340.06000000,2340.47000000,2328.56000000,2329.89000000,30.116139,5
1718992800,1718996400,2330.01000000,2334.73000000,2323.21000000,2327.92000000,29.153309,5
1718996400,1719000000,2328.07000000,2329.26000000,2323.63000000,2324.66000000,27.581828,5
1719000000,1719003600,2324.70000000,2325.07000000,2316.64000000,2319.25000000,25.158204,5
1719003600,1719007200,2319.25000000,2322.73000000,2316.69000000,2322.08000000,28.688225,5
1719007200,1719010800,2322.10000000,2323.30000000,2320.39000000,2322.20000000,28.841489,5
1719010800,1719014400,2322.18000000,2322.64000000,2320.73000000,2321.24000000,28.317162,5
1719190800,1719194400,2321.44000000,2322.85000000,2318.28000000,2321.47000000,28.651826,1
1719194400,1719198000,2321.38000000,2321.38000000,2317.69000000,2319.06000000,27.217913,1
1719198000,1719201600,2319.05000000,2321.70000000,2317.94000000,2320.90000000,30.094434,1
1719201600,1719205200,2320.95000000,2326.27000000,2318.99000000,2323.59000000,34.189469,1
1719205200,1719208800,2323.58000000,2325.15000000,2319.55000000,2324.74000000,35.917748,1
1719208800,1719212400,2324.69000000,2326.62000000,2324.35000000,2325.42000000,36.971769,1
1719212400,1719216000,2325.42000000,2326.58000000,2324.09000000,2324.46000000,36.069779,1
1719216000,1719219600,2324.47000000,2327.13000000,2323.62000000,2325.14000000,37.237804,1
1719219600,1719223200,2325.17000000,2325.27000000,2321.36000000,2323.42000000,35.472413,1
1719223200,1719226800,2323.41000000,2331.75000000,2321.78000000,2330.72000000,46.964583,1
1719226800,1719230400,2330.73000000,2332.77000000,2329.13000000,2330.53000000,46.731302,1
1719230400,1719234000,2330.55000000,2330.94000000,2320.77000000,2324.99000000,40.425935,1
1719234000,1719237600,2324.98000000,2327.07000000,2324.45000000,2325.15000000,40.674898,1
1719237600,1719241200,2325.14000000,2328.03000000,2324.08000000,2326.19000000,42.361035,1
1719241200,1719244800,2326.21000000,2327.80000000,2323.29000000,2327.60000000,44.657621,1
1719244800,1719248400,2327.60000000,2333.83000000,2325.80000000,2327.86000000,45.092072,1
1719248400,1719252000,2327.83000000,2333.64000000,2326.89000000,2330.66000000,49.673962,1
1719252000,1719255600,2330.67000000,2333.13000000,2327.43000000,2327.59000000,45.218518,1
1719255600,1719259200,2327.61000000,2332.19000000,2326.84000000,2331.65000000,51.423757,1
1719259200,1719262800,2331.66000000,2333.15000000,2330.57000000,2332.05000000,52.000628,1
1719262800,1719266400,2332.07000000,2334.63000000,2331.94000000,2333.76000000,54.488874,1
1719266400,1719270000,2333.76000000,2333.76000000,2330.92000000,2331.64000000,50.961706,1
1719270000,1719273600,2332.04000000,2334.42000000,2331.87000000,2334.39000000,55.028372,1
1719277200,1719280800,2334.28000000,2334.57000000,2331.63000000,2331.69000000,50.592255,2
1719280800,1719284400,2331.69000000,2331.89000000,2330.24000000,2330.84000000,49.246303,2
1719284400,1719288000,2330.90000000,2330.90000000,2328.23000000,2329.98000000,47.858993,2
1719288000,1719291600,2329.98000000,2330.89000000,2323.11000000,2325.80000000,41.708784,2
1719291600,1719295200,2325.73000000,2327.07000000,2324.48000000,2326.45000000,42.936800,2
1719295200,1719298800,2326.44000000,2328.51000000,2323.97000000,2324.07000000,39.643570,2
1719298800,1719302400,2324.07000000,2327.80000000,2322.73000000,2327.42000000,45.929964,2
1719302400,1719306000,2327.42000000,2330.08000000,2324.52000000,2324.92000000,42.382300,2
1719306000,1719309600,2324.99000000,2328.13000000,2323.42000000,2327.13000000,46.328906,2
1719309600,1719313200,2327.11000000,2327.67000000,2324.01000000,2324.76000000,42.932680,2
1719313200,1719316800,2324.71000000,2330.49000000,2322.89000000,2329.59000000,50.841735,2
1719316800,1719320400,2329.59000000,2333.99000000,2329.29000000,2333.08000000,55.627128,2
1719320400,1719324000,2333.05000000,2337.09000000,2332.63000000,2335.29000000,58.389461,2
1719324000,1719327600,2335.29000000,2335.78000000,2327.31000000,2330.14000000,50.499967,2
1719327600,1719331200,2330.15000000,2330.46000000,2323.98000000,2324.18000000,43.221524,2
1719331200,1719334800,2324.16000000,2327.43000000,2320.27000000,2325.61000000,45.260095,2
1719334800,1719338400,2325.59000000,2328.19000000,2319.53000000,2327.31000000,47.665710,2
1719338400,1719342000,2327.36000000,2327.73000000,2315.59000000,2324.78000000,44.529358,2
1719342000,1719345600,2324.88000000,2325.01000000,2315.48000000,2317.78000000,37.230151,2
1719345600,1719349200,2317.73000000,2320.10000000,2316.81000000,2319.19000000,39.385471,2
1719349200,1719352800,2319.21000000,2319.76000000,2317.01000000,2319.21000000,39.417247,2
1719352800,1719356400,2319.21000000,2320.62000000,2318.78000000,2319.74000000,40.310262,2
1719356400,1719360000,2319.80000000,2319.86000000,2317.88000000,2319.33000000,39.821253,2
1719363600,1719367200,2319.21000000,2321.28000000,2318.85000000,2320.66000000,42.267901,3
1719367200,1719370800,2320.66000000,2321.39000000,2318.71000000,2319.98000000,41.342423,3
1719370800,1719374400,2319.97000000,2323.86000000,2317.75000000,2318.33000000,39.105002,3
1719374400,1719378000,2318.33000000,2320.74000000,2310.53000000,2312.88000000,32.792233,3
1719378000,1719381600,2312.92000000,2321.67000000,2312.37000000,2319.46000000,44.451561,3
1719381600,1719385200,2319.40000000,2321.05000000,2316.65000000,2317.24000000,41.815799,3
1719385200,1719388800,2317.26000000,2317.64000000,2315.14000000,2316.81000000,41.304916,3
1719388800,1719392400,2316.79000000,2318.15000000,2311.77000000,2312.05000000,36.053765,3
1719392400,1719396000,2311.96000000,2317.36000000,2309.65000000,2317.12000000,44.192077,3
1719396000,1719399600,2317.10000000,2317.32000000,2312.94000000,2316.05000000,42.949737,3
1719399600,1719403200,2316.04000000,2318.05000000,2312.90000000,2315.71000000,42.540497,3
1719403200,1719406800,2315.71000000,2318.40000000,2315.67000000,2316.32000000,43.579203,3
1719406800,1719410400,2316.33000000,2316.46000000,2307.70000000,2308.27000000,34.671689,3
1719410400,1719414000,2308.25000000,2313.94000000,2304.38000000,2313.00000000,42.153462,3
1719414000,1719417600,2313.09000000,2317.85000000,2310.03000000,2310.03000000,39.123606,3
1719417600,1719421200,2310.03000000,2311.59000000,2293.61000000,2295.56000000,28.409623,3
1719421200,1719424800,2295.65000000,2301.28000000,2295.32000000,2297.46000000,31.078548,3
1719424800,1719428400,2297.44000000,2304.10000000,2295.89000000,2299.97000000,34.549885,3
1719428400,1719432000,2299.97000000,2302.15000000,2298.47000000,2299.68000000,34.334713,3
1719432000,1719435600,2299.68000000,2302.93000000,2299.32000000,2301.90000000,37.541495,3
1719435600,1719439200,2301.97000000,2302.07000000,2298.57000000,2298.89000000,35.042707,3
1719439200,1719442800,2298.94000000,2299.44000000,2296.92000000,2298.62000000,34.818828,3
1719442800,1719446400,2298.91000000,2299.19000000,2297.20000000,2298.05000000,34.320330,3
1719450000,1719453600,2298.63000000,2299.00000000,2298.12000000,2298.23000000,34.638569,4
1719453600,1719457200,2298.19000000,2298.54000000,2296.70000000,2298.38000000,34.921553,4
1719457200,1719460800,2298.38000000,2300.13000000,2297.88000000,2299.00000000,36.152031,4
1719460800,1719464400,2299.02000000,2299.77000000,2296.76000000,2297.84000000,34.825301,4
1719464400,1719468000,2297.82000000,2300.03000000,2297.78000000,2299.30000000,37.913643,4
1719468000,1719471600,2299.30000000,2299.77000000,2298.02000000,2298.97000000,37.481321,4
1719471600,1719475200,2298.97000000,2301.10000000,2298.73000000,2300.48000000,40.807357,4
1719475200,1719478800,2300.57000000,2300.58000000,2296.81000000,2297.54000000,36.712098,4
1719478800,1719482400,2297.57000000,2303.39000000,2296.48000000,2301.14000000,44.108620,4
1719482400,1719486000,2301.13000000,2302.53000000,2300.00000000,2302.24000000,46.178465,4
1719486000,1719489600,2302.22000000,2308.38000000,2302.02000000,2307.59000000,54.922275,4
1719489600,1719493200,2307.55000000,2313.75000000,2307.32000000,2312.60000000,61.268025,4
1719493200,1719496800,2312.60000000,2315.49000000,2312.26000000,2315.16000000,64.052698,4
1719496800,1719500400,2315.17000000,2317.86000000,2313.38000000,2317.05000000,65.996426,4
1719500400,1719504000,2317.13000000,2325.80000000,2316.10000000,2322.86000000,71.159124,4
1719504000,1719507600,2322.74000000,2324.95000000,2319.51000000,2323.15000000,71.392598,4
1719507600,1719511200,2323.40000000,2330.78000000,2322.61000000,2329.00000000,75.671117,4
1719511200,1719514800,2329.01000000,2330.95000000,2325.01000000,2327.50000000,72.669951,4
1719514800,1719518400,2327.32000000,2328.27000000,2323.93000000,2325.41000000,68.588178,4
1719518400,1719522000,2325.45000000,2327.99000000,2324.23000000,2325.82000000,68.956550,4
1719522000,1719525600,2325.80000000,2326.38000000,2322.46000000,2326.26000000,69.371666,4
1719525600,1719529200,2326.26000000,2327.70000000,2325.59000000,2325.92000000,68.608205,4
1719529200,1719532800,2326.00000000,2328.48000000,2325.42000000,2327.65000000,70.393631,4
1719536400,1719540000,2328.03000000,2328.03000000,2325.90000000,2326.87000000,68.501891,5
1719540000,1719543600,2326.87000000,2327.92000000,2326.45000000,2327.75000000,69.497828,5
1719543600,1719547200,2327.75000000,2328.26000000,2321.43000000,2321.59000000,56.120948,5
1719547200,1719550800,2321.55000000,2324.46000000,2319.03000000,2320.25000000,53.699567,5
1719550800,1719554400,2320.25000000,2324.23000000,2319.84000000,2323.61000000,58.531049,5
1719554400,1719558000,2323.67000000,2324.98000000,2320.78000000,2321.77000000,55.137857,5
1719558000,1719561600,2321.78000000,2321.85000000,2319.73000000,2321.18000000,54.055719,5
1719561600,1719565200,2321.18000000,2327.05000000,2320.95000000,2325.70000000,60.458352,5
1719565200,1719568800,2325.64000000,2328.09000000,2325.09000000,2327.44000000,62.618011,5
1719568800,1719572400,2327.44000000,2328.80000000,2324.81000000,2327.18000000,62.072456,5
1719572400,1719576000,2327.21000000,2331.96000000,2326.41000000,2328.71000000,64.056979,5
1719576000,1719579600,2328.72000000,2330.34000000,2327.24000000,2330.29000000,66.033505,5
1719579600,1719583200,2330.28000000,2336.76000000,2329.40000000,2335.85000000,71.891265,5
1719583200,1719586800,2335.85000000,2337.17000000,2333.28000000,2334.00000000,67.707210,5
1719586800,1719590400,2333.94000000,2339.35000000,2332.18000000,2335.39000000,69.159554,5
1719590400,1719594000,2335.44000000,2339.74000000,2326.63000000,2331.14000000,60.238843,5
1719594000,1719597600,2331.48000000,2333.69000000,2322.84000000,2326.48000000,52.276585,5
1719597600,1719601200,2326.47000000,2330.36000000,2324.15000000,2328.65000000,55.243302,5
1719601200,1719604800,2328.58000000,2332.56000000,2327.73000000,2329.95000000,56.969113,5
1719604800,1719608400,2329.95000000,2332.65000000,2326.39000000,2326.88000000,51.881358,5
1719608400,1719612000,2326.89000000,2328.38000000,2325.38000000,2325.76000000,50.122684,5
1719612000,1719615600,2325.74000000,2326.24000000,2322.99000000,2324.96000000,48.848929,5
1719615600,1719619200,2325.11000000,2326.68000000,2322.83000000,2326.62000000,51.597590,5
1719795600,1719799200,2326.36000000,2326.93000000,2322.71000000,2324.49000000,48.031068,1
1719799200,1719802800,2324.49000000,2326.14000000,2323.06000000,2324.92000000,48.800473,1
1719802800,1719806400,2324.92000000,2325.31000000,2322.13000000,2324.79000000,48.566370,1
1719806400,1719810000,2324.79000000,2328.56000000,2323.44000000,2327.85000000,54.142760,1
1719810000,1719813600,2327.76000000,2327.76000000,2324.44000000,2326.63000000,51.734468,1
1719813600,1719817200,2326.60000000,2327.65000000,2324.43000000,2324.70000000,48.090224,1
1719817200,1719820800,2324.35000000,2326.06000000,2321.39000000,2323.64000000,46.166734,1
1719820800,1719824400,2323.65000000,2323.92000000,2318.50000000,2321.80000000,42.954972,1
1719824400,1719828000,2321.70000000,2328.99000000,2321.28000000,2326.48000000,52.085463,1
1719828000,1719831600,2326.48000000,2326.93000000,2323.64000000,2323.65000000,47.168944,1
1719831600,1719835200,2323.55000000,2326.19000000,2321.86000000,2325.81000000,50.972850,1
1719835200,1719838800,2325.80000000,2329.44000000,2325.43000000,2327.48000000,53.745783,1
1719838800,1719842400,2327.48000000,2332.69000000,2327.46000000,2332.69000000,61.131695,1
1719842400,1719846000,2332.69000000,2338.24000000,2332.08000000,2338.15000000,67.066777,1
1719846000,1719849600,2338.13000000,2338.46000000,2327.15000000,2327.44000000,50.709759,1
1719849600,1719853200,2327.49000000,2334.15000000,2325.43000000,2327.28000000,50.511559,1
1719853200,1719856800,2332.24000000,2334.23000000,2319.28000000,2323.99000000,46.487981,1
1719856800,1719860400,2323.99000000,2329.06000000,2322.98000000,2327.76000000,51.277394,1
1719860400,1719864000,2327.81000000,2331.83000000,2326.66000000,2328.11000000,51.709514,1
1719864000,1719867600,2328.11000000,2329.86000000,2326.68000000,2329.23000000,53.141684,1
1719867600,1719871200,2329.18000000,2330.75000000,2326.97000000,2329.90000000,54.020184,1
1719871200,1719874800,2329.98000000,2331.46000000,2328.90000000,2331.03000000,55.534332,1
1719874800,1719878400,2331.16000000,2332.38000000,2330.83000000,2331.44000000,56.099222,1
1719882000,1719885600,2331.92000000,2332.35000000,2331.21000000,2331.78000000,56.591704,2
1719885600,1719889200,2331.78000000,2332.54000000,2331.70000000,2332.25000000,57.304725,2
1719889200,1719892800,2332.21000000,2333.91000000,2331.76000000,2333.05000000,58.552691,2
1719892800,1719896400,2333.03000000,2334.20000000,2331.15000000,2334.04000000,60.106697,2
1719896400,1719900000,2334.11000000,2334.32000000,2331.22000000,2332.31000000,56.145155,2
1719900000,1719903600,2332.28000000,2332.65000000,2325.71000000,2326.02000000,44.628150,2
1719903600,1719907200,2326.03000000,2327.84000000,2324.87000000,2327.26000000,46.938932,2
1719907200,1719910800,2327.26000000,2330.78000000,2326.32000000,2329.99000000,51.716375,2
1719910800,1719914400,2330.17000000,2331.78000000,2327.61000000,2330.38000000,52.376052,2
1719914400,1719918000,2330.32000000,2330.92000000,2323.31000000,2330.84000000,53.188438,2
1719918000,1719921600,2330.86000000,2332.43000000,2328.41000000,2331.19000000,53.833731,2
1719921600,1719925200,2331.12000000,2331.90000000,2324.13000000,2324.90000000,42.496144,2
1719925200,1719928800,2324.90000000,2326.48000000,2322.86000000,2324.53000000,41.936650,2
1719928800,1719932400,2324.53000000,2325.61000000,2320.02000000,2320.71000000,36.581690,2
1719932400,1719936000,2320.90000000,2328.71000000,2319.09000000,2327.44000000,48.949639,2
1719936000,1719939600,2327.35000000,2336.78000000,2326.05000000,2334.46000000,58.123638,2
1719939600,1719943200,2335.22000000,2335.51000000,2322.95000000,2326.63000000,47.804606,2
1719943200,1719946800,2326.66000000,2330.43000000,2324.15000000,2324.73000000,45.685088,2
1719946800,1719950400,2324.73000000,2324.94000000,2320.92000000,2322.82000000,43.592684,2
1719950400,1719954000,2322.80000000,2325.25000000,2322.05000000,2324.63000000,46.111503,2
1719954000,1719957600,2324.62000000,2328.88000000,2324.51000000,2328.36000000,50.970371,2
1719957600,1719961200,2328.36000000,2331.34000000,2328.13000000,2330.81000000,53.909969,2
1719961200,1719964800,2330.83000000,2330.98000000,2328.66000000,2329.16000000,51.663424,2
1719968400,1719972000,2330.12000000,2331.22000000,2329.68000000,2330.03000000,52.780763,3
1719972000,1719975600,2330.05000000,2331.43000000,2329.68000000,2330.24000000,53.062803,3
1719975600,1719979200,2330.24000000,2332.14000000,2330.21000000,2330.25000000,53.077176,3
1719979200,1719982800,2330.24000000,2331.59000000,2328.42000000,2329.08000000,51.105382,3
1719982800,1719986400,2329.14000000,2331.06000000,2326.81000000,2328.88000000,50.758255,3
1719986400,1719990000,2328.88000000,2332.48000000,2328.02000000,2331.76000000,55.450812,3
1719990000,1719993600,2331.78000000,2335.26000000,2331.78000000,2334.48000000,59.387218,3
1719993600,1719997200,2334.42000000,2335.77000000,2331.93000000,2333.35000000,57.128774,3
1719997200,1720000800,2333.31000000,2341.22000000,2332.96000000,2340.17000000,65.625370,3
1720000800,1720004400,2340.19000000,2347.15000000,2338.86000000,2345.37000000,70.436419,3
1720004400,1720008000,2345.30000000,2347.55000000,2343.10000000,2344.65000000,68.996485,3
1720008000,1720011600,2344.65000000,2346.46000000,2342.12000000,2346.24000000,70.433920,3
1720011600,1720015200,2346.25000000,2349.49000000,2344.56000000,2346.93000000,71.060964,3
1720015200,1720018800,2346.83000000,2346.94000000,2342.44000000,2345.39000000,67.614298,3
1720018800,1720022400,2345.59000000,2356.11000000,2344.96000000,2350.44000000,72.350319,3
1720022400,1720026000,2350.32000000,2358.68000000,2347.52000000,2355.84000000,76.335473,3
1720026000,1720029600,2360.48000000,2364.89000000,2357.65000000,2362.46000000,80.118600,3
1720029600,1720033200,2362.43000000,2363.98000000,2359.96000000,2363.00000000,80.393936,3
1720033200,1720036800,2363.05000000,2363.15000000,2355.14000000,2356.27000000,67.792878,3
1720036800,1720040400,2356.46000000,2360.88000000,2353.86000000,2356.71000000,68.144432,3
1720040400,1720044000,2356.69000000,2357.93000000,2355.19000000,2356.23000000,67.281633,3
1720044000,1720047600,2356.28000000,2356.64000000,2353.65000000,2354.26000000,63.715997,3
1720047600,1720051200,2354.26000000,2356.41000000,2354.22000000,2356.14000000,65.590128,3
1720054800,1720058400,2357.24000000,2359.22000000,2356.09000000,2358.84000000,68.135669,4
1720058400,1720062000,2358.90000000,2359.60000000,2357.68000000,2358.80000000,68.055346,4
1720062000,1720065600,2358.84000000,2359.26000000,2356.46000000,2358.57000000,67.562147,4
1720065600,1720069200,2358.57000000,2362.52000000,2358.28000000,2361.91000000,70.864239,4
1720069200,1720072800,2361.92000000,2362.23000000,2357.40000000,2359.28000000,65.233067,4
1720072800,1720076400,2359.28000000,2360.26000000,2357.18000000,2358.07000000,62.762010,4
1720076400,1720080000,2358.07000000,2359.59000000,2357.59000000,2358.53000000,63.330699,4
1720080000,1720083600,2358.51000000,2358.57000000,2355.47000000,2356.84000000,59.722112,4
1720083600,1720087200,2356.82000000,2357.17000000,2350.27000000,2356.27000000,58.511139,4
1720087200,1720090800,2356.25000000,2357.71000000,2353.61000000,2357.53000000,60.421599,4
1720090800,1720094400,2357.55000000,2359.62000000,2355.47000000,2358.82000000,62.333919,4
1720094400,1720098000,2358.86000000,2359.05000000,2355.63000000,2357.73000000,59.708724,4
1720098000,1720101600,2357.74000000,2359.17000000,2356.38000000,2358.00000000,60.156353,4
1720101600,1720105200,2358.02000000,2360.01000000,2357.52000000,2358.47000000,60.969245,4
1720105200,1720108800,2358.49000000,2360.44000000,2356.96000000,2357.74000000,58.957277,4
1720108800,1720112400,2357.73000000,2360.08000000,2357.24000000,2359.67000000,62.482326,4
1720112400,1720116000,2359.68000000,2361.88000000,2357.98000000,2358.89000000,60.230837,4
1720116000,1720119600,2358.90000000,2360.70000000,2355.55000000,2357.38000000,56.022215,4
1720119600,1720123200,2357.40000000,2359.13000000,2356.88000000,2357.80000000,56.923818,4
1720123200,1720126800,2357.84000000,2358.01000000,2356.13000000,2356.21000000,52.532988,4
1720126800,1720130400,2356.22000000,2357.24000000,2356.07000000,2357.16000000,54.777482,4
1720141200,1720144800,2356.93000000,2357.50000000,2354.15000000,2357.38000000,55.304559,5
1720144800,1720148400,2357.36000000,2357.71000000,2356.33000000,2356.70000000,53.239082,5
1720148400,1720152000,2356.70000000,2359.01000000,2355.99000000,2358.85000000,58.514640,5
1720152000,1720155600,2358.84000000,2360.25000000,2356.90000000,2358.40000000,57.063522,5
1720155600,1720159200,2358.39000000,2363.12000000,2358.10000000,2360.44000000,61.700487,5
1720159200,1720162800,2360.44000000,2362.30000000,2359.51000000,2361.77000000,64.399873,5
1720162800,1720166400,2361.77000000,2364.67000000,2361.32000000,2363.93000000,68.306715,5
1720166400,1720170000,2363.92000000,2364.98000000,2362.63000000,2364.72000000,69.619888,5
1720170000,1720173600,2364.75000000,2366.28000000,2363.58000000,2363.93000000,66.646074,5
1720173600,1720177200,2363.99000000,2367.46000000,2362.22000000,2365.22000000,68.976416,5
1720177200,1720180800,2365.23000000,2368.02000000,2364.61000000,2366.40000000,70.974137,5
1720180800,1720184400,2366.47000000,2366.86000000,2361.97000000,2362.38000000,57.410835,5
1720184400,1720188000,2362.36000000,2365.45000000,2361.83000000,2365.00000000,62.447715,5
1720188000,1720191600,2364.99000000,2365.97000000,2362.27000000,2365.79000000,63.836526,5
1720191600,1720195200,2365.80000000,2376.13000000,2349.08000000,2372.14000000,72.606305,5
1720195200,1720198800,2372.13000000,2385.14000000,2370.63000000,2383.13000000,81.133667,5
1720198800,1720202400,2383.11000000,2384.41000000,2374.41000000,2380.68000000,75.491871,5
1720202400,1720206000,2380.69000000,2388.36000000,2378.47000000,2384.67000000,78.155916,5
1720206000,1720209600,2384.69000000,2387.55000000,2383.93000000,2386.51000000,79.274739,5
1720209600,1720213200,2386.49000000,2389.84000000,2384.57000000,2385.82000000,77.668217,5
1720213200,1720216800,2385.81000000,2392.54000000,2385.12000000,2391.01000000,80.817177,5
1720216800,1720220400,2390.99000000,2392.89000000,2388.06000000,2388.73000000,75.762971,5
1720220400,1720224000,2388.67000000,2391.55000000,2388.19000000,2391.02000000,77.298603,5
1720400400,1720404000,2386.16000000,2390.16000000,2384.93000000,2385.26000000,65.975574,1
1720404000,1720407600,2385.32000000,2386.93000000,2384.77000000,2386.08000000,66.722904,1
1720407600,1720411200,2386.11000000,2387.79000000,2384.53000000,2386.64000000,67.251917,1
1720411200,1720414800,2386.61000000,2391.10000000,2384.27000000,2386.47000000,66.904205,1
1720414800,1720418400,2386.42000000,2387.17000000,2381.42000000,2382.89000000,59.882624,1
1720418400,1720422000,2382.85000000,2384.17000000,2380.69000000,2382.93000000,59.933222,1
1720422000,1720425600,2382.97000000,2385.04000000,2382.05000000,2384.94000000,62.493142,1
1720425600,1720429200,2384.98000000,2386.77000000,2381.56000000,2382.86000000,58.339253,1
1720429200,1720432800,2382.88000000,2384.19000000,2376.70000000,2376.90000000,48.409837,1
1720432800,1720436400,2376.91000000,2381.07000000,2376.63000000,2377.85000000,49.874322,1
1720436400,1720440000,2377.83000000,2378.79000000,2371.91000000,2372.78000000,42.878665,1
1720440000,1720443600,2372.69000000,2373.81000000,2368.32000000,2370.18000000,39.795903,1
1720443600,1720447200,2370.10000000,2374.32000000,2369.66000000,2374.13000000,46.132211,1
1720447200,1720450800,2374.06000000,2375.63000000,2372.44000000,2375.31000000,47.896410,1
1720450800,1720454400,2375.23000000,2377.48000000,2370.34000000,2372.76000000,44.504349,1
1720454400,1720458000,2372.71000000,2377.10000000,2370.31000000,2375.43000000,48.608364,1
1720458000,1720461600,2375.36000000,2379.53000000,2373.20000000,2373.23000000,45.615037,1
1720461600,1720465200,2373.24000000,2374.94000000,2351.01000000,2355.51000000,29.732968,1
1720465200,1720468800,2355.50000000,2358.77000000,2351.08000000,2358.66000000,34.123917,1
1720468800,1720472400,2358.65000000,2359.74000000,2355.59000000,2357.22000000,33.105459,1
1720472400,1720476000,2357.22000000,2358.17000000,2354.85000000,2356.59000000,32.646386,1
1720476000,1720479600,2356.63000000,2359.81000000,2356.13000000,2359.19000000,36.556479,1
1720479600,1720483200,2359.21000000,2359.80000000,2357.97000000,2359.06000000,36.442561,1
1720486800,1720490400,2359.13000000,2359.77000000,2358.49000000,2359.77000000,37.586502,2
1720490400,1720494000,2359.82000000,2362.05000000,2359.79000000,2361.74000000,40.771858,2
1720494000,1720497600,2361.75000000,2363.65000000,2360.79000000,2361.92000000,41.067811,2
1720497600,1720501200,2361.97000000,2365.25000000,2361.35000000,2363.31000000,43.419025,2
1720501200,1720504800,2363.33000000,2366.66000000,2360.51000000,2364.01000000,44.617368,2
1720504800,1720508400,2364.02000000,2367.96000000,2363.34000000,2367.72000000,50.590250,2
1720508400,1720512000,2367.73000000,2368.73000000,2366.36000000,2367.33000000,49.980036,2
1720512000,1720515600,2367.28000000,2368.35000000,2364.12000000,2364.56000000,45.758352,2
1720515600,1720519200,2364.56000000,2365.51000000,2362.73000000,2364.19000000,45.209038,2
1720519200,1720522800,2364.17000000,2364.56000000,2358.26000000,2358.94000000,38.201393,2
1720522800,1720526400,2358.94000000,2361.96000000,2358.22000000,2361.64000000,43.087299,2
1720526400,1720530000,2361.65000000,2365.34000000,2361.58000000,2364.28000000,47.461224,2
1720530000,1720533600,2364.28000000,2365.61000000,2362.09000000,2363.07000000,45.726632,2
1720533600,1720537200,2363.11000000,2363.15000000,2357.53000000,2360.65000000,42.389798,2
1720537200,1720540800,2360.67000000,2361.30000000,2356.09000000,2360.13000000,41.685872,2
1720540800,1720544400,2360.13000000,2368.45000000,2359.53000000,2367.52000000,53.503093,2
1720544400,1720548000,2367.46000000,2371.52000000,2354.05000000,2354.92000000,38.993760,2
1720548000,1720551600,2354.98000000,2362.24000000,2349.44000000,2362.07000000,47.666709,2
1720551600,1720555200,2362.06000000,2363.14000000,2356.50000000,2357.48000000,43.401068,2
1720555200,1720558800,2357.49000000,2362.51000000,2357.48000000,2361.89000000,48.197623,2
1720558800,1720562400,2361.86000000,2365.29000000,2361.03000000,2364.53000000,50.881228,2
1720562400,1720566000,2364.55000000,2365.60000000,2362.86000000,2363.53000000,49.828236,2
1720566000,1720569600,2363.55000000,2364.97000000,2363.55000000,2363.80000000,50.128339,2
1720573200,1720576800,2364.11000000,2364.42000000,2363.20000000,2364.41000000,50.843724,3
1720576800,1720580400,2364.41000000,2366.05000000,2364.39000000,2365.02000000,51.591536,3
1720580400,1720584000,2365.01000000,2366.54000000,2364.45000000,2364.67000000,51.111083,3
1720584000,1720587600,2364.71000000,2369.86000000,2363.31000000,2368.21000000,55.613482,3
1720587600,1720591200,2368.27000000,2370.21000000,2366.86000000,2369.27000000,56.893636,3
1720591200,1720594800,2369.31000000,2369.82000000,2366.43000000,2368.18000000,55.132770,3
1720594800,1720598400,2368.19000000,2368.90000000,2366.61000000,2367.73000000,54.384415,3
1720598400,1720602000,2367.71000000,2370.32000000,2367.35000000,2368.38000000,55.327655,3
1720602000,1720605600,2368.42000000,2372.77000000,2367.15000000,2371.92000000,60.159454,3
1720605600,1720609200,2371.94000000,2374.94000000,2371.39000000,2372.64000000,61.081474,3
1720609200,1720612800,2372.63000000,2374.24000000,2371.45000000,2372.76000000,61.242466,3
1720612800,1720616400,2372.77000000,2374.16000000,2371.67000000,2371.90000000,59.347706,3
1720616400,1720620000,2371.91000000,2375.26000000,2371.72000000,2372.44000000,60.180763,3
1720620000,1720623600,2372.46000000,2378.34000000,2372.43000000,2378.34000000,67.916676,3
1720623600,1720627200,2378.35000000,2381.82000000,2377.24000000,2377.77000000,66.571089,3
1720627200,1720630800,2377.78000000,2386.60000000,2376.19000000,2383.24000000,72.252503,3
1720630800,1720634400,2383.27000000,2385.11000000,2373.90000000,2374.85000000,56.414960,3
1720634400,1720638000,2374.78000000,2380.73000000,2374.04000000,2378.76000000,60.734572,3
1720638000,1720641600,2378.86000000,2381.28000000,2376.64000000,2377.83000000,59.230922,3
1720641600,1720645200,2377.82000000,2378.52000000,2370.47000000,2372.99000000,52.013621,3
1720645200,1720648800,2373.01000000,2373.56000000,2369.92000000,2372.64000000,51.524688,3
1720648800,1720652400,2372.63000000,2372.65000000,2370.55000000,2371.78000000,50.274165,3
1720652400,1720656000,2371.80000000,2372.42000000,2370.85000000,2371.28000000,49.521628,3
1720659600,1720663200,2371.16000000,2372.86000000,2371.16000000,2372.82000000,51.909324,4
1720663200,1720666800,2372.81000000,2372.88000000,2372.24000000,2372.81000000,51.892160,4
1720666800,1720670400,2372.81000000,2374.40000000,2371.47000000,2374.22000000,54.192210,4
1720670400,1720674000,2374.23000000,2376.29000000,2373.02000000,2375.92000000,56.869645,4
1720674000,1720677600,2375.90000000,2377.76000000,2374.31000000,2377.41000000,59.124726,4
1720677600,1720681200,2377.40000000,2380.20000000,2376.84000000,2378.71000000,61.038778,4
1720681200,1720684800,2378.71000000,2382.44000000,2378.63000000,2381.92000000,65.353021,4
1720684800,1720688400,2381.93000000,2382.98000000,2381.18000000,2382.54000000,66.133066,4
1720688400,1720692000,2382.51000000,2383.21000000,2378.46000000,2381.76000000,64.175524,4
1720692000,1720695600,2381.72000000,2381.94000000,2378.78000000,2379.90000000,59.641888,4
1720695600,1720699200,2379.90000000,2384.10000000,2379.54000000,2381.38000000,61.945537,4
1720699200,1720702800,2381.38000000,2384.57000000,2381.32000000,2384.01000000,65.693075,4
1720702800,1720706400,2383.99000000,2384.01000000,2380.45000000,2382.20000000,61.224460,4
1720706400,1720710000,2382.21000000,2383.39000000,2379.03000000,2380.80000000,57.941417,4
1720710000,1720713600,2380.80000000,2409.72000000,2378.62000000,2406.27000000,79.489616,4
1720713600,1720717200,2406.32000000,2412.97000000,2395.81000000,2406.64000000,79.652704,4
1720717200,1720720800,2406.64000000,2417.90000000,2404.31000000,2417.73000000,83.808455,4
1720720800,1720724400,2417.79000000,2424.52000000,2412.45000000,2417.32000000,83.132449,4
1720724400,1720728000,2417.27000000,2419.20000000,2411.60000000,2411.63000000,74.188814,4
1720728000,1720731600,2411.60000000,2416.65000000,2409.99000000,2413.66000000,75.213356,4
1720731600,1720735200,2413.63000000,2416.57000000,2412.87000000,2416.39000000,76.560815,4
1720735200,1720738800,2416.40000000,2418.61000000,2414.02000000,2414.06000000,72.917413,4
1720738800,1720742400,2414.11000000,2415.40000000,2413.12000000,2415.33000000,73.653379,4
1720746000,1720749600,2415.35000000,2415.84000000,2411.06000000,2413.96000000,71.399330,5
1720749600,1720753200,2413.96000000,2416.08000000,2411.96000000,2415.94000000,72.699702,5
1720753200,1720756800,2415.88000000,2416.27000000,2410.99000000,2412.00000000,66.245219,5
1720756800,1720760400,2411.90000000,2414.22000000,2407.00000000,2408.07000000,60.477505,5
1720760400,1720764000,2408.08000000,2410.98000000,2406.61000000,2409.42000000,61.710757,5
1720764000,1720767600,2409.42000000,2410.14000000,2408.55000000,2408.77000000,60.728190,5
1720767600,1720771200,2408.76000000,2409.89000000,2408.17000000,2408.58000000,60.425328,5
1720771200,1720774800,2408.60000000,2410.09000000,2405.42000000,2408.00000000,59.450629,5
1720774800,1720778400,2407.99000000,2408.25000000,2402.15000000,2404.09000000,53.218359,5
1720778400,1720782000,2404.09000000,2405.51000000,2400.26000000,2404.10000000,53.231862,5
1720782000,1720785600,2403.98000000,2408.18000000,2403.69000000,2407.39000000,57.571112,5
1720785600,1720789200,2407.39000000,2408.28000000,2403.14000000,2404.89000000,53.508406,5
1720789200,1720792800,2404.87000000,2405.48000000,2399.82000000,2400.24000000,46.881513,5
1720792800,1720796400,2400.31000000,2402.70000000,2398.30000000,2401.75000000,49.086615,5
1720796400,1720800000,2401.74000000,2404.29000000,2391.31000000,2397.96000000,44.134322,5
1720800000,1720803600,2398.02000000,2405.65000000,2396.78000000,2403.76000000,52.098891,5
1720803600,1720807200,2403.92000000,2410.90000000,2403.92000000,2408.93000000,57.865287,5
1720807200,1720810800,2408.92000000,2413.71000000,2408.03000000,2411.74000000,60.638785,5
1720810800,1720814400,2411.76000000,2416.90000000,2411.72000000,2415.89000000,64.369065,5
1720814400,1720818000,2415.89000000,2418.21000000,2414.44000000,2417.84000000,65.999594,5
1720818000,1720821600,2417.88000000,2417.98000000,2413.85000000,2414.23000000,60.481595,5
1720821600,1720825200,2414.18000000,2414.72000000,2412.18000000,2412.72000000,58.286454,5
1720825200,1720828800,2412.69000000,2412.72000000,2411.23000000,2411.50000000,56.502139,5
1721005200,1721008800,2411.54000000,2414.90000000,2406.88000000,2407.58000000,51.090204,1
1721008800,1721012400,2407.63000000,2408.72000000,2405.61000000,2408.63000000,52.405231,1
1721012400,1721016000,2408.66000000,2408.81000000,2406.24000000,2408.42000000,52.103500,1
1721016000,1721019600,2408.50000000,2410.32000000,2404.96000000,2410.01000000,54.251268,1
1721019600,1721023200,2410.00000000,2410.91000000,2408.14000000,2409.17000000,52.901623,1
1721023200,1721026800,2409.17000000,2412.00000000,2408.64000000,2411.59000000,56.276409,1
1721026800,1721030400,2411.63000000,2413.36000000,2410.62000000,2411.46000000,56.044091,1
1721030400,1721034000,2411.46000000,2413.96000000,2407.96000000,2408.08000000,50.237246,1
1721034000,1721037600,2408.08000000,2408.24000000,2402.00000000,2403.20000000,43.266905,1
1721037600,1721041200,2403.21000000,2407.92000000,2401.28000000,2407.90000000,50.404231,1
1721041200,1721044800,2407.92000000,2412.07000000,2406.89000000,2411.98000000,55.623387,1
1721044800,1721048400,2412.00000000,2412.59000000,2407.73000000,2410.70000000,53.713645,1
1721048400,1721052000,2410.70000000,2415.78000000,2410.67000000,2414.76000000,58.572227,1
1721052000,1721055600,2414.74000000,2420.35000000,2414.52000000,2418.24000000,62.231727,1
1721055600,1721059200,2418.24000000,2420.80000000,2413.48000000,2414.76000000,56.825912,1
1721059200,1721062800,2414.74000000,2419.28000000,2411.52000000,2418.89000000,61.140166,1
1721062800,1721066400,2418.85000000,2432.00000000,2418.13000000,2431.52000000,70.762173,1
1721066400,1721070000,2431.55000000,2437.46000000,2431.40000000,2433.24000000,71.786711,1
1721070000,1721073600,2433.23000000,2439.68000000,2429.50000000,2430.22000000,67.325759,1
1721073600,1721077200,2430.22000000,2430.26000000,2420.44000000,2421.54000000,56.464998,1
1721077200,1721080800,2421.53000000,2424.82000000,2419.73000000,2422.43000000,57.226909,1
1721080800,1721084400,2422.40000000,2423.24000000,2420.23000000,2421.06000000,55.613439,1
1721084400,1721088000,2421.10000000,2422.40000000,2420.65000000,2422.17000000,56.679163,1
1721091600,1721095200,2422.18000000,2422.50000000,2420.84000000,2420.92000000,55.075463,2
1721095200,1721098800,2420.91000000,2422.71000000,2420.88000000,2422.52000000,56.761865,2
1721098800,1721102400,2422.52000000,2422.82000000,2419.92000000,2421.17000000,54.889605,2
1721102400,1721106000,2421.17000000,2427.68000000,2421.12000000,2427.23000000,61.093387,2
1721106000,1721109600,2427.25000000,2430.25000000,2426.02000000,2430.14000000,63.676662,2
1721109600,1721113200,2430.11000000,2431.48000000,2426.61000000,2428.60000000,61.354945,2
1721113200,1721116800,2428.60000000,2429.48000000,2425.05000000,2429.23000000,61.965897,2
1721116800,1721120400,2429.20000000,2432.79000000,2428.13000000,2431.83000000,64.462863,2
1721120400,1721124000,2431.78000000,2433.86000000,2428.10000000,2433.86000000,66.321926,2
1721124000,1721127600,2433.92000000,2439.34000000,2432.56000000,2436.96000000,68.989807,2
1721127600,1721131200,2436.94000000,2438.51000000,2433.57000000,2436.60000000,68.313026,2
1721131200,1721134800,2436.59000000,2443.34000000,2435.09000000,2442.44000000,72.949005,2
1721134800,1721138400,2442.48000000,2443.36000000,2439.68000000,2440.09000000,68.599674,2
1721138400,1721142000,2440.13000000,2442.47000000,2438.14000000,2439.51000000,67.529531,2
1721142000,1721145600,2439.50000000,2443.99000000,2429.38000000,2432.48000000,56.105113,2
1721145600,1721149200,2432.51000000,2447.98000000,2431.01000000,2442.71000000,65.303824,2
1721149200,1721152800,2442.82000000,2454.03000000,2440.51000000,2452.09000000,71.252553,2
1721152800,1721156400,2452.08000000,2465.22000000,2451.92000000,2463.14000000,76.388401,2
1721156400,1721160000,2463.17000000,2463.68000000,2457.81000000,2459.09000000,71.356589,2
1721160000,1721163600,2459.11000000,2466.28000000,2458.67000000,2464.66000000,73.902700,2
1721163600,1721167200,2464.67000000,2466.53000000,2462.43000000,2465.35000000,74.208549,2
1721167200,1721170800,2465.35000000,2468.69000000,2463.17000000,2468.60000000,75.655744,2
1721170800,1721174400,2468.56000000,2469.63000000,2466.85000000,2468.64000000,75.673836,2
1721178000,1721181600,2468.64000000,2469.99000000,2466.24000000,2468.99000000,75.843006,3
1721181600,1721185200,2469.02000000,2469.76000000,2467.47000000,2468.30000000,74.739519,3
1721185200,1721188800,2468.28000000,2473.27000000,2466.17000000,2468.73000000,74.983793,3
1721188800,1721192400,2468.72000000,2481.24000000,2468.57000000,2479.42000000,80.128498,3
1721192400,1721196000,2479.44000000,2482.39000000,2469.57000000,2474.56000000,72.798487,3
1721196000,1721199600,2474.49000000,2474.49000000,2464.01000000,2471.73000000,68.848918,3
1721199600,1721203200,2471.74000000,2472.70000000,2467.60000000,2467.73000000,63.596953,3
1721203200,1721206800,2467.71000000,2470.96000000,2465.38000000,2465.38000000,60.668872,3
1721206800,1721210400,2465.40000000,2467.53000000,2461.80000000,2466.38000000,61.481575,3
1721210400,1721214000,2466.39000000,2474.35000000,2464.15000000,2474.20000000,67.190864,3
1721214000,1721217600,2474.21000000,2478.86000000,2471.54000000,2474.96000000,67.692068,3
1721217600,1721221200,2474.95000000,2475.39000000,2469.78000000,2475.03000000,67.740949,3
1721221200,1721224800,2475.01000000,2476.32000000,2466.68000000,2467.79000000,57.971488,3
1721224800,1721228400,2467.77000000,2473.28000000,2467.28000000,2470.05000000,59.914866,3
1721228400,1721232000,2470.03000000,2475.31000000,2468.73000000,2473.36000000,62.639628,3
1721232000,1721235600,2473.34000000,2483.43000000,2471.27000000,2482.93000000,69.165653,3
1721235600,1721239200,2482.90000000,2483.72000000,2461.13000000,2463.65000000,50.157079,3
1721239200,1721242800,2463.61000000,2465.95000000,2458.01000000,2463.47000000,50.018868,3
1721242800,1721246400,2463.48000000,2465.03000000,2452.76000000,2455.61000000,44.280855,3
1721246400,1721250000,2455.61000000,2459.28000000,2451.90000000,2452.57000000,42.261519,3
1721250000,1721253600,2452.56000000,2458.15000000,2451.50000000,2457.94000000,46.870585,3
1721253600,1721257200,2457.96000000,2460.38000000,2457.02000000,2458.05000000,46.963980,3
1721257200,1721260800,2458.08000000,2459.46000000,2457.20000000,2458.62000000,47.479191,3
1721264400,1721268000,2459.02000000,2459.57000000,2457.96000000,2459.23000000,48.060691,4
1721268000,1721271600,2459.20000000,2461.83000000,2459.11000000,2461.34000000,50.117999,4
1721271600,1721275200,2461.35000000,2461.48000000,2457.37000000,2458.82000000,47.688484,4
1721275200,1721278800,2458.79000000,2464.11000000,2457.59000000,2462.40000000,51.300252,4
1721278800,1721282400,2462.39000000,2465.95000000,2460.31000000,2465.55000000,54.290719,4
1721282400,1721286000,2465.54000000,2468.88000000,2465.22000000,2468.02000000,56.544088,4
1721286000,1721289600,2468.03000000,2468.18000000,2465.03000000,2465.30000000,53.420916,4
1721289600,1721293200,2465.31000000,2469.89000000,2464.96000000,2466.98000000,55.071566,4
1721293200,1721296800,2467.01000000,2472.13000000,2464.61000000,2471.53000000,59.280335,4
1721296800,1721300400,2471.59000000,2474.88000000,2470.78000000,2471.96000000,59.664890,4
1721300400,1721304000,2472.00000000,2473.65000000,2465.55000000,2465.94000000,52.228310,4
1721304000,1721307600,2465.96000000,2467.68000000,2464.63000000,2465.63000000,51.869786,4
1721307600,1721311200,2465.60000000,2466.34000000,2461.53000000,2464.14000000,50.089979,4
1721311200,1721314800,2464.13000000,2466.30000000,2462.10000000,2464.48000000,50.507306,4
1721314800,1721318400,2464.51000000,2468.84000000,2462.61000000,2464.01000000,49.886331,4
1721318400,1721322000,2464.00000000,2466.18000000,2457.57000000,2465.03000000,51.286111,4
1721322000,1721325600,2465.02000000,2469.84000000,2460.15000000,2468.50000000,55.808391,4
1721325600,1721329200,2468.51000000,2469.03000000,2461.19000000,2461.31000000,46.231460,4
1721329200,1721332800,2461.33000000,2462.05000000,2455.84000000,2456.18000000,40.845707,4
1721332800,1721336400,2456.18000000,2457.55000000,2451.72000000,2456.27000000,40.975619,4
1721336400,1721340000,2456.27000000,2456.48000000,2450.83000000,2451.47000000,36.385954,4
1721340000,1721343600,2451.48000000,2451.78000000,2440.31000000,2442.98000000,29.987842,4
1721343600,1721347200,2442.99000000,2445.48000000,2441.28000000,2445.13000000,33.191634,4
1721350800,1721354400,2445.52000000,2445.78000000,2443.67000000,2444.28000000,32.557319,5
1721354400,1721358000,2444.27000000,2445.20000000,2441.23000000,2441.23000000,30.318355,5
1721358000,1721361600,2441.22000000,2441.30000000,2426.19000000,2434.30000000,25.951410,5
1721361600,1721365200,2434.22000000,2434.59000000,2420.39000000,2426.07000000,21.914454,5
1721365200,1721368800,2426.09000000,2428.65000000,2422.55000000,2428.31000000,25.319576,5
1721368800,1721372400,2428.31000000,2429.52000000,2424.98000000,2428.69000000,25.909835,5
1721372400,1721376000,2428.70000000,2429.24000000,2424.01000000,2425.51000000,24.186991,5
1721376000,1721379600,2425.51000000,2426.11000000,2421.11000000,2423.36000000,23.070060,5
1721379600,1721383200,2423.35000000,2424.00000000,2414.30000000,2419.94000000,21.378837,5
1721383200,1721386800,2419.96000000,2422.19000000,2412.84000000,2418.20000000,20.553291,5
1721386800,1721390400,2418.19000000,2421.61000000,2416.32000000,2420.42000000,24.556143,5
1721390400,1721394000,2420.46000000,2421.11000000,2414.80000000,2416.19000000,22.255242,5
1721394000,1721397600,2416.26000000,2416.30000000,2410.63000000,2412.48000000,20.445741,5
1721397600,1721401200,2412.51000000,2414.35000000,2408.51000000,2410.06000000,19.341069,5
1721401200,1721404800,2410.15000000,2410.15000000,2401.54000000,2403.75000000,16.793274,5
1721404800,1721408400,2403.73000000,2406.68000000,2393.79000000,2403.69000000,16.770652,5
1721408400,1721412000,2403.57000000,2404.72000000,2396.02000000,2398.01000000,14.745546,5
1721412000,1721415600,2397.96000000,2408.44000000,2397.79000000,2405.36000000,27.025399,5
1721415600,1721419200,2405.36000000,2405.90000000,2399.39000000,2399.71000000,24.146206,5
1721419200,1721422800,2399.72000000,2400.80000000,2395.65000000,2399.17000000,23.884303,5
1721422800,1721426400,2399.21000000,2400.28000000,2397.15000000,2398.55000000,23.568219,5
1721426400,1721430000,2398.57000000,2400.11000000,2397.07000000,2398.81000000,24.022309,5
1721430000,1721433600,2398.67000000,2400.55000000,2397.78000000,2400.43000000,26.935057,5
1721610000,1721613600,2401.51000000,2411.66000000,2401.01000000,2411.23000000,42.704913,1
1721613600,1721617200,2411.21000000,2411.92000000,2409.19000000,2411.51000000,43.048112,1
1721617200,1721620800,2411.52000000,2411.63000000,2406.86000000,2407.85000000,39.700521,1
1721620800,1721624400,2407.81000000,2412.13000000,2405.72000000,2406.35000000,38.383134,1
1721624400,1721628000,2406.23000000,2408.16000000,2403.28000000,2406.53000000,38.646236,1
1721628000,1721631600,2406.48000000,2409.48000000,2405.88000000,2406.76000000,39.004631,1
1721631600,1721635200,2406.78000000,2407.13000000,2403.24000000,2405.57000000,37.775126,1
1721635200,1721638800,2405.58000000,2407.31000000,2402.88000000,2402.89000000,35.092266,1
1721638800,1721642400,2402.88000000,2405.22000000,2398.96000000,2402.44000000,34.647303,1
1721642400,1721646000,2402.48000000,2404.54000000,2399.68000000,2402.50000000,34.766074,1
1721646000,1721649600,2402.53000000,2404.62000000,2399.84000000,2400.81000000,32.949651,1
1721649600,1721653200,2400.82000000,2405.67000000,2399.84000000,2404.40000000,40.108142,1
1721653200,1721656800,2404.46000000,2408.38000000,2403.63000000,2406.86000000,44.482138,1
1721656800,1721660400,2406.87000000,2407.60000000,2398.02000000,2398.03000000,34.689161,1
1721660400,1721664000,2398.03000000,2399.55000000,2388.81000000,2394.27000000,31.508159,1
1721664000,1721667600,2394.19000000,2400.15000000,2391.41000000,2392.68000000,30.245113,1
1721667600,1721671200,2392.66000000,2394.79000000,2383.88000000,2387.22000000,26.340323,1
1721671200,1721674800,2387.19000000,2390.49000000,2384.24000000,2386.23000000,25.692617,1
1721674800,1721678400,2386.24000000,2393.27000000,2386.07000000,2392.99000000,37.071518,1
1721678400,1721682000,2393.04000000,2396.32000000,2391.78000000,2393.98000000,38.555486,1
1721682000,1721685600,2393.99000000,2396.40000000,2392.43000000,2395.69000000,41.137518,1
1721685600,1721689200,2395.68000000,2400.01000000,2395.15000000,2398.98000000,45.852113,1
1721689200,1721692800,2398.97000000,2399.44000000,2395.73000000,2396.38000000,42.926017,1
1721696400,1721700000,2396.79000000,2397.94000000,2395.16000000,2395.17000000,41.595643,2
1721700000,1721703600,2395.16000000,2396.15000000,2394.77000000,2395.69000000,42.421521,2
1721703600,1721707200,2395.73000000,2400.23000000,2395.50000000,2399.94000000,48.794698,2
1721707200,1721710800,2399.94000000,2403.94000000,2397.89000000,2401.00000000,50.273088,2
1721710800,1721714400,2400.99000000,2402.43000000,2397.57000000,2399.67000000,48.385448,2
1721714400,1721718000,2399.66000000,2400.73000000,2396.16000000,2398.32000000,46.477809,2
1721718000,1721721600,2398.26000000,2399.60000000,2395.80000000,2396.53000000,44.000702,2
1721721600,1721725200,2396.55000000,2396.85000000,2390.74000000,2392.55000000,39.020908,2
1721725200,1721728800,2392.53000000,2393.76000000,2388.24000000,2390.33000000,36.536981,2
1721728800,1721732400,2390.32000000,2399.19000000,2389.98000000,2397.89000000,48.548392,2
1721732400,1721736000,2397.90000000,2407.07000000,2396.32000000,2403.99000000,55.815132,2
1721736000,1721739600,2404.01000000,2408.12000000,2403.14000000,2406.84000000,58.746694,2
1721739600,1721743200,2406.85000000,2408.24000000,2405.56000000,2407.65000000,59.567760,2
1721743200,1721746800,2407.64000000,2412.05000000,2406.01000000,2407.58000000,59.457625,2
1721746800,1721750400,2407.59000000,2409.23000000,2403.65000000,2405.40000000,55.985976,2
1721750400,1721754000,2405.40000000,2407.68000000,2399.51000000,2401.87000000,50.812292,2
1721754000,1721757600,2401.94000000,2407.42000000,2399.59000000,2402.89000000,52.187204,2
1721757600,1721761200,2402.88000000,2407.14000000,2402.11000000,2405.39000000,55.472477,2
1721761200,1721764800,2405.46000000,2406.77000000,2402.98000000,2405.28000000,55.292453,2
1721764800,1721768400,2405.34000000,2408.17000000,2402.65000000,2404.89000000,54.615705,2
1721768400,1721772000,2404.96000000,2406.15000000,2403.76000000,2405.68000000,55.795945,2
1721772000,1721775600,2405.65000000,2408.98000000,2405.35000000,2407.52000000,58.502766,2
1721775600,1721779200,2407.51000000,2409.97000000,2405.34000000,2409.56000000,61.330041,2
1721782800,1721786400,2408.89000000,2409.67000000,2407.95000000,2409.31000000,60.783492,3
1721786400,1721790000,2409.33000000,2409.44000000,2407.86000000,2408.51000000,58.972405,3
1721790000,1721793600,2408.59000000,2410.24000000,2408.00000000,2408.28000000,58.433345,3
1721793600,1721797200,2408.29000000,2412.14000000,2404.94000000,2408.17000000,58.159529,3
1721797200,1721800800,2408.10000000,2415.88000000,2407.15000000,2414.14000000,67.155155,3
1721800800,1721804400,2414.21000000,2418.38000000,2413.61000000,2416.48000000,69.887917,3
1721804400,1721808000,2416.47000000,2417.98000000,2414.78000000,2417.82000000,71.357581,3
1721808000,1721811600,2417.86000000,2417.97000000,2413.01000000,2416.09000000,66.823079,3
1721811600,1721815200,2416.05000000,2419.17000000,2414.19000000,2417.48000000,68.552229,3
1721815200,1721818800,2417.46000000,2417.84000000,2411.63000000,2414.57000000,61.343955,3
1721818800,1721822400,2414.56000000,2415.11000000,2410.75000000,2411.80000000,55.375042,3
1721822400,1721826000,2411.81000000,2414.84000000,2409.79000000,2413.42000000,57.951896,3
1721826000,1721829600,2413.42000000,2416.45000000,2412.16000000,2413.59000000,58.224512,3
1721829600,1721833200,2413.59000000,2417.74000000,2410.55000000,2417.46000000,63.953929,3
1721833200,1721836800,2417.46000000,2422.03000000,2416.14000000,2421.44000000,68.707176,3
1721836800,1721840400,2421.44000000,2426.67000000,2413.64000000,2421.75000000,69.049520,3
1721840400,1721844000,2421.75000000,2431.96000000,2419.20000000,2430.30000000,76.640146,3
1721844000,1721847600,2430.32000000,2431.31000000,2422.38000000,2424.77000000,65.458187,3
1721847600,1721851200,2424.76000000,2424.89000000,2418.54000000,2419.03000000,56.279451,3
1721851200,1721854800,2418.95000000,2419.56000000,2408.04000000,2409.19000000,44.706218,3
1721854800,1721858400,2409.19000000,2409.42000000,2405.61000000,2408.18000000,43.712593,3
1721858400,1721862000,2408.22000000,2408.72000000,2398.34000000,2398.46000000,35.528648,3
1721862000,1721865600,2398.47000000,2400.57000000,2396.82000000,2397.19000000,34.616712,3
1721869200,1721872800,2397.01000000,2398.40000000,2392.98000000,2397.88000000,35.584118,4
1721872800,1721876400,2397.89000000,2401.21000000,2397.03000000,2398.72000000,36.809879,4
1721876400,1721880000,2398.76000000,2399.28000000,2396.05000000,2397.07000000,35.385494,4
1721880000,1721883600,2397.08000000,2400.03000000,2370.54000000,2376.28000000,23.202518,4
1721883600,1721887200,2376.27000000,2380.72000000,2369.87000000,2372.55000000,21.755306,4
1721887200,1721890800,2372.57000000,2375.54000000,2366.78000000,2374.75000000,24.737093,4
1721890800,1721894400,2374.72000000,2377.98000000,2373.14000000,2377.57000000,28.498482,4
1721894400,1721898000,2377.58000000,2377.85000000,2369.04000000,2376.36000000,27.855210,4
1721898000,1721901600,2376.36000000,2378.70000000,2369.86000000,2372.07000000,25.645006,4
1721901600,1721905200,2371.97000000,2377.44000000,2365.80000000,2373.96000000,28.342597,4
1721905200,1721908800,2373.96000000,2377.56000000,2372.00000000,2374.61000000,29.292691,4
1721908800,1721912400,2374.55000000,2376.19000000,2370.48000000,2373.66000000,28.693880,4
1721912400,1721916000,2373.70000000,2382.54000000,2371.93000000,2381.23000000,39.335797,4
1721916000,1721919600,2381.26000000,2381.80000000,2368.03000000,2368.50000000,30.966297,4
1721919600,1721923200,2368.47000000,2376.57000000,2362.80000000,2371.12000000,34.075273,4
1721923200,1721926800,2371.02000000,2376.29000000,2362.11000000,2364.87000000,30.541709,4
1721926800,1721930400,2364.87000000,2368.48000000,2358.01000000,2366.66000000,32.694404,4
1721930400,1721934000,2366.67000000,2368.42000000,2362.09000000,2363.09000000,30.653871,4
1721934000,1721937600,2363.08000000,2364.55000000,2357.55000000,2362.60000000,30.373663,4
1721937600,1721941200,2362.59000000,2365.44000000,2353.12000000,2356.10000000,26.865416,4
1721941200,1721944800,2356.11000000,2360.26000000,2354.26000000,2357.05000000,28.171245,4
1721944800,1721948400,2357.01000000,2363.84000000,2356.11000000,2362.54000000,35.354707,4
1721948400,1721952000,2362.55000000,2365.27000000,2359.34000000,2364.48000000,37.724796,4
1721955600,1721959200,2364.26000000,2365.39000000,2362.86000000,2363.29000000,36.832741,5
1721959200,1721962800,2363.29000000,2364.74000000,2362.05000000,2363.80000000,37.514688,5
1721962800,1721966400,2363.80000000,2365.34000000,2362.19000000,2362.67000000,36.572566,5
1721966400,1721970000,2362.62000000,2373.96000000,2355.82000000,2373.59000000,49.714933,5
1721970000,1721973600,2373.61000000,2379.34000000,2370.53000000,2374.21000000,50.344036,5
1721973600,1721977200,2374.22000000,2378.30000000,2371.46000000,2371.68000000,47.720420,5
1721977200,1721980800,2371.69000000,2372.76000000,2369.71000000,2369.73000000,45.741791,5
1721980800,1721984400,2369.74000000,2375.27000000,2368.18000000,2374.24000000,50.820685,5
1721984400,1721988000,2374.26000000,2374.39000000,2365.25000000,2369.57000000,46.017276,5
1721988000,1721991600,2369.55000000,2371.93000000,2367.60000000,2371.50000000,48.196458,5
1721991600,1721995200,2371.54000000,2374.14000000,2369.31000000,2372.94000000,49.823973,5
1721995200,1721998800,2372.94000000,2374.46000000,2371.66000000,2373.75000000,50.761063,5
1721998800,1722002400,2373.72000000,2375.30000000,2372.64000000,2372.73000000,49.507191,5
1722002400,1722006000,2372.72000000,2375.77000000,2370.26000000,2373.23000000,50.157141,5
1722006000,1722009600,2373.22000000,2378.99000000,2371.02000000,2377.51000000,55.444189,5
1722009600,1722013200,2377.51000000,2383.17000000,2374.01000000,2381.59000000,59.819662,5
1722013200,1722016800,2381.60000000,2390.75000000,2380.45000000,2381.84000000,60.078360,5
1722016800,1722020400,2381.82000000,2386.92000000,2379.99000000,2385.17000000,63.453663,5
1722020400,1722024000,2385.19000000,2390.35000000,2384.56000000,2389.14000000,67.032346,5
1722024000,1722027600,2389.15000000,2389.16000000,2381.14000000,2383.40000000,58.164050,5
1722027600,1722031200,2383.42000000,2386.18000000,2382.73000000,2384.38000000,59.157547,5
1722031200,1722034800,2384.44000000,2387.05000000,2382.67000000,2386.37000000,61.173837,5
1722034800,1722038400,2386.44000000,2388.77000000,2385.41000000,2388.20000000,62.983585,5
1722214800,1722218400,2388.14000000,2403.24000000,2387.22000000,2395.77000000,69.348286,1
1722218400,1722222000,2395.79000000,2398.98000000,2394.66000000,2397.02000000,70.257690,1
1722222000,1722225600,2397.04000000,2401.63000000,2397.03000000,2400.05000000,72.395639,1
1722225600,1722229200,2400.13000000,2402.48000000,2388.64000000,2392.77000000,61.042226,1
1722229200,1722232800,2392.75000000,2394.71000000,2390.93000000,2393.12000000,61.356000,1
1722232800,1722236400,2393.12000000,2395.19000000,2391.92000000,2394.57000000,62.696473,1
1722236400,1722240000,2394.59000000,2396.01000000,2393.32000000,2394.86000000,62.973108,1
1722240000,1722243600,2394.90000000,2396.22000000,2390.17000000,2392.71000000,59.452994,1
1722243600,1722247200,2392.69000000,2395.44000000,2390.72000000,2391.71000000,57.833689,1
1722247200,1722250800,2391.71000000,2394.33000000,2389.45000000,2391.55000000,57.563538,1
1722250800,1722254400,2391.56000000,2392.71000000,2386.88000000,2390.32000000,55.420326,1
1722254400,1722258000,2390.33000000,2393.48000000,2389.82000000,2392.77000000,58.717411,1
1722258000,1722261600,2392.78000000,2395.37000000,2392.01000000,2392.55000000,58.300440,1
1722261600,1722265200,2392.52000000,2393.05000000,2386.84000000,2387.72000000,49.919068,1
1722265200,1722268800,2387.73000000,2394.16000000,2385.46000000,2393.81000000,58.098572,1
1722268800,1722272400,2393.84000000,2396.69000000,2389.85000000,2391.99000000,55.197155,1
1722272400,1722276000,2392.10000000,2394.05000000,2380.05000000,2381.22000000,41.871418,1
1722276000,1722279600,2381.23000000,2382.98000000,2369.63000000,2376.80000000,37.834467,1
1722279600,1722283200,2376.89000000,2378.98000000,2374.52000000,2378.11000000,39.690374,1
1722283200,1722286800,2378.11000000,2383.39000000,2377.40000000,2378.24000000,39.882182,1
1722286800,1722290400,2378.26000000,2380.71000000,2376.92000000,2379.72000000,42.138361,1
1722290400,1722294000,2379.80000000,2385.39000000,2378.29000000,2383.01000000,46.908330,1
1722294000,1722297600,2383.02000000,2384.52000000,2381.21000000,2383.52000000,47.629063,1
1722301200,1722304800,2383.46000000,2384.91000000,2382.15000000,2384.03000000,48.383668,2
1722304800,1722308400,2384.03000000,2384.23000000,2380.90000000,2381.09000000,44.411005,2
1722308400,1722312000,2381.17000000,2383.79000000,2380.23000000,2381.82000000,45.605268,2
1722312000,1722315600,2381.82000000,2382.38000000,2376.47000000,2379.69000000,42.721259,2
1722315600,1722319200,2379.71000000,2383.23000000,2378.51000000,2381.83000000,46.389440,2
1722319200,1722322800,2381.84000000,2385.98000000,2381.43000000,2385.75000000,52.402536,2
1722322800,1722326400,2385.76000000,2388.26000000,2385.65000000,2386.38000000,53.308938,2
1722326400,1722330000,2386.36000000,2389.84000000,2386.05000000,2388.86000000,56.796720,2
1722330000,1722333600,2388.93000000,2391.00000000,2387.71000000,2390.53000000,59.016812,2
1722333600,1722337200,2390.57000000,2392.01000000,2388.80000000,2390.26000000,58.493460,2
1722337200,1722340800,2390.21000000,2391.48000000,2388.56000000,2389.43000000,56.825223,2
1722340800,1722344400,2389.42000000,2390.04000000,2387.77000000,2389.11000000,56.160201,2
1722344400,1722348000,2389.09000000,2392.37000000,2387.82000000,2391.65000000,60.146998,2
1722348000,1722351600,2391.64000000,2392.14000000,2386.94000000,2387.12000000,51.203554,2
1722351600,1722355200,2387.13000000,2388.36000000,2385.72000000,2386.51000000,50.122761,2
1722355200,1722358800,2386.55000000,2397.75000000,2385.78000000,2394.08000000,61.097029,2
1722358800,1722362400,2394.08000000,2396.01000000,2387.56000000,2391.64000000,56.761838,2
1722362400,1722366000,2391.63000000,2392.46000000,2383.41000000,2385.40000000,47.482783,2
1722366000,1722369600,2385.40000000,2400.23000000,2385.03000000,2399.92000000,62.744525,2
1722369600,1722373200,2400.01000000,2410.88000000,2399.84000000,2405.73000000,66.890692,2
1722373200,1722376800,2405.74000000,2407.36000000,2403.65000000,2404.87000000,65.724708,2
1722376800,1722380400,2404.85000000,2408.37000000,2403.78000000,2406.97000000,67.226980,2
1722380400,1722384000,2407.01000000,2412.77000000,2407.00000000,2410.92000000,69.899402,2
1722387600,1722391200,2410.58000000,2410.87000000,2408.15000000,2409.26000000,67.411583,3
1722391200,1722394800,2409.30000000,2410.18000000,2408.45000000,2409.82000000,67.827584,3
1722394800,1722398400,2409.82000000,2410.04000000,2407.88000000,2408.98000000,66.457181,3
1722398400,1722402000,2408.94000000,2412.22000000,2403.86000000,2408.99000000,66.465867,3
1722402000,1722405600,2408.94000000,2409.38000000,2404.15000000,2407.34000000,63.541957,3
1722405600,1722409200,2407.32000000,2419.00000000,2407.22000000,2416.49000000,71.127291,3
1722409200,1722412800,2416.53000000,2421.38000000,2414.39000000,2421.19000000,74.107316,3
1722412800,1722416400,2421.20000000,2422.13000000,2417.33000000,2417.71000000,68.472082,3
1722416400,1722420000,2417.73000000,2425.44000000,2416.51000000,2421.31000000,70.934368,3
1722420000,1722423600,2421.34000000,2421.89000000,2415.95000000,2417.13000000,64.623459,3
1722423600,1722427200,2417.13000000,2421.73000000,2415.41000000,2421.43000000,67.797428,3
1722427200,1722430800,2421.43000000,2422.31000000,2417.88000000,2421.00000000,67.148630,3
1722430800,1722434400,2420.99000000,2422.84000000,2417.60000000,2418.47000000,63.309761,3
1722434400,1722438000,2418.44000000,2423.23000000,2418.12000000,2419.53000000,64.232388,3
1722438000,1722441600,2419.57000000,2422.89000000,2417.33000000,2420.44000000,65.045040,3
1722441600,1722445200,2420.46000000,2427.56000000,2417.81000000,2426.19000000,69.725633,3
1722445200,1722448800,2426.19000000,2429.01000000,2419.16000000,2422.42000000,63.702699,3
1722448800,1722452400,2422.45000000,2424.22000000,2420.03000000,2423.07000000,64.275675,3
1722452400,1722456000,2423.06000000,2427.65000000,2422.40000000,2426.98000000,67.589959,3
1722456000,1722459600,2427.07000000,2429.00000000,2425.65000000,2425.76000000,65.546605,3
1722459600,1722463200,2426.15000000,2435.32000000,2421.48000000,2433.44000000,71.406780,3
1722463200,1722466800,2433.44000000,2450.84000000,2431.05000000,2449.80000000,79.432271,3
1722466800,1722470400,2449.90000000,2450.89000000,2446.19000000,2447.31000000,75.938678,3
1722474000,1722477600,2449.14000000,2449.56000000,2446.89000000,2447.57000000,76.057094,4
1722477600,1722481200,2447.61000000,2447.91000000,2444.26000000,2445.71000000,73.278703,4
1722481200,1722484800,2445.70000000,2449.43000000,2445.27000000,2447.44000000,74.221942,4
1722484800,1722488400,2447.36000000,2458.36000000,2446.05000000,2451.35000000,76.261486,4
1722488400,1722492000,2451.31000000,2451.36000000,2437.26000000,2441.30000000,62.560363,4
1722492000,1722495600,2441.34000000,2444.58000000,2439.32000000,2442.68000000,63.529294,4
1722495600,1722499200,2442.69000000,2446.81000000,2442.44000000,2444.20000000,64.615527,4
1722499200,1722502800,2444.19000000,2447.94000000,2443.59000000,2446.85000000,66.489432,4
1722502800,1722506400,2446.81000000,2448.80000000,2444.06000000,2444.74000000,63.601268,4
1722506400,1722510000,2444.76000000,2444.85000000,2439.88000000,2440.21000000,57.796665,4
1722510000,1722513600,2440.28000000,2442.35000000,2433.18000000,2433.82000000,50.759305,4
1722513600,1722517200,2433.81000000,2435.02000000,2430.18000000,2433.02000000,49.939473,4
1722517200,1722520800,2433.01000000,2436.80000000,2431.98000000,2435.14000000,52.145265,4
1722520800,1722524400,2435.11000000,2442.94000000,2434.34000000,2440.76000000,57.492397,4
1722524400,1722528000,2440.78000000,2454.87000000,2440.28000000,2450.65000000,64.920727,4
1722528000,1722531600,2450.60000000,2457.34000000,2448.53000000,2455.23000000,67.732879,4
1722531600,1722535200,2456.06000000,2462.23000000,2443.21000000,2448.51000000,60.117718,4
1722535200,1722538800,2448.53000000,2451.76000000,2442.11000000,2445.16000000,56.695644,4
1722538800,1722542400,2445.15000000,2448.71000000,2443.42000000,2444.47000000,55.988713,4
1722542400,1722546000,2444.47000000,2444.68000000,2435.79000000,2439.32000000,50.888491,4
1722546000,1722549600,2439.32000000,2440.95000000,2434.90000000,2439.63000000,51.176797,4
1722549600,1722553200,2439.60000000,2444.10000000,2438.27000000,2443.11000000,54.412153,4
1722553200,1722556800,2443.12000000,2447.49000000,2441.78000000,2446.35000000,57.252412,4
1722560400,1722564000,2446.45000000,2447.44000000,2443.69000000,2445.17000000,55.886762,5
1722564000,1722567600,2445.17000000,2446.51000000,2444.09000000,2445.84000000,56.520928,5
1722567600,1722571200,2445.86000000,2452.31000000,2443.85000000,2449.02000000,59.497097,5
1722571200,1722574800,2449.03000000,2450.90000000,2434.94000000,2447.11000000,56.974495,5
1722574800,1722578400,2447.18000000,2455.61000000,2446.68000000,2455.48000000,64.148162,5
1722578400,1722582000,2455.52000000,2459.40000000,2451.65000000,2454.49000000,62.814128,5
1722582000,1722585600,2454.49000000,2460.30000000,2454.31000000,2457.88000000,65.462748,5
1722585600,1722589200,2457.84000000,2466.86000000,2457.65000000,2466.76000000,71.241188,5
1722589200,1722592800,2466.84000000,2468.44000000,2462.42000000,2465.52000000,69.492728,5
1722592800,1722596400,2465.48000000,2466.68000000,2460.17000000,2461.65000000,64.197141,5
1722596400,1722600000,2461.63000000,2465.29000000,2460.93000000,2462.04000000,64.490808,5
1722600000,1722603600,2462.00000000,2464.23000000,2460.97000000,2463.91000000,65.933665,5
1722603600,1722607200,2463.92000000,2465.30000000,2460.89000000,2463.54000000,65.367698,5
1722607200,1722610800,2463.54000000,2464.65000000,2457.59000000,2459.13000000,58.880243,5
1722610800,1722614400,2459.08000000,2477.63000000,2455.87000000,2472.73000000,69.073747,5
1722614400,1722618000,2472.77000000,2474.29000000,2455.76000000,2469.75000000,65.256429,5
1722618000,1722621600,2469.73000000,2474.33000000,2428.26000000,2431.67000000,37.066565,5
1722621600,1722625200,2431.59000000,2435.71000000,2410.74000000,2433.18000000,38.206492,5
1722625200,1722628800,2433.21000000,2439.23000000,2426.31000000,2430.35000000,36.858978,5
1722628800,1722632400,2430.44000000,2431.56000000,2423.02000000,2427.82000000,35.648502,5
1722632400,1722636000,2427.75000000,2433.57000000,2426.62000000,2428.99000000,36.684064,5
1722636000,1722639600,2428.98000000,2438.22000000,2425.61000000,2437.55000000,43.808645,5
1722639600,1722643200,2437.51000000,2442.42000000,2435.62000000,2441.27000000,46.619773,5
1722819600,1722823200,2444.72000000,2447.48000000,2437.84000000,2441.39000000,46.712383,1
1722823200,1722826800,2441.49000000,2445.70000000,2439.12000000,2441.02000000,46.444823,1
1722826800,1722830400,2441.01000000,2441.05000000,2413.89000000,2421.98000000,35.254260,1
1722830400,1722834000,2421.93000000,2441.90000000,2420.14000000,2439.39000000,47.670214,1
1722834000,1722837600,2439.38000000,2446.10000000,2433.04000000,2442.73000000,49.664448,1
1722837600,1722841200,2442.74000000,2452.56000000,2442.64000000,2450.97000000,54.292323,1
1722841200,1722844800,2450.97000000,2458.77000000,2450.95000000,2452.63000000,55.186213,1
1722844800,1722848400,2452.61000000,2452.61000000,2432.51000000,2438.00000000,46.546441,1
1722848400,1722852000,2438.04000000,2438.71000000,2422.14000000,2428.57000000,41.983902,1
1722852000,1722855600,2428.59000000,2445.59000000,2424.63000000,2431.96000000,44.105023,1
1722855600,1722859200,2431.93000000,2434.36000000,2423.31000000,2424.99000000,40.801968,1
1722859200,1722862800,2425.02000000,2428.73000000,2419.12000000,2424.13000000,40.399937,1
1722862800,1722866400,2424.07000000,2425.59000000,2408.08000000,2408.47000000,33.857865,1
1722866400,1722870000,2408.44000000,2408.44000000,2383.27000000,2386.75000000,27.263548,1
1722870000,1722873600,2386.74000000,2392.27000000,2364.21000000,2374.57000000,24.394285,1
1722873600,1722877200,2374.61000000,2396.87000000,2374.61000000,2393.07000000,35.498045,1
1722877200,1722880800,2392.77000000,2397.43000000,2386.91000000,2396.49000000,37.330407,1
1722880800,1722884400,2396.51000000,2412.23000000,2396.48000000,2402.76000000,40.658701,1
1722884400,1722888000,2402.75000000,2408.72000000,2399.03000000,2403.03000000,40.804494,1
1722888000,1722891600,2403.00000000,2406.56000000,2400.17000000,2405.01000000,41.931189,1
1722891600,1722895200,2404.97000000,2408.82000000,2403.73000000,2404.94000000,41.900825,1
1722895200,1722898800,2405.01000000,2413.05000000,2404.60000000,2407.87000000,43.737343,1
1722898800,1722902400,2407.89000000,2411.63000000,2405.40000000,2409.97000000,45.077368,1
1722906000,1722909600,2410.15000000,2412.48000000,2407.90000000,2408.97000000,44.533436,2
1722909600,1722913200,2408.93000000,2409.96000000,2404.36000000,2404.78000000,42.233873,2
1722913200,1722916800,2404.81000000,2418.30000000,2404.55000000,2415.92000000,49.674403,2
1722916800,1722920400,2415.94000000,2417.73000000,2410.71000000,2412.41000000,47.594267,2
1722920400,1722924000,2412.42000000,2413.24000000,2405.84000000,2407.47000000,44.753776,2
1722924000,1722927600,2407.48000000,2411.07000000,2406.52000000,2408.98000000,45.818229,2
1722927600,1722931200,2408.99000000,2412.59000000,2406.42000000,2408.06000000,45.246221,2
1722931200,1722934800,2408.06000000,2411.85000000,2398.15000000,2398.72000000,39.812176,2
1722934800,1722938400,2398.73000000,2408.31000000,2394.83000000,2401.48000000,42.027857,2
1722938400,1722942000,2401.48000000,2410.67000000,2401.48000000,2409.84000000,48.242979,2
1722942000,1722945600,2409.86000000,2415.38000000,2408.14000000,2411.19000000,49.190283,2
1722945600,1722949200,2411.20000000,2415.48000000,2410.30000000,2413.35000000,50.743695,2
1722949200,1722952800,2413.36000000,2416.28000000,2411.57000000,2412.41000000,50.026888,2
1722952800,1722956400,2412.42000000,2415.28000000,2410.14000000,2410.94000000,48.864405,2
1722956400,1722960000,2410.93000000,2412.22000000,2391.77000000,2393.01000000,37.437316,2
1722960000,1722963600,2393.04000000,2399.46000000,2388.80000000,2395.51000000,39.559653,2
1722963600,1722967200,2395.47000000,2403.13000000,2386.26000000,2388.34000000,35.807842,2
1722967200,1722970800,2388.31000000,2391.10000000,2381.57000000,2387.65000000,35.459318,2
1722970800,1722974400,2387.76000000,2391.35000000,2385.61000000,2389.90000000,37.592416,2
1722974400,1722978000,2389.89000000,2393.45000000,2387.61000000,2391.88000000,39.487759,2
1722978000,1722981600,2391.89000000,2396.01000000,2391.30000000,2392.83000000,40.422679,2
1722981600,1722985200,2392.80000000,2393.03000000,2386.40000000,2387.78000000,37.137935,2
1722985200,1722988800,2387.85000000,2389.95000000,2386.91000000,2389.74000000,39.202882,2
1722992400,1722996000,2390.76000000,2391.26000000,2387.98000000,2388.61000000,38.419313,3
1722996000,1722999600,2388.61000000,2389.69000000,2382.75000000,2383.81000000,35.200776,3
1722999600,1723003200,2383.76000000,2387.36000000,2381.13000000,2386.50000000,38.319333,3
1723003200,1723006800,2386.50000000,2387.56000000,2378.97000000,2384.05000000,36.592029,3
1723006800,1723010400,2384.02000000,2388.43000000,2380.87000000,2384.23000000,36.817370,3
1723010400,1723014000,2384.24000000,2387.47000000,2383.19000000,2385.95000000,39.046499,3
1723014000,1723017600,2385.99000000,2394.71000000,2385.68000000,2392.71000000,46.965951,3
1723017600,1723021200,2392.68000000,2396.15000000,2388.63000000,2391.45000000,45.772219,3
1723021200,1723024800,2391.46000000,2397.59000000,2389.58000000,2394.76000000,49.409954,3
1723024800,1723028400,2394.73000000,2394.88000000,2388.08000000,2389.32000000,44.166064,3
1723028400,1723032000,2389.32000000,2393.68000000,2388.35000000,2393.30000000,48.474597,3
1723032000,1723035600,2393.36000000,2396.39000000,2392.43000000,2394.27000000,49.497460,3
1723035600,1723039200,2394.31000000,2398.07000000,2393.12000000,2397.37000000,52.727303,3
1723039200,1723042800,2397.37000000,2402.36000000,2394.27000000,2401.11000000,56.353968,3
1723042800,1723046400,2401.11000000,2407.02000000,2398.92000000,2403.85000000,58.845021,3
1723046400,1723050000,2403.87000000,2404.83000000,2397.05000000,2399.99000000,54.155760,3
1723050000,1723053600,2399.98000000,2403.39000000,2397.91000000,2399.01000000,53.000973,3
1723053600,1723057200,2398.94000000,2401.78000000,2391.96000000,2394.51000000,47.945347,3
1723057200,1723060800,2394.51000000,2399.73000000,2392.81000000,2399.59000000,53.354583,3
1723060800,1723064400,2399.57000000,2399.69000000,2389.45000000,2389.80000000,43.889209,3
1723064400,1723068000,2389.78000000,2391.71000000,2383.84000000,2386.24000000,41.038152,3
1723068000,1723071600,2386.26000000,2390.45000000,2385.31000000,2385.63000000,40.552053,3
1723071600,1723075200,2385.64000000,2387.29000000,2381.76000000,2382.96000000,38.407579,3
1723078800,1723082400,2381.55000000,2384.36000000,2380.93000000,2383.73000000,39.402811,4
1723082400,1723086000,2383.73000000,2385.87000000,2382.75000000,2384.82000000,40.859618,4
1723086000,1723089600,2384.85000000,2388.81000000,2383.20000000,2385.53000000,41.840432,4
1723089600,1723093200,2385.48000000,2391.32000000,2384.97000000,2386.70000000,43.503227,4
1723093200,1723096800,2386.70000000,2390.85000000,2386.24000000,2390.42000000,48.540811,4
1723096800,1723100400,2390.43000000,2394.69000000,2388.63000000,2394.28000000,53.203545,4
1723100400,1723104000,2394.25000000,2396.32000000,2392.68000000,2394.32000000,53.250817,4
1723104000,1723107600,2394.32000000,2395.48000000,2392.44000000,2395.31000000,54.476537,4
1723107600,1723111200,2395.33000000,2400.69000000,2392.63000000,2397.69000000,57.370257,4
1723111200,1723114800,2397.68000000,2400.24000000,2394.74000000,2396.80000000,55.938306,4
1723114800,1723118400,2396.78000000,2398.09000000,2392.82000000,2394.55000000,52.378919,4
1723118400,1723122000,2394.56000000,2398.96000000,2393.85000000,2396.19000000,54.644313,4
1723122000,1723125600,2396.20000000,2406.38000000,2396.19000000,2405.11000000,64.528297,4
1723125600,1723129200,2405.05000000,2413.52000000,2404.94000000,2412.19000000,70.098234,4
1723129200,1723132800,2412.21000000,2415.44000000,2407.09000000,2408.03000000,63.762747,4
1723132800,1723136400,2408.03000000,2415.37000000,2402.32000000,2414.14000000,68.295174,4
1723136400,1723140000,2414.19000000,2424.28000000,2409.27000000,2413.77000000,67.742610,4
1723140000,1723143600,2413.83000000,2420.31000000,2411.90000000,2418.61000000,71.043064,4
1723143600,1723147200,2418.61000000,2423.78000000,2416.67000000,2418.12000000,70.259303,4
1723147200,1723150800,2418.11000000,2424.83000000,2415.75000000,2423.51000000,73.696839,4
1723150800,1723154400,2423.47000000,2426.32000000,2422.29000000,2424.02000000,74.003024,4
1723154400,1723158000,2423.94000000,2424.81000000,2421.53000000,2423.63000000,73.300337,4
1723158000,1723161600,2423.57000000,2427.59000000,2423.05000000,2427.14000000,75.550481,4
1723165200,1723168800,2427.34000000,2427.92000000,2424.56000000,2425.74000000,72.911090,5
1723168800,1723172400,2425.72000000,2426.43000000,2422.85000000,2424.58000000,70.706931,5
1723172400,1723176000,2424.61000000,2425.35000000,2422.60000000,2424.04000000,69.651331,5
1723176000,1723179600,2424.03000000,2427.57000000,2420.07000000,2427.21000000,72.268660,5
1723179600,1723183200,2427.23000000,2428.99000000,2422.36000000,2422.47000000,63.456211,5
1723183200,1723186800,2422.47000000,2423.36000000,2419.31000000,2421.02000000,61.005512,5
1723186800,1723190400,2421.00000000,2424.48000000,2420.22000000,2423.89000000,63.971445,5
1723190400,1723194000,2423.89000000,2423.96000000,2417.11000000,2417.12000000,53.612498,5
1723194000,1723197600,2417.11000000,2421.77000000,2416.83000000,2420.69000000,57.519003,5
1723197600,1723201200,2420.69000000,2426.98000000,2420.30000000,2423.12000000,59.988963,5
1723201200,1723204800,2423.13000000,2426.71000000,2422.23000000,2424.47000000,61.334007,5
1723204800,1723208400,2424.48000000,2425.53000000,2422.65000000,2423.52000000,59.810280,5
1723208400,1723212000,2423.52000000,2431.45000000,2423.03000000,2430.51000000,66.420530,5
1723212000,1723215600,2430.46000000,2432.61000000,2425.15000000,2426.67000000,60.530520,5
1723215600,1723219200,2426.68000000,2429.84000000,2423.77000000,2429.54000000,63.159993,5
1723219200,1723222800,2429.47000000,2433.11000000,2421.06000000,2426.61000000,58.849560,5
1723222800,1723226400,2426.52000000,2435.92000000,2425.34000000,2428.70000000,60.899425,5
1723226400,1723230000,2428.71000000,2432.55000000,2426.49000000,2431.47000000,63.494932,5
1723230000,1723233600,2431.50000000,2434.69000000,2427.57000000,2434.42000000,66.077512,5
1723233600,1723237200,2434.42000000,2436.98000000,2430.46000000,2430.63000000,60.186356,5
1723237200,1723240800,2430.61000000,2430.88000000,2427.26000000,2429.82000000,58.976166,5
1723240800,1723244400,2429.84000000,2430.03000000,2427.35000000,2429.15000000,57.938406,5
1723244400,1723248000,2429.19000000,2431.09000000,2429.18000000,2431.02000000,60.051285,5
1723424400,1723428000,2429.12000000,2433.39000000,2426.90000000,2430.42000000,59.026738,1
1723428000,1723431600,2430.40000000,2430.58000000,2427.29000000,2427.98000000,54.922934,1
1723431600,1723435200,2427.99000000,2429.04000000,2426.73000000,2428.43000000,55.536900,1
1723435200,1723438800,2428.35000000,2430.26000000,2424.65000000,2426.05000000,51.538637,1
1723438800,1723442400,2426.00000000,2427.46000000,2423.78000000,2426.16000000,51.711672,1
1723442400,1723446000,2426.16000000,2429.39000000,2425.71000000,2428.59000000,55.492349,1
1723446000,1723449600,2428.58000000,2433.55000000,2428.22000000,2433.36000000,61.812725,1
1723449600,1723453200,2433.35000000,2435.05000000,2429.08000000,2434.61000000,63.284150,1
1723453200,1723456800,2434.61000000,2437.16000000,2433.66000000,2436.81000000,65.783100,1
1723456800,1723460400,2436.76000000,2442.84000000,2435.54000000,2441.67000000,70.551431,1
1723460400,1723464000,2441.65000000,2443.77000000,2439.58000000,2441.97000000,70.821736,1
1723464000,1723467600,2441.94000000,2445.05000000,2440.60000000,2442.64000000,71.451975,1
1723467600,1723471200,2442.64000000,2444.73000000,2441.42000000,2443.83000000,72.584627,1
1723471200,1723474800,2443.82000000,2444.22000000,2439.65000000,2441.56000000,67.114465,1
1723474800,1723478400,2441.55000000,2445.42000000,2441.40000000,2444.41000000,70.155513,1
1723478400,1723482000,2444.55000000,2457.49000000,2442.11000000,2454.18000000,77.751100,1
1723482000,1723485600,2454.17000000,2455.48000000,2444.50000000,2453.27000000,75.815625,1
1723485600,1723489200,2453.27000000,2460.54000000,2452.89000000,2459.82000000,79.727408,1
1723489200,1723492800,2459.85000000,2466.08000000,2459.04000000,2463.10000000,81.353877,1
1723492800,1723496400,2463.08000000,2468.56000000,2461.70000000,2467.14000000,83.147357,1
1723496400,1723500000,2467.10000000,2470.94000000,2466.40000000,2470.25000000,84.391932,1
1723500000,1723503600,2470.19000000,2472.14000000,2469.69000000,2470.48000000,84.483197,1
1723503600,1723507200,2470.51000000,2473.14000000,2470.42000000,2471.97000000,85.091386,1
1723510800,1723514400,2471.19000000,2474.03000000,2470.03000000,2473.72000000,85.795586,2
1723514400,1723518000,2473.65000000,2475.98000000,2472.66000000,2475.54000000,86.509280,2
1723518000,1723521600,2475.54000000,2476.92000000,2468.44000000,2472.09000000,78.461475,2
1723521600,1723525200,2472.04000000,2473.68000000,2460.84000000,2466.35000000,67.251730,2
1723525200,1723528800,2466.25000000,2467.64000000,2461.46000000,2461.46000000,59.458225,2
1723528800,1723532400,2461.42000000,2464.63000000,2461.34000000,2463.51000000,61.473872,2
1723532400,1723536000,2463.54000000,2465.01000000,2460.15000000,2461.96000000,59.082045,2
1723536000,1723539600,2461.94000000,2464.33000000,2458.47000000,2462.80000000,59.990564,2
1723539600,1723543200,2462.78000000,2464.58000000,2461.12000000,2463.19000000,60.429860,2
1723543200,1723546800,2463.23000000,2466.13000000,2460.78000000,2464.22000000,61.628158,2
1723546800,1723550400,2464.23000000,2464.32000000,2458.92000000,2460.54000000,55.196748,2
1723550400,1723554000,2460.54000000,2462.06000000,2458.88000000,2460.66000000,55.360342,2
1723554000,1723557600,2460.63000000,2463.46000000,2459.36000000,2462.15000000,57.438429,2
1723557600,1723561200,2462.14000000,2466.58000000,2461.53000000,2465.73000000,62.014025,2
1723561200,1723564800,2465.71000000,2472.46000000,2464.29000000,2467.61000000,64.191134,2
1723564800,1723568400,2467.68000000,2475.51000000,2458.88000000,2472.79000000,69.395816,2
1723568400,1723572000,2472.78000000,2473.21000000,2464.21000000,2471.57000000,66.928474,2
1723572000,1723575600,2471.59000000,2472.99000000,2465.98000000,2468.58000000,61.186664,2
1723575600,1723579200,2468.56000000,2471.01000000,2466.30000000,2469.45000000,62.202751,2
1723579200,1723582800,2469.47000000,2470.28000000,2465.89000000,2467.64000000,58.756478,2
1723582800,1723586400,2467.64000000,2468.93000000,2466.31000000,2467.73000000,58.878477,2
1723586400,1723590000,2467.72000000,2468.78000000,2462.20000000,2467.03000000,57.454937,2
1723590000,1723593600,2467.02000000,2467.79000000,2464.57000000,2464.94000000,53.310560,2
1723597200,1723600800,2466.17000000,2467.01000000,2463.80000000,2465.48000000,54.229215,3
1723600800,1723604400,2465.42000000,2465.43000000,2462.95000000,2464.21000000,51.655022,3
1723604400,1723608000,2464.25000000,2467.37000000,2463.97000000,2465.63000000,54.268919,3
1723608000,1723611600,2465.58000000,2472.51000000,2464.57000000,2465.40000000,53.761887,3
1723611600,1723615200,2465.39000000,2465.68000000,2455.32000000,2459.89000000,43.319951,3
1723615200,1723618800,2459.87000000,2461.53000000,2458.76000000,2460.84000000,45.292861,3
1723618800,1723622400,2460.82000000,2462.89000000,2460.07000000,2461.79000000,47.269483,3
1723622400,1723626000,2461.76000000,2462.51000000,2459.21000000,2462.19000000,48.119457,3
1723626000,1723629600,2462.26000000,2467.73000000,2460.34000000,2467.39000000,57.671641,3
1723629600,1723633200,2467.36000000,2471.89000000,2466.34000000,2470.90000000,62.668145,3
1723633200,1723636800,2470.93000000,2478.66000000,2468.71000000,2474.36000000,66.825294,3
1723636800,1723640400,2474.33000000,2475.32000000,2471.06000000,2472.85000000,63.501853,3
1723640400,1723644000,2472.86000000,2476.13000000,2470.49000000,2474.94000000,66.020774,3
1723644000,1723647600,2474.93000000,2475.26000000,2471.73000000,2474.72000000,65.508266,3
1723647600,1723651200,2474.73000000,2479.72000000,2462.36000000,2468.77000000,53.428189,3
1723651200,1723654800,2468.75000000,2469.50000000,2449.34000000,2457.34000000,38.674214,3
1723654800,1723658400,2457.18000000,2458.28000000,2446.98000000,2450.19000000,32.608123,3
1723658400,1723662000,2450.11000000,2452.13000000,2442.07000000,2444.04000000,28.471454,3
1723662000,1723665600,2444.04000000,2445.44000000,2438.04000000,2444.15000000,28.645814,3
1723665600,1723669200,2444.15000000,2445.05000000,2440.30000000,2441.52000000,26.954052,3
1723669200,1723672800,2441.55000000,2448.01000000,2440.64000000,2447.69000000,36.438009,3
1723672800,1723676400,2447.64000000,2448.36000000,2444.34000000,2447.10000000,35.957245,3
1723676400,1723680000,2447.05000000,2448.35000000,2446.56000000,2447.90000000,37.167793,3
1723683600,1723687200,2447.64000000,2448.59000000,2446.42000000,2447.92000000,37.199752,4
1723687200,1723690800,2447.92000000,2449.45000000,2447.16000000,2449.41000000,39.662084,4
1723690800,1723694400,2449.45000000,2454.24000000,2448.49000000,2450.07000000,40.769907,4
1723694400,1723698000,2450.10000000,2453.49000000,2448.21000000,2450.69000000,41.850002,4
1723698000,1723701600,2450.69000000,2452.51000000,2449.81000000,2451.43000000,43.181780,4
1723701600,1723705200,2451.44000000,2454.39000000,2451.28000000,2453.67000000,47.129079,4
1723705200,1723708800,2453.69000000,2455.47000000,2452.76000000,2453.35000000,46.630687,4
1723708800,1723712400,2453.35000000,2455.06000000,2450.30000000,2453.89000000,47.637004,4
1723712400,1723716000,2453.90000000,2458.74000000,2452.70000000,2455.97000000,51.435539,4
1723716000,1723719600,2455.98000000,2456.62000000,2454.43000000,2455.75000000,51.014012,4
1723719600,1723723200,2455.74000000,2457.17000000,2453.57000000,2455.45000000,50.407361,4
1723723200,1723726800,2455.53000000,2457.24000000,2455.28000000,2456.80000000,53.109641,4
1723726800,1723730400,2456.76000000,2460.28000000,2456.76000000,2458.14000000,55.690507,4
1723730400,1723734000,2458.17000000,2464.17000000,2457.86000000,2463.48000000,64.157063,4
1723734000,1723737600,2463.56000000,2470.04000000,2441.01000000,2441.27000000,34.570019,4
1723737600,1723741200,2441.26000000,2451.45000000,2432.14000000,2444.49000000,38.964727,4
1723741200,1723744800,2444.53000000,2458.55000000,2444.48000000,2452.26000000,48.034886,4
1723744800,1723748400,2452.26000000,2459.55000000,2450.52000000,2458.36000000,53.835045,4
1723748400,1723752000,2458.36000000,2459.88000000,2455.07000000,2455.72000000,51.172929,4
1723752000,1723755600,2455.78000000,2456.42000000,2453.44000000,2455.48000000,50.926383,4
1723755600,1723759200,2455.49000000,2458.31000000,2454.81000000,2458.24000000,53.689616,4
1723759200,1723762800,2458.25000000,2461.61000000,2454.10000000,2455.51000000,50.651529,4
1723762800,1723766400,2455.51000000,2457.48000000,2454.73000000,2456.44000000,51.655139,4
1723770000,1723773600,2456.36000000,2456.43000000,2454.57000000,2454.84000000,49.779440,5
1723773600,1723777200,2454.83000000,2458.23000000,2454.35000000,2457.32000000,52.649498,5
1723777200,1723780800,2457.31000000,2459.74000000,2456.87000000,2458.46000000,53.952231,5
1723780800,1723784400,2458.56000000,2460.02000000,2455.72000000,2457.32000000,52.399686,5
1723784400,1723788000,2457.32000000,2457.67000000,2453.59000000,2454.93000000,49.202970,5
1723788000,1723791600,2454.93000000,2455.63000000,2450.73000000,2452.44000000,46.050875,5
1723791600,1723795200,2452.44000000,2453.68000000,2451.96000000,2452.67000000,46.392498,5
1723795200,1723798800,2452.76000000,2456.32000000,2452.61000000,2455.71000000,50.824890,5
1723798800,1723802400,2455.70000000,2457.81000000,2454.58000000,2455.03000000,49.832359,5
1723802400,1723806000,2455.07000000,2464.49000000,2451.10000000,2461.97000000,58.697390,5
1723806000,1723809600,2462.01000000,2464.01000000,2459.11000000,2462.32000000,59.090016,5
1723809600,1723813200,2462.36000000,2464.30000000,2461.22000000,2463.31000000,60.241309,5
1723813200,1723816800,2463.30000000,2468.15000000,2462.85000000,2464.59000000,61.740493,5
1723816800,1723820400,2464.63000000,2472.32000000,2464.63000000,2472.19000000,69.173101,5
1723820400,1723824000,2472.19000000,2492.35000000,2471.24000000,2491.63000000,79.919189,5
1723824000,1723827600,2491.64000000,2500.23000000,2483.61000000,2494.47000000,80.963237,5
1723827600,1723831200,2494.27000000,2495.04000000,2477.46000000,2487.15000000,70.752473,5
1723831200,1723834800,2487.27000000,2492.28000000,2485.66000000,2491.76000000,73.057044,5
1723834800,1723838400,2491.76000000,2497.77000000,2491.66000000,2495.87000000,74.952002,5
1723838400,1723842000,2495.86000000,2500.11000000,2493.11000000,2499.73000000,76.615466,5
1723842000,1723845600,2499.73000000,2505.53000000,2498.44000000,2503.36000000,78.089147,5
1723845600,1723849200,2503.38000000,2508.94000000,2501.69000000,2507.98000000,79.831250,5
1723849200,1723852800,2508.03000000,2509.68000000,2505.47000000,2507.15000000,78.621826,5
1724029200,1724032800,2508.17000000,2510.04000000,2502.25000000,2504.91000000,75.306015,1
1724032800,1724036400,2504.93000000,2506.77000000,2503.43000000,2506.44000000,76.049030,1
1724036400,1724040000,2506.48000000,2506.78000000,2500.33000000,2502.07000000,69.606843,1
1724040000,1724043600,2502.07000000,2506.03000000,2494.95000000,2498.19000000,64.391275,1
1724043600,1724047200,2498.15000000,2503.98000000,2496.21000000,2503.51000000,67.938569,1
1724047200,1724050800,2503.44000000,2505.81000000,2500.53000000,2503.24000000,67.570664,1
1724050800,1724054400,2503.23000000,2504.67000000,2498.81000000,2500.67000000,64.017059,1
1724054400,1724058000,2500.67000000,2502.40000000,2499.09000000,2501.05000000,64.315887,1
1724058000,1724061600,2501.05000000,2505.17000000,2499.67000000,2502.13000000,65.200438,1
1724061600,1724065200,2502.15000000,2504.88000000,2499.74000000,2503.00000000,65.933030,1
1724065200,1724068800,2502.98000000,2507.14000000,2502.33000000,2503.05000000,65.977359,1
1724068800,1724072400,2503.05000000,2503.94000000,2499.78000000,2499.93000000,60.671992,1
1724072400,1724076000,2499.90000000,2500.04000000,2489.52000000,2489.76000000,47.315917,1
1724076000,1724079600,2489.85000000,2495.17000000,2486.51000000,2494.46000000,52.518042,1
1724079600,1724083200,2494.48000000,2495.48000000,2488.70000000,2491.15000000,48.859052,1
1724083200,1724086800,2491.16000000,2495.80000000,2485.65000000,2494.63000000,52.598286,1
1724086800,1724090400,2494.65000000,2504.80000000,2493.88000000,2501.25000000,58.773522,1
1724090400,1724094000,2501.26000000,2505.97000000,2499.92000000,2503.97000000,61.020464,1
1724094000,1724097600,2504.00000000,2507.45000000,2501.89000000,2505.48000000,62.250504,1
1724097600,1724101200,2505.47000000,2505.80000000,2500.70000000,2503.11000000,59.098304,1
1724101200,1724104800,2503.09000000,2504.80000000,2502.47000000,2504.25000000,60.143766,1
1724104800,1724108400,2504.23000000,2505.82000000,2503.05000000,2505.45000000,61.266093,1
1724108400,1724112000,2505.48000000,2505.65000000,2503.36000000,2504.15000000,59.317363,1
1724115600,1724119200,2503.80000000,2504.51000000,2502.04000000,2504.29000000,59.466887,2
1724119200,1724122800,2504.28000000,2504.29000000,2502.46000000,2503.61000000,58.345197,2
1724122800,1724126400,2503.64000000,2506.81000000,2503.36000000,2504.95000000,59.948433,2
1724126400,1724130000,2504.92000000,2508.20000000,2501.27000000,2501.92000000,54.811255,2
1724130000,1724133600,2501.93000000,2502.28000000,2498.69000000,2499.60000000,51.193870,2
1724133600,1724137200,2499.59000000,2502.39000000,2499.07000000,2501.75000000,54.209875,2
1724137200,1724140800,2501.76000000,2502.74000000,2499.48000000,2500.80000000,52.661345,2
1724140800,1724144400,2500.81000000,2503.68000000,2499.44000000,2499.44000000,50.440000,2
1724144400,1724148000,2499.37000000,2505.73000000,2497.28000000,2502.34000000,54.816691,2
1724148000,1724151600,2502.33000000,2515.14000000,2501.17000000,2514.90000000,67.998206,2
1724151600,1724155200,2514.94000000,2523.09000000,2514.35000000,2519.78000000,71.479632,2
1724155200,1724158800,2519.80000000,2525.15000000,2519.76000000,2521.69000000,72.730079,2
1724158800,1724162400,2521.61000000,2524.52000000,2521.17000000,2522.82000000,73.471147,2
1724162400,1724166000,2522.82000000,2527.10000000,2522.19000000,2526.28000000,75.652892,2
1724166000,1724169600,2526.29000000,2529.17000000,2521.67000000,2526.69000000,75.905758,2
1724169600,1724173200,2526.69000000,2531.68000000,2519.90000000,2529.84000000,77.812386,2
1724173200,1724176800,2529.80000000,2530.15000000,2520.41000000,2523.78000000,66.852263,2
1724176800,1724180400,2523.78000000,2523.96000000,2505.76000000,2508.44000000,48.304494,2
1724180400,1724184000,2508.47000000,2510.54000000,2500.81000000,2509.05000000,48.911493,2
1724184000,1724187600,2509.05000000,2513.19000000,2506.77000000,2510.53000000,50.432220,2
1724187600,1724191200,2510.46000000,2515.44000000,2509.30000000,2513.33000000,53.266466,2
1724191200,1724194800,2513.32000000,2515.23000000,2510.87000000,2515.02000000,54.941145,2
1724194800,1724198400,2515.01000000,2516.86000000,2513.38000000,2513.92000000,53.594922,2
1724202000,1724205600,2513.98000000,2515.76000000,2513.24000000,2514.68000000,54.425813,3
1724205600,1724209200,2514.62000000,2516.06000000,2512.81000000,2512.91000000,52.086707,3
1724209200,1724212800,2512.92000000,2515.94000000,2512.51000000,2513.55000000,52.875357,3
1724212800,1724216400,2513.55000000,2517.04000000,2510.82000000,2516.80000000,56.766990,3
1724216400,1724220000,2516.79000000,2519.93000000,2515.86000000,2519.35000000,59.586975,3
1724220000,1724223600,2519.33000000,2519.43000000,2513.03000000,2517.35000000,56.475503,3
1724223600,1724227200,2517.36000000,2517.64000000,2513.77000000,2516.23000000,54.751326,3
1724227200,1724230800,2516.11000000,2518.38000000,2514.96000000,2515.19000000,53.129307,3
1724230800,1724234400,2515.21000000,2519.57000000,2511.83000000,2514.44000000,51.934414,3
1724234400,1724238000,2514.44000000,2517.00000000,2508.14000000,2509.72000000,45.065274,3
1724238000,1724241600,2509.61000000,2512.38000000,2506.93000000,2507.22000000,41.903843,3
1724241600,1724245200,2507.19000000,2509.22000000,2504.53000000,2505.51000000,39.844851,3
1724245200,1724248800,2505.50000000,2509.72000000,2504.43000000,2509.40000000,46.308058,3
1724248800,1724252400,2509.40000000,2513.27000000,2506.88000000,2511.74000000,49.801977,3
1724252400,1724256000,2511.75000000,2513.65000000,2507.09000000,2510.64000000,48.213667,3
1724256000,1724259600,2510.65000000,2512.86000000,2497.96000000,2502.96000000,38.888385,3
1724259600,1724263200,2502.94000000,2506.60000000,2494.12000000,2501.50000000,37.407154,3
1724263200,1724266800,2501.51000000,2511.07000000,2501.36000000,2508.28000000,47.422469,3
1724266800,1724270400,2508.24000000,2508.84000000,2503.14000000,2507.08000000,46.018967,3
1724270400,1724274000,2507.09000000,2511.34000000,2506.89000000,2509.40000000,49.152198,3
1724274000,1724277600,2509.35000000,2519.11000000,2509.31000000,2516.05000000,56.878376,3
1724277600,1724281200,2516.10000000,2516.35000000,2510.91000000,2511.57000000,51.230769,3
1724281200,1724284800,2511.69000000,2512.36000000,2509.74000000,2512.31000000,52.077212,3
1724288400,1724292000,2512.05000000,2513.92000000,2511.46000000,2513.86000000,53.882723,4
1724292000,1724295600,2513.86000000,2514.36000000,2512.27000000,2512.81000000,52.441357,4
1724295600,1724299200,2512.82000000,2514.68000000,2511.14000000,2513.72000000,53.599817,4
1724299200,1724302800,2513.72000000,2514.12000000,2507.00000000,2507.60000000,45.561826,4
1724302800,1724306400,2507.59000000,2508.64000000,2499.92000000,2502.31000000,39.980680,4
1724306400,1724310000,2502.30000000,2504.69000000,2501.13000000,2502.36000000,40.055423,4
1724310000,1724313600,2502.37000000,2502.42000000,2499.27000000,2501.85000000,39.514886,4
1724313600,1724317200,2501.85000000,2506.28000000,2500.65000000,2505.48000000,45.184918,4
1724317200,1724320800,2505.50000000,2510.56000000,2503.51000000,2507.48000000,48.073182,4
1724320800,1724324400,2507.58000000,2509.73000000,2504.43000000,2506.98000000,47.400752,4
1724324400,1724328000,2506.98000000,2507.47000000,2502.44000000,2503.61000000,43.031795,4
1724328000,1724331600,2503.64000000,2507.98000000,2501.13000000,2507.28000000,48.589151,4
1724331600,1724335200,2507.30000000,2509.08000000,2505.19000000,2505.19000000,45.846284,4
1724335200,1724338800,2505.14000000,2505.99000000,2498.07000000,2499.59000000,39.424470,4
1724338800,1724342400,2499.56000000,2504.11000000,2495.16000000,2500.63000000,41.075221,4
1724342400,1724346000,2500.65000000,2501.50000000,2483.04000000,2487.80000000,30.157026,4
1724346000,1724349600,2487.83000000,2487.83000000,2470.76000000,2480.09000000,25.730774,4
1724349600,1724353200,2480.02000000,2484.18000000,2475.01000000,2481.94000000,28.444661,4
1724353200,1724356800,2481.94000000,2485.97000000,2481.33000000,2484.28000000,31.837454,4
1724356800,1724360400,2484.26000000,2484.38000000,2479.61000000,2482.26000000,30.493327,4
1724360400,1724364000,2482.31000000,2484.80000000,2480.34000000,2482.21000000,30.459049,4
1724364000,1724367600,2482.18000000,2483.48000000,2478.52000000,2482.98000000,31.731792,4
1724367600,1724371200,2482.99000000,2484.90000000,2482.44000000,2484.64000000,34.514376,4
1724374800,1724378400,2484.86000000,2485.63000000,2484.32000000,2485.14000000,35.368887,5
1724378400,1724382000,2485.15000000,2487.60000000,2484.95000000,2487.55000000,39.468874,5
1724382000,1724385600,2487.58000000,2492.23000000,2486.46000000,2489.98000000,43.369759,5
1724385600,1724389200,2490.01000000,2491.44000000,2487.86000000,2490.83000000,44.711946,5
1724389200,1724392800,2490.84000000,2491.56000000,2486.68000000,2489.92000000,43.522657,5
1724392800,1724396400,2489.92000000,2493.69000000,2489.44000000,2493.20000000,48.808107,5
1724396400,1724400000,2493.19000000,2494.48000000,2492.59000000,2493.35000000,49.042970,5
1724400000,1724403600,2493.34000000,2495.74000000,2491.11000000,2491.84000000,46.719274,5
1724403600,1724407200,2491.83000000,2494.55000000,2490.59000000,2493.03000000,48.778981,5
1724407200,1724410800,2493.05000000,2494.05000000,2491.65000000,2493.35000000,49.346050,5
1724410800,1724414400,2493.35000000,2499.94000000,2493.02000000,2498.95000000,58.090345,5
1724414400,1724418000,2498.94000000,2501.82000000,2496.97000000,2498.93000000,58.051801,5
1724418000,1724421600,2498.92000000,2499.26000000,2495.59000000,2499.03000000,58.201139,5
1724421600,1724425200,2498.98000000,2502.38000000,2497.40000000,2501.56000000,61.897034,5
1724425200,1724428800,2501.57000000,2502.29000000,2498.42000000,2501.24000000,61.160421,5
1724428800,1724432400,2501.24000000,2503.86000000,2494.38000000,2498.05000000,54.231763,5
1724432400,1724436000,2498.07000000,2517.85000000,2497.74000000,2509.23000000,67.939919,5
1724436000,1724439600,2509.19000000,2518.31000000,2508.01000000,2509.81000000,68.467566,5
1724439600,1724443200,2509.85000000,2510.44000000,2501.76000000,2510.27000000,68.904674,5
1724443200,1724446800,2510.27000000,2513.17000000,2509.51000000,2510.83000000,69.459707,5
1724446800,1724450400,2510.85000000,2511.83000000,2509.02000000,2509.70000000,66.866096,5
1724450400,1724454000,2509.69000000,2512.74000000,2507.89000000,2510.61000000,67.905420,5
1724454000,1724457600,2510.59000000,2512.30000000,2509.58000000,2511.96000000,69.437041,5
1724634000,1724637600,2511.81000000,2514.55000000,2510.97000000,2513.03000000,70.633257,1
1724637600,1724641200,2513.03000000,2516.65000000,2512.97000000,2515.91000000,73.625470,1
1724641200,1724644800,2515.91000000,2516.94000000,2512.48000000,2513.68000000,67.859842,1
1724644800,1724648400,2513.67000000,2515.46000000,2510.54000000,2513.33000000,66.973363,1
1724648400,1724652000,2513.32000000,2515.30000000,2511.71000000,2511.88000000,63.284940,1
1724652000,1724655600,2511.86000000,2512.87000000,2509.32000000,2509.80000000,58.322926,1
1724655600,1724659200,2509.80000000,2510.85000000,2508.88000000,2509.57000000,57.783404,1
1724659200,1724662800,2509.57000000,2511.26000000,2508.67000000,2510.50000000,59.418120,1
1724662800,1724666400,2510.56000000,2515.30000000,2509.79000000,2515.03000000,66.269552,1
1724666400,1724670000,2515.03000000,2521.79000000,2514.15000000,2521.41000000,73.146015,1
1724670000,1724673600,2521.41000000,2525.73000000,2520.67000000,2524.21000000,75.506076,1
1724673600,1724677200,2524.21000000,2525.56000000,2523.34000000,2525.02000000,76.158837,1
1724677200,1724680800,2525.04000000,2526.59000000,2522.49000000,2524.89000000,75.809646,1
1724680800,1724684400,2524.90000000,2526.81000000,2520.90000000,2526.49000000,77.195521,1
1724684400,1724688000,2526.48000000,2526.77000000,2522.47000000,2523.78000000,69.891833,1
1724688000,1724691600,2523.73000000,2526.40000000,2515.44000000,2515.88000000,53.886276,1
1724691600,1724695200,2515.76000000,2518.96000000,2510.62000000,2516.91000000,55.322839,1
1724695200,1724698800,2516.88000000,2517.43000000,2511.35000000,2515.82000000,53.426039,1
1724698800,1724702400,2515.79000000,2520.45000000,2513.58000000,2520.20000000,59.443458,1
1724702400,1724706000,2520.19000000,2523.31000000,2516.50000000,2518.05000000,55.643076,1
1724706000,1724709600,2518.06000000,2519.52000000,2515.56000000,2516.85000000,53.583939,1
1724709600,1724713200,2516.88000000,2520.94000000,2516.81000000,2518.15000000,55.504962,1
1724713200,1724716800,2518.14000000,2519.02000000,2517.42000000,2517.98000000,55.183328,1
1724720400,1724724000,2518.10000000,2518.10000000,2517.01000000,2517.26000000,53.762383,2
1724724000,1724727600,2517.26000000,2517.65000000,2515.45000000,2515.46000000,50.276902,2
1724727600,1724731200,2515.47000000,2516.72000000,2512.96000000,2513.23000000,46.274312,2
1724731200,1724734800,2513.18000000,2514.09000000,2508.23000000,2509.68000000,40.717092,2
1724734800,1724738400,2509.69000000,2510.36000000,2505.81000000,2508.69000000,39.299674,2
1724738400,1724742000,2508.69000000,2509.17000000,2505.81000000,2509.02000000,40.048847,2
1724742000,1724745600,2509.03000000,2509.48000000,2506.23000000,2507.28000000,37.425934,2
1724745600,1724749200,2507.25000000,2513.74000000,2506.61000000,2513.57000000,50.138782,2
1724749200,1724752800,2513.56000000,2517.46000000,2512.72000000,2514.94000000,52.406807,2
1724752800,1724756400,2514.85000000,2517.52000000,2504.53000000,2504.88000000,38.542762,2
1724756400,1724760000,2504.86000000,2512.47000000,2503.49000000,2511.01000000,47.633569,2
1724760000,1724763600,2510.99000000,2513.77000000,2508.05000000,2508.90000000,45.157482,2
1724763600,1724767200,2508.89000000,2510.45000000,2506.84000000,2509.01000000,45.317070,2
1724767200,1724770800,2509.02000000,2512.45000000,2508.63000000,2511.44000000,48.857547,2
1724770800,1724774400,2511.43000000,2514.35000000,2507.73000000,2509.86000000,46.738595,2
1724774400,1724778000,2509.84000000,2515.08000000,2503.53000000,2512.57000000,50.688904,2
1724778000,1724781600,2512.52000000,2518.10000000,2507.76000000,2514.75000000,53.665982,2
1724781600,1724785200,2514.74000000,2520.28000000,2511.50000000,2512.12000000,49.762670,2
1724785200,1724788800,2512.11000000,2514.44000000,2509.86000000,2514.40000000,52.957091,2
1724788800,1724792400,2514.41000000,2521.68000000,2514.11000000,2520.01000000,59.740481,2
1724792400,1724796000,2520.02000000,2525.88000000,2519.87000000,2524.42000000,64.120352,2
1724796000,1724799600,2524.44000000,2525.68000000,2523.03000000,2525.05000000,64.710986,2
1724799600,1724803200,2525.04000000,2525.92000000,2523.74000000,2524.57000000,63.848589,2
1724806800,1724810400,2524.80000000,2525.99000000,2524.70000000,2525.65000000,64.979476,3
1724810400,1724814000,2525.65000000,2528.98000000,2524.15000000,2525.27000000,64.218279,3
1724814000,1724817600,2525.27000000,2525.82000000,2523.85000000,2524.42000000,62.455840,3
1724817600,1724821200,2524.42000000,2524.42000000,2516.82000000,2517.09000000,49.770619,3
1724821200,1724824800,2517.09000000,2518.49000000,2513.39000000,2516.31000000,48.638529,3
1724824800,1724828400,2516.31000000,2517.10000000,2513.27000000,2515.85000000,47.945890,3
1724828400,1724832000,2515.86000000,2516.13000000,2510.26000000,2511.51000000,41.885424,3
1724832000,1724835600,2511.51000000,2511.69000000,2505.47000000,2505.75000000,35.476153,3
1724835600,1724839200,2505.74000000,2508.93000000,2503.32000000,2508.53000000,40.229906,3
1724839200,1724842800,2508.49000000,2511.31000000,2507.53000000,2509.98000000,42.605092,3
1724842800,1724846400,2509.97000000,2509.97000000,2505.96000000,2508.17000000,40.444521,3
1724846400,1724850000,2508.16000000,2511.35000000,2507.76000000,2510.14000000,43.785892,3
1724850000,1724853600,2510.15000000,2510.46000000,2502.61000000,2505.47000000,38.300112,3
1724853600,1724857200,2505.37000000,2505.37000000,2500.62000000,2501.38000000,34.252593,3
1724857200,1724860800,2501.37000000,2501.59000000,2493.17000000,2500.46000000,33.397618,3
1724860800,1724864400,2500.38000000,2510.80000000,2499.11000000,2506.56000000,43.472629,3
1724864400,1724868000,2506.61000000,2509.08000000,2503.99000000,2507.60000000,45.000212,3
1724868000,1724871600,2507.50000000,2510.20000000,2505.02000000,2506.11000000,43.199029,3
1724871600,1724875200,2506.16000000,2506.54000000,2496.43000000,2501.89000000,38.498972,3
1724875200,1724878800,2501.88000000,2506.31000000,2500.54000000,2505.43000000,44.002871,3
1724878800,1724882400,2505.42000000,2508.20000000,2503.62000000,2507.99000000,47.651374,3
1724882400,1724886000,2507.94000000,2509.56000000,2506.69000000,2507.56000000,47.096303,3
1724886000,1724889600,2507.86000000,2508.56000000,2502.91000000,2504.97000000,43.787721,3
1724893200,1724896800,2504.71000000,2508.69000000,2504.63000000,2507.08000000,47.051184,4
1724896800,1724900400,2507.03000000,2508.07000000,2506.34000000,2508.05000000,48.530534,4
1724900400,1724904000,2508.01000000,2515.40000000,2507.85000000,2512.27000000,54.488056,4
1724904000,1724907600,2512.22000000,2514.67000000,2511.66000000,2512.98000000,55.422941,4
1724907600,1724911200,2513.08000000,2515.06000000,2511.69000000,2512.88000000,55.250795,4
1724911200,1724914800,2512.83000000,2516.76000000,2512.39000000,2516.64000000,60.250170,4
1724914800,1724918400,2516.65000000,2518.09000000,2515.63000000,2515.89000000,58.838129,4
1724918400,1724922000,2515.84000000,2519.91000000,2513.81000000,2518.74000000,62.440414,4
1724922000,1724925600,2518.64000000,2521.10000000,2516.33000000,2517.28000000,59.564580,4
1724925600,1724929200,2517.27000000,2519.10000000,2515.12000000,2519.05000000,61.858115,4
1724929200,1724932800,2519.10000000,2520.10000000,2515.16000000,2517.11000000,57.976533,4
1724932800,1724936400,2517.16000000,2524.37000000,2515.82000000,2522.78000000,64.907480,4
1724936400,1724940000,2522.96000000,2524.38000000,2520.82000000,2523.14000000,65.298816,4
1724940000,1724943600,2523.19000000,2523.35000000,2519.04000000,2519.92000000,58.964980,4
1724943600,1724947200,2519.87000000,2520.24000000,2503.43000000,2509.18000000,43.729163,4
1724947200,1724950800,2509.28000000,2519.30000000,2508.14000000,2516.73000000,52.935598,4
1724950800,1724954400,2516.78000000,2522.30000000,2514.38000000,2522.19000000,58.254784,4
1724954400,1724958000,2522.29000000,2525.68000000,2518.54000000,2522.46000000,58.504536,4
1724958000,1724961600,2522.58000000,2526.76000000,2517.44000000,2525.23000000,61.077334,4
1724961600,1724965200,2525.28000000,2528.70000000,2523.34000000,2525.83000000,61.632250,4
1724965200,1724968800,2525.98000000,2526.44000000,2521.00000000,2523.02000000,57.497817,4
1724968800,1724972400,2522.97000000,2524.82000000,2520.86000000,2521.17000000,54.887280,4
1724972400,1724976000,2521.37000000,2522.26000000,2520.66000000,2521.18000000,54.899200,4
1724979600,1724983200,2520.99000000,2521.56000000,2520.47000000,2520.77000000,54.266098,5
1724983200,1724986800,2520.81000000,2520.98000000,2518.97000000,2519.66000000,52.500881,5
1724986800,1724990400,2519.57000000,2519.74000000,2516.64000000,2517.58000000,49.266813,5
1724990400,1724994000,2517.48000000,2520.18000000,2514.56000000,2515.89000000,46.747132,5
1724994000,1724997600,2515.90000000,2517.94000000,2514.20000000,2516.06000000,47.040547,5
1724997600,1725001200,2516.01000000,2517.00000000,2512.27000000,2513.49000000,43.168224,5
1725001200,1725004800,2513.44000000,2514.59000000,2512.16000000,2513.30000000,42.887144,5
1725004800,1725008400,2513.40000000,2516.37000000,2512.53000000,2513.84000000,44.003122,5
1725008400,1725012000,2513.83000000,2524.04000000,2513.07000000,2517.74000000,51.390624,5
1725012000,1725015600,2517.64000000,2521.37000000,2517.54000000,2519.33000000,54.052066,5
1725015600,1725019200,2519.28000000,2526.72000000,2518.88000000,2522.91000000,59.437188,5
1725019200,1725022800,2522.96000000,2526.84000000,2522.61000000,2524.20000000,61.201735,5
1725022800,1725026400,2524.19000000,2524.73000000,2514.96000000,2515.34000000,46.303166,5
1725026400,1725030000,2515.15000000,2521.71000000,2514.90000000,2519.47000000,52.150516,5
1725030000,1725033600,2519.42000000,2524.76000000,2516.30000000,2519.60000000,52.326497,5
1725033600,1725037200,2519.70000000,2519.81000000,2512.78000000,2515.52000000,46.541180,5
1725037200,1725040800,2515.62000000,2518.40000000,2506.28000000,2509.09000000,39.187732,5
1725040800,1725044400,2509.04000000,2509.58000000,2500.12000000,2502.44000000,33.323632,5
1725044400,1725048000,2502.34000000,2506.02000000,2496.67000000,2497.70000000,29.890250,5
1725048000,1725051600,2497.55000000,2500.46000000,2494.03000000,2499.60000000,32.875698,5
1725051600,1725055200,2499.59000000,2504.73000000,2499.39000000,2502.28000000,36.953781,5
1725055200,1725058800,2502.28000000,2503.99000000,2498.29000000,2502.11000000,36.801047,5
1725058800,1725062400,2502.20000000,2503.47000000,2501.81000000,2503.32000000,38.741763,5
1725238800,1725242400,2503.53000000,2504.76000000,2501.89000000,2503.26000000,38.678337,1
1725242400,1725246000,2503.33000000,2503.72000000,2502.01000000,2502.91000000,38.284590,1
1725246000,1725249600,2502.94000000,2504.90000000,2501.34000000,2501.66000000,36.842078,1
1725249600,1725253200,2501.56000000,2504.47000000,2496.75000000,2498.10000000,33.025536,1
1725253200,1725256800,2498.06000000,2498.36000000,2490.01000000,2492.07000000,27.776744,1
1725256800,1725260400,2492.06000000,2496.25000000,2491.48000000,2496.06000000,35.124131,1
1725260400,1725264000,2496.15000000,2499.26000000,2496.12000000,2496.96000000,36.688688,1
1725264000,1725267600,2497.00000000,2498.46000000,2495.37000000,2496.35000000,36.054038,1
1725267600,1725271200,2496.36000000,2501.25000000,2495.75000000,2497.67000000,38.531919,1
1725271200,1725274800,2497.77000000,2499.38000000,2496.04000000,2498.06000000,39.280555,1
1725274800,1725278400,2497.96000000,2507.30000000,2497.35000000,2506.16000000,52.280036,1
1725278400,1725282000,2506.15000000,2506.48000000,2498.16000000,2498.90000000,43.326610,1
1725282000,1725285600,2498.80000000,2502.03000000,2498.11000000,2499.19000000,43.741078,1
1725285600,1725289200,2499.34000000,2500.14000000,2497.10000000,2499.80000000,44.657898,1
1725289200,1725292800,2499.75000000,2503.24000000,2498.81000000,2501.28000000,46.918140,1
1725292800,1725296400,2501.33000000,2502.19000000,2498.51000000,2499.98000000,45.172944,1
1725296400,1725300000,2499.78000000,2502.48000000,2497.69000000,2501.97000000,48.340663,1
1725300000,1725303600,2502.02000000,2502.43000000,2499.84000000,2501.57000000,47.743548,1
1725303600,1725307200,2501.62000000,2501.86000000,2498.63000000,2500.47000000,46.058649,1
1725307200,1725310800,2500.42000000,2501.36000000,2498.80000000,2499.53000000,44.609844,1
1725310800,1725314400,2499.45000000,2500.21000000,2498.78000000,2499.44000000,44.465625,1
1725325200,1725328800,2499.93000000,2499.94000000,2497.48000000,2497.71000000,41.676481,2
1725328800,1725332400,2497.76000000,2498.51000000,2496.45000000,2497.23000000,40.909733,2
1725332400,1725336000,2497.22000000,2497.71000000,2494.97000000,2495.76000000,38.569461,2
1725336000,1725339600,2495.86000000,2495.86000000,2489.62000000,2493.60000000,35.367844,2
1725339600,1725343200,2493.70000000,2496.26000000,2492.38000000,2495.11000000,39.169354,2
1725343200,1725346800,2495.01000000,2495.91000000,2493.13000000,2494.60000000,38.348929,2
1725346800,1725350400,2494.56000000,2496.99000000,2493.90000000,2495.87000000,41.627744,2
1725350400,1725354000,2495.82000000,2496.07000000,2492.74000000,2495.00000000,40.056131,2
1725354000,1725357600,2494.96000000,2498.84000000,2492.81000000,2497.83000000,47.058013,2
1725357600,1725361200,2497.92000000,2502.00000000,2496.59000000,2500.65000000,52.955007,2
1725361200,1725364800,2500.56000000,2506.23000000,2500.55000000,2503.96000000,58.761301,2
1725364800,1725368400,2503.95000000,2504.95000000,2500.92000000,2501.05000000,52.613339,2
1725368400,1725372000,2500.93000000,2501.07000000,2492.77000000,2497.18000000,45.756895,2
1725372000,1725375600,2497.23000000,2501.54000000,2484.72000000,2489.66000000,35.952448,2
1725375600,1725379200,2489.64000000,2502.08000000,2486.84000000,2493.22000000,42.259991,2
1725379200,1725382800,2493.12000000,2497.70000000,2475.34000000,2483.56000000,32.816007,2
1725382800,1725386400,2483.28000000,2485.88000000,2473.19000000,2478.24000000,28.975598,2
1725386400,1725390000,2478.39000000,2489.49000000,2477.30000000,2488.34000000,42.688463,2
1725390000,1725393600,2488.29000000,2488.95000000,2483.84000000,2485.81000000,40.575147,2
1725393600,1725397200,2485.82000000,2492.02000000,2485.38000000,2489.47000000,44.830161,2
1725397200,1725400800,2489.56000000,2490.08000000,2487.09000000,2489.27000000,44.642051,2
1725400800,1725404400,2489.32000000,2494.35000000,2488.88000000,2492.04000000,47.902601,2
1725404400,1725408000,2492.14000000,2493.19000000,2491.38000000,2492.95000000,48.966049,2
1725411600,1725415200,2493.34000000,2494.55000000,2492.13000000,2493.12000000,49.174773,3
1725415200,1725418800,2493.17000000,2494.69000000,2492.33000000,2493.25000000,49.345385,3
1725418800,1725422400,2493.20000000,2494.98000000,2492.17000000,2492.34000000,48.127497,3
1725422400,1725426000,2492.29000000,2494.47000000,2491.31000000,2493.37000000,49.642473,3
1725426000,1725429600,2493.27000000,2496.87000000,2492.43000000,2495.25000000,52.376455,3
1725429600,1725433200,2495.20000000,2496.49000000,2493.53000000,2494.99000000,51.956338,3
1725433200,1725436800,2495.04000000,2496.74000000,2494.45000000,2495.91000000,53.381268,3
1725436800,1725440400,2495.86000000,2496.54000000,2492.68000000,2493.08000000,48.605672,3
1725440400,1725444000,2493.13000000,2493.44000000,2483.68000000,2484.28000000,37.400926,3
1725444000,1725447600,2484.23000000,2488.13000000,2481.79000000,2482.15000000,35.280923,3
1725447600,1725451200,2482.00000000,2483.37000000,2472.51000000,2473.34000000,28.168743,3
1725451200,1725454800,2473.39000000,2483.28000000,2471.78000000,2481.63000000,40.353364,3
1725454800,1725458400,2481.58000000,2490.00000000,2481.01000000,2489.02000000,48.706268,3
1725458400,1725462000,2489.07000000,2491.20000000,2486.79000000,2489.21000000,48.904388,3
1725462000,1725465600,2489.16000000,2491.08000000,2485.46000000,2486.57000000,46.232332,3
1725465600,1725469200,2486.51000000,2490.07000000,2481.93000000,2485.46000000,45.116154,3
1725469200,1725472800,2485.45000000,2500.30000000,2484.83000000,2496.34000000,56.262494,3
1725472800,1725476400,2496.19000000,2498.36000000,2492.84000000,2494.00000000,53.734852,3
1725476400,1725480000,2493.95000000,2498.00000000,2493.14000000,2496.78000000,56.249588,3
1725480000,1725483600,2496.68000000,2497.38000000,2493.50000000,2494.00000000,53.139041,3
1725483600,1725487200,2493.95000000,2495.57000000,2491.97000000,2494.67000000,53.802103,3
1725487200,1725490800,2494.77000000,2494.82000000,2491.26000000,2493.37000000,52.257058,3
1725490800,1725494400,2493.27000000,2497.13000000,2492.80000000,2495.36000000,54.415088,3
1725498000,1725501600,2495.44000000,2496.11000000,2494.52000000,2495.31000000,54.348616,4
1725501600,1725505200,2495.24000000,2496.81000000,2495.01000000,2495.98000000,55.139428,4
1725505200,1725508800,2496.01000000,2496.67000000,2494.58000000,2495.27000000,54.070501,4
1725508800,1725512400,2495.26000000,2499.36000000,2494.42000000,2496.40000000,55.547522,4
1725512400,1725516000,2496.45000000,2498.97000000,2496.13000000,2498.05000000,57.687239,4
1725516000,1725519600,2497.95000000,2498.58000000,2494.64000000,2494.83000000,52.387609,4
1725519600,1725523200,2494.78000000,2495.04000000,2493.78000000,2494.26000000,51.485917,4
1725523200,1725526800,2494.16000000,2502.53000000,2493.96000000,2501.89000000,61.130309,4
1725526800,1725530400,2501.84000000,2506.87000000,2500.72000000,2504.32000000,63.611379,4
1725530400,1725534000,2504.27000000,2507.52000000,2502.87000000,2506.38000000,65.615118,4
1725534000,1725537600,2506.43000000,2516.62000000,2505.89000000,2514.66000000,72.233409,4
1725537600,1725541200,2514.67000000,2517.25000000,2514.67000000,2515.50000000,72.805279,4
1725541200,1725544800,2515.45000000,2516.97000000,2513.32000000,2516.27000000,73.347171,4
1725544800,1725548400,2516.32000000,2518.35000000,2513.63000000,2515.21000000,71.242578,4
1725548400,1725552000,2515.46000000,2523.47000000,2514.10000000,2517.70000000,73.188745,4
1725552000,1725555600,2517.75000000,2519.40000000,2512.50000000,2514.65000000,67.190511,4
1725555600,1725559200,2514.86000000,2520.60000000,2507.57000000,2508.76000000,57.406050,4
1725559200,1725562800,2508.93000000,2510.93000000,2503.94000000,2507.12000000,55.004242,4
1725562800,1725566400,2507.17000000,2511.62000000,2506.10000000,2510.38000000,58.703013,4
1725566400,1725570000,2510.33000000,2515.44000000,2509.31000000,2515.13000000,63.421209,4
1725570000,1725573600,2515.18000000,2516.81000000,2514.71000000,2515.60000000,63.861177,4
1725573600,1725577200,2515.50000000,2516.08000000,2513.59000000,2514.85000000,62.567902,4
1725577200,1725580800,2514.95000000,2516.93000000,2514.85000000,2516.47000000,64.251914,4
1725584400,1725588000,2516.64000000,2516.97000000,2515.66000000,2516.09000000,63.529921,5
1725588000,1725591600,2516.14000000,2517.96000000,2516.09000000,2517.21000000,64.785900,5
1725591600,1725595200,2517.26000000,2517.61000000,2515.59000000,2515.94000000,62.171296,5
1725595200,1725598800,2515.89000000,2516.65000000,2513.41000000,2513.82000000,57.965829,5
1725598800,1725602400,2513.72000000,2517.99000000,2513.02000000,2517.70000000,62.910686,5
1725602400,1725606000,2517.75000000,2518.41000000,2516.90000000,2518.25000000,63.564999,5
1725606000,1725609600,2518.30000000,2519.40000000,2517.70000000,2518.43000000,63.790142,5
1725609600,1725613200,2518.34000000,2521.75000000,2518.34000000,2520.10000000,65.895745,5
1725613200,1725616800,2520.05000000,2521.41000000,2516.63000000,2519.19000000,63.721321,5
1725616800,1725620400,2519.09000000,2519.88000000,2516.35000000,2516.50000000,57.663918,5
1725620400,1725624000,2516.45000000,2518.21000000,2515.57000000,2517.71000000,59.527628,5
1725624000,1725627600,2517.76000000,2519.86000000,2516.27000000,2519.21000000,61.774172,5
1725627600,1725631200,2519.16000000,2519.81000000,2517.09000000,2518.83000000,60.852635,5
1725631200,1725634800,2518.92000000,2520.35000000,2514.86000000,2516.14000000,54.638793,5
1725634800,1725638400,2516.22000000,2529.27000000,2507.17000000,2522.46000000,63.952208,5
1725638400,1725642000,2522.44000000,2523.16000000,2502.24000000,2509.31000000,43.800979,5
1725642000,1725645600,2509.26000000,2515.78000000,2500.24000000,2506.84000000,41.176453,5
1725645600,1725649200,2506.94000000,2518.51000000,2503.67000000,2505.39000000,39.673574,5
1725649200,1725652800,2505.34000000,2505.94000000,2485.01000000,2488.97000000,27.453717,5
1725652800,1725656400,2488.92000000,2496.98000000,2485.93000000,2495.54000000,35.954006,5
1725656400,1725660000,2495.69000000,2496.78000000,2492.04000000,2494.69000000,35.376480,5
1725660000,1725663600,2494.64000000,2496.90000000,2490.62000000,2495.87000000,36.891981,5
1725663600,1725667200,2495.77000000,2497.85000000,2494.76000000,2497.07000000,38.472214,5
1725843600,1725847200,2497.30000000,2498.01000000,2496.07000000,2497.82000000,39.492011,1
1725847200,1725850800,2497.92000000,2498.23000000,2495.47000000,2496.87000000,38.618861,1
1725850800,1725854400,2496.92000000,2498.24000000,2495.62000000,2495.96000000,37.757693,1
1725854400,1725858000,2496.01000000,2498.67000000,2494.78000000,2497.56000000,40.279295,1
1725858000,1725861600,2497.65000000,2499.11000000,2496.94000000,2497.13000000,39.812481,1
1725861600,1725865200,2497.08000000,2500.34000000,2496.62000000,2499.25000000,43.301362,1
1725865200,1725868800,2499.20000000,2499.45000000,2497.48000000,2498.17000000,41.966742,1
1725868800,1725872400,2498.12000000,2498.23000000,2487.55000000,2487.96000000,31.943204,1
1725872400,1725876000,2487.97000000,2493.48000000,2485.58000000,2489.80000000,34.958189,1
1725876000,1725879600,2489.98000000,2496.68000000,2488.72000000,2494.22000000,41.645854,1
1725879600,1725883200,2494.32000000,2495.60000000,2490.07000000,2492.21000000,39.649323,1
1725883200,1725886800,2492.26000000,2497.70000000,2492.09000000,2496.43000000,45.551244,1
1725886800,1725890400,2496.42000000,2499.15000000,2493.17000000,2494.44000000,43.396048,1
1725890400,1725894000,2494.50000000,2498.75000000,2493.43000000,2497.28000000,47.233103,1
1725894000,1725897600,2497.47000000,2504.20000000,2496.28000000,2501.06000000,51.906138,1
1725897600,1725901200,2501.04000000,2505.23000000,2499.30000000,2499.79000000,50.294547,1
1725901200,1725904800,2499.74000000,2501.10000000,2493.04000000,2496.88000000,46.715470,1
1725904800,1725908400,2496.93000000,2499.48000000,2493.57000000,2499.10000000,49.658668,1
1725908400,1725912000,2499.15000000,2505.25000000,2499.15000000,2504.46000000,55.980716,1
1725912000,1725915600,2504.36000000,2506.68000000,2499.42000000,2499.94000000,50.249780,1
1725915600,1725919200,2500.04000000,2505.30000000,2499.40000000,2504.72000000,55.444504,1
1725919200,1725922800,2504.52000000,2506.08000000,2502.56000000,2505.99000000,56.737045,1
1725922800,1725926400,2505.94000000,2507.21000000,2505.18000000,2506.18000000,56.938310,1
1725930000,1725933600,2506.64000000,2507.21000000,2505.79000000,2506.90000000,57.740615,2
1725933600,1725937200,2506.85000000,2507.68000000,2505.67000000,2506.74000000,57.484302,2
1725937200,1725940800,2506.84000000,2507.46000000,2504.79000000,2505.38000000,55.239682,2
1725940800,1725944400,2505.43000000,2506.85000000,2502.80000000,2503.89000000,52.806830,2
1725944400,1725948000,2503.90000000,2504.10000000,2501.77000000,2502.92000000,51.225152,2
1725948000,1725951600,2503.00000000,2504.34000000,2501.38000000,2502.50000000,50.519566,2
1725951600,1725955200,2502.55000000,2502.84000000,2500.92000000,2501.76000000,49.232833,2
1725955200,1725958800,2501.71000000,2504.94000000,2500.72000000,2503.82000000,52.834268,2
1725958800,1725962400,2503.92000000,2506.55000000,2503.28000000,2504.77000000,54.439445,2
1725962400,1725966000,2504.77000000,2507.64000000,2502.14000000,2502.80000000,50.594198,2
1725966000,1725969600,2502.71000000,2503.18000000,2500.17000000,2502.26000000,49.560815,2
1725969600,1725973200,2502.27000000,2506.07000000,2500.13000000,2506.05000000,56.306249,2
1725973200,1725976800,2506.10000000,2509.64000000,2505.11000000,2505.69000000,55.546369,2
1725976800,1725980400,2505.59000000,2507.13000000,2504.21000000,2504.56000000,53.122933,2
1725980400,1725984000,2504.64000000,2513.99000000,2504.47000000,2513.76000000,66.093369,2
1725984000,1725987600,2513.88000000,2515.41000000,2506.44000000,2506.76000000,53.878139,2
1725987600,1725991200,2506.56000000,2509.24000000,2500.83000000,2508.96000000,56.593384,2
1725991200,1725994800,2509.09000000,2518.39000000,2508.10000000,2512.80000000,60.918221,2
1725994800,1725998400,2512.91000000,2515.64000000,2510.65000000,2514.40000000,62.590723,2
1725998400,1726002000,2514.40000000,2515.64000000,2512.83000000,2513.26000000,60.600783,2
1726002000,1726005600,2513.25000000,2516.64000000,2512.09000000,2516.35000000,63.946687,2
1726005600,1726009200,2516.30000000,2517.45000000,2514.12000000,2517.26000000,64.892263,2
1726009200,1726012800,2517.21000000,2517.43000000,2515.75000000,2516.65000000,63.686473,2
1726016400,1726020000,2516.72000000,2517.22000000,2516.13000000,2516.50000000,63.374627,3
1726020000,1726023600,2516.51000000,2518.83000000,2516.39000000,2518.51000000,65.791826,3
1726023600,1726027200,2518.58000000,2519.11000000,2516.17000000,2516.62000000,61.670311,3
1726027200,1726030800,2516.47000000,2522.61000000,2514.94000000,2518.76000000,64.390433,3
1726030800,1726034400,2518.72000000,2520.30000000,2517.67000000,2518.74000000,64.344474,3
1726034400,1726038000,2518.69000000,2519.89000000,2516.81000000,2519.56000000,65.433815,3
1726038000,1726041600,2519.66000000,2520.06000000,2518.70000000,2519.45000000,65.146280,3
1726041600,1726045200,2519.37000000,2522.35000000,2519.15000000,2521.18000000,67.560620,3
1726045200,1726048800,2521.08000000,2529.10000000,2520.68000000,2526.45000000,73.567363,3
1726048800,1726052400,2526.46000000,2527.70000000,2520.84000000,2521.56000000,62.080429,3
1726052400,1726056000,2521.48000000,2527.10000000,2520.79000000,2524.37000000,65.421651,3
1726056000,1726059600,2524.42000000,2524.76000000,2522.07000000,2523.29000000,63.119634,3
1726059600,1726063200,2523.30000000,2523.37000000,2519.72000000,2521.67000000,59.724807,3
1726063200,1726066800,2521.62000000,2524.09000000,2520.72000000,2522.12000000,60.362543,3
1726066800,1726070400,2522.16000000,2524.12000000,2502.24000000,2508.08000000,39.400155,3
1726070400,1726074000,2508.02000000,2512.88000000,2503.16000000,2509.49000000,41.593812,3
1726074000,1726077600,2509.34000000,2510.35000000,2500.81000000,2509.35000000,41.433435,3
1726077600,1726081200,2509.41000000,2514.98000000,2508.56000000,2514.77000000,49.544495,3
1726081200,1726084800,2514.72000000,2520.06000000,2513.52000000,2515.18000000,50.107397,3
1726084800,1726088400,2515.23000000,2516.84000000,2512.37000000,2514.46000000,49.072036,3
1726088400,1726092000,2514.58000000,2516.32000000,2511.25000000,2511.51000000,44.971836,3
1726092000,1726095600,2511.46000000,2513.27000000,2509.82000000,2512.92000000,47.240917,3
1726095600,1726099200,2512.96000000,2513.82000000,2511.27000000,2511.47000000,45.177801,3
1726102800,1726106400,2511.59000000,2513.85000000,2511.59000000,2512.85000000,47.526571,4
1726106400,1726110000,2512.80000000,2513.08000000,2511.81000000,2511.88000000,46.033650,4
1726110000,1726113600,2511.83000000,2512.42000000,2511.18000000,2511.96000000,46.183797,4
1726113600,1726117200,2512.05000000,2515.05000000,2511.55000000,2513.32000000,48.792133,4
1726117200,1726120800,2513.22000000,2514.07000000,2511.12000000,2512.11000000,46.626835,4
1726120800,1726124400,2512.21000000,2515.96000000,2512.05000000,2515.70000000,53.255046,4
1726124400,1726128000,2515.75000000,2517.65000000,2515.45000000,2516.87000000,55.207388,4
1726128000,1726131600,2516.96000000,2519.54000000,2516.86000000,2519.26000000,58.976591,4
1726131600,1726135200,2519.28000000,2522.16000000,2516.62000000,2517.04000000,54.397669,4
1726135200,1726138800,2517.16000000,2517.77000000,2514.51000000,2516.06000000,52.461333,4
1726138800,1726142400,2515.97000000,2519.21000000,2515.02000000,2517.22000000,54.524773,4
1726142400,1726146000,2517.31000000,2519.06000000,2516.45000000,2518.65000000,57.002486,4
1726146000,1726149600,2518.56000000,2520.86000000,2513.15000000,2513.19000000,46.569298,4
1726149600,1726153200,2513.14000000,2520.29000000,2512.92000000,2519.50000000,56.482400,4
1726153200,1726156800,2519.55000000,2535.28000000,2518.68000000,2528.47000000,66.108619,4
1726156800,1726160400,2528.52000000,2551.68000000,2521.85000000,2545.23000000,76.547371,4
1726160400,1726164000,2544.97000000,2554.76000000,2541.84000000,2553.16000000,79.728802,4
1726164000,1726167600,2553.55000000,2555.08000000,2548.65000000,2553.08000000,79.611473,4
1726167600,1726171200,2553.18000000,2553.68000000,2544.82000000,2550.72000000,76.055720,4
1726171200,1726174800,2550.67000000,2554.94000000,2550.13000000,2554.04000000,77.573236,4
1726174800,1726178400,2553.99000000,2558.90000000,2552.07000000,2555.96000000,78.424832,4
1726178400,1726182000,2555.86000000,2559.10000000,2554.46000000,2557.87000000,79.268206,4
1726182000,1726185600,2557.82000000,2560.08000000,2556.73000000,2558.67000000,79.627421,4
1726189200,1726192800,2558.30000000,2559.52000000,2557.23000000,2557.44000000,77.406694,5
1726192800,1726196400,2557.49000000,2558.63000000,2556.74000000,2558.48000000,77.966238,5
1726196400,1726200000,2558.43000000,2562.84000000,2556.76000000,2561.46000000,79.530565,5
1726200000,1726203600,2561.38000000,2568.14000000,2560.05000000,2563.10000000,80.357093,5
1726203600,1726207200,2563.06000000,2565.78000000,2561.60000000,2565.21000000,81.397823,5
1726207200,1726210800,2565.20000000,2570.00000000,2564.56000000,2567.75000000,82.593413,5
1726210800,1726214400,2567.85000000,2570.00000000,2566.62000000,2568.66000000,83.014611,5
1726214400,1726218000,2568.65000000,2570.37000000,2566.01000000,2566.18000000,77.510015,5
1726218000,1726221600,2566.09000000,2568.80000000,2563.25000000,2566.96000000,78.004032,5
1726221600,1726225200,2567.05000000,2571.10000000,2563.92000000,2569.75000000,79.720020,5
1726225200,1726228800,2569.66000000,2571.06000000,2565.76000000,2569.46000000,79.029874,5
1726228800,1726232400,2569.56000000,2572.91000000,2567.07000000,2568.72000000,77.193453,5
1726232400,1726236000,2568.67000000,2569.42000000,2565.65000000,2567.05000000,73.067046,5
1726236000,1726239600,2567.15000000,2568.16000000,2563.75000000,2567.26000000,73.260612,5
1726239600,1726243200,2567.16000000,2575.91000000,2566.02000000,2575.82000000,79.673440,5
1726243200,1726246800,2575.87000000,2583.38000000,2573.38000000,2577.48000000,80.642959,5
1726246800,1726250400,2577.47000000,2580.20000000,2572.87000000,2578.60000000,81.291339,5
1726250400,1726254000,2578.54000000,2582.40000000,2573.66000000,2582.23000000,83.249674,5
1726254000,1726257600,2582.28000000,2585.28000000,2580.09000000,2584.28000000,84.252202,5
1726257600,1726261200,2584.18000000,2586.07000000,2581.51000000,2582.66000000,80.168782,5
1726261200,1726264800,2582.71000000,2583.94000000,2580.70000000,2582.24000000,79.098422,5
1726264800,1726268400,2582.19000000,2583.01000000,2578.68000000,2582.65000000,79.387736,5
1726268400,1726272000,2582.75000000,2582.90000000,2579.38000000,2579.38000000,70.952340,5
1726448400,1726452000,2579.32000000,2580.82000000,2577.75000000,2580.01000000,71.578911,1
1726452000,1726455600,2579.94000000,2580.21000000,2578.24000000,2579.14000000,69.354093,1
1726455600,1726459200,2579.21000000,2582.27000000,2578.97000000,2581.20000000,71.604647,1
1726459200,1726462800,2581.19000000,2582.82000000,2579.97000000,2581.55000000,71.981136,1
1726462800,1726466400,2581.50000000,2586.00000000,2581.40000000,2585.33000000,75.724651,1
1726466400,1726470000,2585.32000000,2589.03000000,2583.62000000,2586.15000000,76.459424,1
1726470000,1726473600,2586.24000000,2586.66000000,2585.00000000,2585.65000000,74.969336,1
1726473600,1726477200,2585.55000000,2589.51000000,2585.26000000,2588.74000000,77.843170,1
1726477200,1726480800,2588.69000000,2589.70000000,2585.16000000,2585.37000000,68.593460,1
1726480800,1726484400,2585.42000000,2585.76000000,2579.63000000,2581.96000000,60.729898,1
1726484400,1726488000,2582.08000000,2588.50000000,2581.42000000,2586.66000000,66.440481,1
1726488000,1726491600,2586.65000000,2588.25000000,2584.21000000,2585.58000000,64.132629,1
1726491600,1726495200,2585.68000000,2586.36000000,2575.12000000,2579.65000000,53.204636,1
1726495200,1726498800,2579.66000000,2583.06000000,2578.56000000,2582.85000000,57.420988,1
1726498800,1726502400,2582.88000000,2583.50000000,2578.52000000,2583.37000000,58.081945,1
1726502400,1726506000,2583.41000000,2589.25000000,2581.23000000,2588.22000000,63.736185,1
1726506000,1726509600,2588.17000000,2588.38000000,2576.15000000,2579.98000000,51.119859,1
1726509600,1726513200,2580.02000000,2581.88000000,2577.52000000,2579.80000000,50.882913,1
1726513200,1726516800,2579.95000000,2583.96000000,2579.63000000,2583.46000000,55.408780,1
1726516800,1726520400,2583.55000000,2584.04000000,2579.74000000,2582.62000000,54.174963,1
1726520400,1726524000,2582.67000000,2582.80000000,2580.16000000,2581.16000000,52.007286,1
1726524000,1726527600,2581.14000000,2583.15000000,2579.76000000,2582.28000000,53.542954,1
1726527600,1726531200,2582.36000000,2583.38000000,2581.78000000,2582.28000000,53.542954,1
1726534800,1726538400,2582.36000000,2583.55000000,2582.17000000,2582.91000000,54.492888,2
1726538400,1726542000,2583.01000000,2583.92000000,2582.11000000,2583.64000000,55.625146,2
1726542000,1726545600,2583.69000000,2584.39000000,2580.25000000,2580.25000000,49.469605,2
1726545600,1726549200,2580.24000000,2582.60000000,2578.64000000,2582.45000000,53.097066,2
1726549200,1726552800,2582.46000000,2586.15000000,2580.85000000,2581.62000000,51.592280,2
1726552800,1726556400,2581.60000000,2581.62000000,2576.65000000,2577.27000000,44.477795,2
1726556400,1726560000,2577.18000000,2579.00000000,2574.52000000,2577.05000000,44.146229,2
1726560000,1726563600,2577.07000000,2579.70000000,2574.57000000,2579.40000000,48.557644,2
1726563600,1726567200,2579.16000000,2586.91000000,2579.15000000,2584.46000000,56.520630,2
1726567200,1726570800,2584.66000000,2585.66000000,2582.66000000,2583.54000000,54.857920,2
1726570800,1726574400,2583.62000000,2584.06000000,2577.75000000,2579.95000000,48.822336,2
1726574400,1726578000,2579.94000000,2579.95000000,2571.70000000,2573.52000000,40.275228,2
1726578000,1726581600,2573.25000000,2576.04000000,2569.73000000,2573.06000000,39.739244,2
1726581600,1726585200,2573.01000000,2581.58000000,2572.12000000,2579.82000000,50.222983,2
1726585200,1726588800,2579.66000000,2581.56000000,2568.32000000,2577.74000000,47.485544,2
1726588800,1726592400,2577.98000000,2579.53000000,2573.04000000,2573.70000000,42.625763,2
1726592400,1726596000,2573.80000000,2582.16000000,2571.82000000,2576.44000000,46.616185,2
1726596000,1726599600,2576.54000000,2577.02000000,2561.74000000,2565.63000000,35.983081,2
1726599600,1726603200,2565.62000000,2566.61000000,2561.54000000,2563.24000000,34.129506,2
1726603200,1726606800,2563.33000000,2570.51000000,2560.70000000,2569.91000000,42.960334,2
1726606800,1726610400,2569.81000000,2571.76000000,2568.69000000,2570.26000000,43.389215,2
1726610400,1726614000,2570.34000000,2571.06000000,2567.14000000,2568.58000000,41.765884,2
1726614000,1726617600,2568.48000000,2570.14000000,2568.22000000,2569.29000000,42.740882,2
1726621200,1726624800,2569.57000000,2571.39000000,2569.44000000,2570.72000000,44.747393,3
1726624800,1726628400,2570.67000000,2574.34000000,2570.64000000,2573.94000000,49.074858,3
1726628400,1726632000,2573.88000000,2574.66000000,2571.49000000,2573.05000000,47.956837,3
1726632000,1726635600,2573.14000000,2576.39000000,2571.59000000,2572.37000000,47.074408,3
1726635600,1726639200,2572.38000000,2574.15000000,2569.96000000,2573.73000000,49.091984,3
1726639200,1726642800,2573.78000000,2576.36000000,2572.76000000,2575.86000000,52.167464,3
1726642800,1726646400,2575.81000000,2576.38000000,2568.13000000,2568.74000000,42.848855,3
1726646400,1726650000,2568.70000000,2569.30000000,2565.66000000,2567.83000000,41.820631,3
1726650000,1726653600,2567.74000000,2570.00000000,2566.52000000,2568.96000000,43.629561,3
1726653600,1726657200,2569.08000000,2571.90000000,2568.48000000,2571.36000000,47.372262,3
1726657200,1726660800,2571.46000000,2571.76000000,2568.26000000,2569.64000000,45.063089,3
1726660800,1726664400,2569.58000000,2571.76000000,2568.05000000,2571.76000000,48.401657,3
1726664400,1726668000,2571.86000000,2578.10000000,2571.12000000,2576.34000000,54.793308,3
1726668000,1726671600,2576.36000000,2580.74000000,2575.16000000,2577.56000000,56.344603,3
1726671600,1726675200,2577.66000000,2578.97000000,2573.34000000,2576.06000000,53.895753,3
1726675200,1726678800,2576.08000000,2578.36000000,2568.62000000,2571.96000000,47.782704,3
1726678800,1726682400,2572.04000000,2574.66000000,2568.14000000,2571.56000000,47.219987,3
1726682400,1726686000,2571.62000000,2574.36000000,2568.16000000,2569.55000000,44.390975,3
1726686000,1726689600,2569.65000000,2575.30000000,2569.04000000,2574.76000000,52.358456,3
1726689600,1726693200,2574.66000000,2574.66000000,2567.45000000,2568.09000000,43.721784,3
1726693200,1726696800,2568.14000000,2599.98000000,2568.14000000,2575.44000000,52.934869,3
1726696800,1726700400,2575.53000000,2576.04000000,2546.55000000,2548.75000000,32.273568,3
1726700400,1726704000,2548.67000000,2560.59000000,2548.50000000,2559.07000000,41.742171,3
1726707600,1726711200,2558.71000000,2561.58000000,2555.64000000,2559.23000000,41.877845,4
1726711200,1726714800,2559.28000000,2559.71000000,2556.17000000,2559.23000000,41.877845,4
1726714800,1726718400,2559.28000000,2559.47000000,2556.92000000,2558.72000000,41.520390,4
1726718400,1726722000,2558.67000000,2558.84000000,2550.88000000,2555.18000000,39.030077,4
1726722000,1726725600,2555.23000000,2566.60000000,2555.23000000,2564.02000000,47.498422,4
1726725600,1726729200,2563.97000000,2565.30000000,2561.24000000,2563.90000000,47.402174,4
1726729200,1726732800,2563.95000000,2564.20000000,2559.60000000,2563.86000000,47.367718,4
1726732800,1726736400,2563.88000000,2574.51000000,2563.82000000,2574.35000000,56.332193,4
1726736400,1726740000,2574.44000000,2578.80000000,2574.02000000,2575.96000000,57.527864,4
1726740000,1726743600,2575.97000000,2584.46000000,2574.95000000,2584.25000000,63.126454,4
1726743600,1726747200,2584.16000000,2586.70000000,2581.39000000,2584.85000000,63.501454,4
1726747200,1726750800,2584.86000000,2594.80000000,2583.86000000,2591.72000000,67.568457,4
1726750800,1726754400,2591.74000000,2591.74000000,2585.95000000,2588.67000000,64.150798,4
1726754400,1726758000,2588.88000000,2589.65000000,2584.38000000,2589.33000000,64.568439,4
1726758000,1726761600,2589.28000000,2591.15000000,2573.12000000,2576.88000000,52.211739,4
1726761600,1726765200,2576.93000000,2582.48000000,2569.74000000,2575.14000000,50.749957,4
1726765200,1726768800,2574.99000000,2584.59000000,2571.71000000,2581.25000000,55.465067,4
1726768800,1726772400,2581.35000000,2589.47000000,2580.39000000,2589.06000000,60.650857,4
1726772400,1726776000,2589.16000000,2592.60000000,2587.73000000,2591.70000000,62.250994,4
1726776000,1726779600,2591.80000000,2592.62000000,2587.92000000,2590.54000000,61.075747,4
1726779600,1726783200,2590.59000000,2590.78000000,2586.61000000,2588.24000000,58.709049,4
1726783200,1726786800,2588.19000000,2588.88000000,2585.94000000,2588.37000000,58.806213,4
1726786800,1726790400,2588.42000000,2589.77000000,2585.90000000,2586.72000000,56.973685,4
1726794000,1726797600,2586.55000000,2587.91000000,2586.13000000,2587.76000000,57.864946,5
1726797600,1726801200,2587.71000000,2587.78000000,2586.37000000,2587.23000000,57.214511,5
1726801200,1726804800,2587.18000000,2588.53000000,2586.12000000,2588.08000000,58.029332,5
1726804800,1726808400,2588.18000000,2589.47000000,2584.78000000,2588.25000000,58.200786,5
1726808400,1726812000,2588.35000000,2592.46000000,2587.36000000,2591.53000000,61.471166,5
1726812000,1726815600,2591.48000000,2593.59000000,2590.91000000,2591.45000000,61.345097,5
1726815600,1726819200,2591.40000000,2594.30000000,2591.30000000,2593.70000000,63.605825,5
1726819200,1726822800,2593.75000000,2595.20000000,2592.37000000,2594.32000000,64.226690,5
1726822800,1726826400,2594.22000000,2607.06000000,2594.04000000,2605.48000000,73.116738,5
1726826400,1726830000,2605.53000000,2609.80000000,2604.56000000,2606.96000000,74.038168,5
1726830000,1726833600,2606.85000000,2612.70000000,2605.46000000,2609.86000000,75.789262,5
1726833600,1726837200,2609.87000000,2610.57000000,2602.57000000,2606.16000000,69.361212,5
1726837200,1726840800,2606.26000000,2614.21000000,2606.06000000,2613.06000000,73.820495,5
1726840800,1726844400,2613.16000000,2615.26000000,2610.35000000,2613.80000000,74.253291,5
1726844400,1726848000,2613.81000000,2619.16000000,2613.26000000,2615.66000000,75.356090,5
1726848000,1726851600,2615.26000000,2616.56000000,2602.66000000,2606.78000000,61.756078,5
1726851600,1726855200,2606.77000000,2616.96000000,2604.48000000,2613.76000000,66.824427,5
1726855200,1726858800,2613.86000000,2622.99000000,2611.26000000,2622.65000000,71.927345,5
1726858800,1726862400,2622.74000000,2625.66000000,2619.55000000,2624.76000000,72.989289,5
1726862400,1726866000,2624.66000000,2625.16000000,2619.22000000,2619.74000000,66.540068,5
1726866000,1726869600,2619.80000000,2622.08000000,2617.76000000,2621.58000000,67.667740,5
1726869600,1726873200,2621.56000000,2623.58000000,2620.56000000,2621.24000000,67.216942,5
1726873200,1726876800,2621.14000000,2622.18000000,2619.04000000,2621.82000000,67.613312,5
1727053200,1727056800,2621.58000000,2621.83000000,2618.41000000,2620.34000000,65.439074,1
1727056800,1727060400,2620.41000000,2621.31000000,2619.71000000,2620.20000000,65.225404,1
1727060400,1727064000,2620.00000000,2620.36000000,2618.26000000,2618.36000000,62.344187,1
1727064000,1727067600,2618.35000000,2621.36000000,2615.95000000,2620.26000000,64.107322,1
1727067600,1727071200,2620.16000000,2626.63000000,2618.94000000,2625.26000000,68.312143,1
1727071200,1727074800,2625.06000000,2630.98000000,2624.76000000,2628.36000000,70.610955,1
1727074800,1727078400,2628.46000000,2630.95000000,2627.86000000,2629.36000000,71.333408,1
1727078400,1727082000,2629.26000000,2631.33000000,2626.81000000,2630.01000000,71.818349,1
1727082000,1727085600,2630.12000000,2630.12000000,2624.36000000,2624.36000000,62.000281,1
1727085600,1727089200,2624.41000000,2625.03000000,2613.71000000,2615.08000000,49.927336,1
1727089200,1727092800,2614.89000000,2619.59000000,2614.57000000,2616.76000000,51.758740,1
1727092800,1727096400,2616.66000000,2622.10000000,2615.44000000,2621.53000000,56.611129,1
1727096400,1727100000,2621.48000000,2623.66000000,2620.65000000,2621.54000000,56.620980,1
1727100000,1727103600,2621.68000000,2625.75000000,2620.82000000,2624.08000000,59.157484,1
1727103600,1727107200,2624.03000000,2628.45000000,2619.77000000,2627.05000000,61.958532,1
1727107200,1727110800,2627.06000000,2634.16000000,2625.48000000,2631.95000000,66.090473,1
1727110800,1727114400,2631.90000000,2634.76000000,2627.89000000,2630.45000000,63.805735,1
1727114400,1727118000,2630.44000000,2631.88000000,2625.67000000,2629.32000000,62.065064,1
1727118000,1727121600,2629.27000000,2630.90000000,2626.58000000,2628.16000000,60.248026,1
1727121600,1727125200,2628.21000000,2629.11000000,2626.52000000,2627.94000000,59.889914,1
1727125200,1727128800,2627.89000000,2628.84000000,2626.06000000,2627.43000000,59.014193,1
1727128800,1727132400,2627.41000000,2627.81000000,2625.58000000,2626.17000000,56.804266,1
1727132400,1727136000,2626.22000000,2628.45000000,2626.20000000,2628.39000000,59.669882,1
1727139600,1727143200,2628.62000000,2628.73000000,2626.42000000,2627.47000000,57.954028,2
1727143200,1727146800,2627.38000000,2627.47000000,2625.84000000,2626.30000000,55.758111,2
1727146800,1727150400,2626.35000000,2626.55000000,2623.79000000,2625.13000000,53.572084,2
1727150400,1727154000,2625.18000000,2630.18000000,2624.88000000,2629.08000000,59.364375,2
1727154000,1727157600,2629.03000000,2629.24000000,2626.74000000,2628.91000000,59.023080,2
1727157600,1727161200,2628.86000000,2636.18000000,2628.73000000,2634.01000000,65.441953,2
1727161200,1727164800,2633.96000000,2638.10000000,2632.00000000,2637.86000000,69.345736,2
1727164800,1727168400,2637.96000000,2640.10000000,2625.25000000,2625.54000000,49.914584,2
1727168400,1727172000,2625.66000000,2629.96000000,2624.53000000,2628.78000000,53.597086,2
1727172000,1727175600,2628.96000000,2630.26000000,2622.70000000,2628.92000000,53.755306,2
1727175600,1727179200,2628.76000000,2629.50000000,2625.89000000,2629.00000000,53.852137,2
1727179200,1727182800,2628.90000000,2630.96000000,2627.14000000,2630.72000000,55.986000,2
1727182800,1727186400,2630.77000000,2636.21000000,2630.58000000,2633.35000000,59.100209,2
1727186400,1727190000,2633.25000000,2633.46000000,2623.36000000,2626.37000000,49.158901,2
1727190000,1727193600,2626.42000000,2633.24000000,2623.42000000,2633.13000000,56.747204,2
1727193600,1727197200,2633.18000000,2637.40000000,2630.89000000,2635.33000000,58.897314,2
1727197200,1727200800,2635.56000000,2647.11000000,2634.44000000,2643.44000000,65.671852,2
1727200800,1727204400,2643.52000000,2648.69000000,2639.80000000,2643.12000000,65.215109,2
1727204400,1727208000,2642.98000000,2655.30000000,2642.36000000,2653.58000000,72.056437,2
1727208000,1727211600,2653.48000000,2654.42000000,2649.85000000,2654.06000000,72.325420,2
1727211600,1727215200,2654.07000000,2657.69000000,2653.31000000,2657.23000000,74.098663,2
1727215200,1727218800,2657.18000000,2664.33000000,2656.31000000,2662.63000000,76.823015,2
1727218800,1727222400,2662.68000000,2663.74000000,2656.50000000,2657.09000000,68.824905,2
1727226000,1727229600,2658.09000000,2659.83000000,2657.62000000,2659.16000000,70.078410,3
1727229600,1727233200,2659.11000000,2659.21000000,2656.63000000,2658.14000000,68.614387,3
1727233200,1727236800,2658.24000000,2660.95000000,2656.56000000,2660.87000000,70.396959,3
1727236800,1727240400,2660.97000000,2662.92000000,2655.53000000,2660.02000000,69.081375,3
1727240400,1727244000,2659.97000000,2670.42000000,2659.59000000,2670.07000000,75.024453,3
1727244000,1727247600,2670.12000000,2670.30000000,2659.84000000,2661.28000000,63.523516,3
1727247600,1727251200,2661.36000000,2661.74000000,2657.52000000,2658.93000000,60.838348,3
1727251200,1727254800,2658.83000000,2659.80000000,2654.47000000,2657.23000000,58.898762,3
1727254800,1727258400,2657.18000000,2659.83000000,2653.51000000,2654.86000000,56.208365,3
1727258400,1727262000,2655.06000000,2657.46000000,2651.05000000,2657.08000000,58.137339,3
1727262000,1727265600,2657.10000000,2658.51000000,2654.53000000,2656.06000000,56.897234,3
1727265600,1727269200,2655.94000000,2657.56000000,2652.80000000,2656.85000000,57.650696,3
1727269200,1727272800,2656.90000000,2658.10000000,2654.32000000,2655.65000000,56.047986,3
1727272800,1727276400,2655.70000000,2657.99000000,2654.00000000,2657.29000000,57.775655,3
1727276400,1727280000,2657.24000000,2660.76000000,2656.84000000,2659.45000000,60.005509,3
1727280000,1727283600,2659.50000000,2666.59000000,2658.35000000,2664.43000000,64.641736,3
1727283600,1727287200,2664.44000000,2667.39000000,2654.10000000,2658.96000000,56.846790,3
1727287200,1727290800,2659.01000000,2660.79000000,2655.25000000,2657.70000000,55.195690,3
1727290800,1727294400,2657.80000000,2658.79000000,2649.54000000,2653.42000000,49.894451,3
1727294400,1727298000,2653.40000000,2662.95000000,2653.07000000,2660.62000000,57.320604,3
1727298000,1727301600,2660.57000000,2661.72000000,2659.13000000,2660.18000000,56.766900,3
1727301600,1727305200,2660.16000000,2661.59000000,2659.42000000,2659.69000000,56.116788,3
1727305200,1727308800,2659.74000000,2660.26000000,2656.29000000,2657.02000000,52.583016,3
1727312400,1727316000,2658.24000000,2658.38000000,2658.23000000,2658.28000000,54.053440,4
1727316000,1727319600,2658.23000000,2659.48000000,2656.05000000,2656.24000000,51.280714,4
1727319600,1727323200,2656.31000000,2660.25000000,2655.36000000,2659.03000000,54.702967,4
1727323200,1727326800,2659.08000000,2661.44000000,2657.70000000,2660.72000000,56.687646,4
1727326800,1727330400,2660.82000000,2661.49000000,2656.96000000,2658.08000000,52.796083,4
1727330400,1727334000,2658.13000000,2662.51000000,2657.56000000,2662.36000000,57.848230,4
1727334000,1727337600,2662.46000000,2662.84000000,2660.26000000,2660.70000000,55.372839,4
1727337600,1727341200,2660.65000000,2663.35000000,2659.82000000,2661.44000000,56.271157,4
1727341200,1727344800,2661.34000000,2662.59000000,2658.04000000,2661.76000000,56.677273,4
1727344800,1727348400,2661.66000000,2666.91000000,2659.42000000,2664.58000000,60.186382,4
1727348400,1727352000,2664.53000000,2670.40000000,2664.53000000,2669.01000000,64.984596,4
1727352000,1727355600,2669.02000000,2669.86000000,2666.84000000,2668.78000000,64.549635,4
1727355600,1727359200,2668.73000000,2675.64000000,2667.53000000,2672.61000000,68.348782,4
1727359200,1727362800,2672.56000000,2685.79000000,2672.24000000,2682.77000000,75.767689,4
1727362800,1727366400,2682.62000000,2684.36000000,2668.44000000,2677.26000000,66.644321,4
1727366400,1727370000,2677.66000000,2679.70000000,2654.62000000,2660.58000000,47.857593,4
1727370000,1727373600,2660.38000000,2669.53000000,2659.58000000,2665.94000000,52.492136,4
1727373600,1727377200,2666.04000000,2673.28000000,2662.54000000,2671.35000000,56.677617,4
1727377200,1727380800,2671.45000000,2672.56000000,2662.84000000,2668.18000000,53.692638,4
1727380800,1727384400,2668.13000000,2672.14000000,2667.62000000,2670.89000000,55.834105,4
1727384400,1727388000,2670.94000000,2677.07000000,2670.07000000,2675.91000000,59.564410,4
1727388000,1727391600,2675.96000000,2677.96000000,2672.26000000,2673.64000000,57.211281,4
1727391600,1727395200,2673.69000000,2674.14000000,2670.85000000,2672.36000000,55.870945,4
1727398800,1727402400,2672.39000000,2673.19000000,2671.81000000,2672.32000000,55.826929,5
1727402400,1727406000,2672.42000000,2673.24000000,2671.89000000,2672.64000000,56.124725,5
1727406000,1727409600,2672.59000000,2672.70000000,2669.26000000,2669.80000000,52.727299,5
1727409600,1727413200,2669.75000000,2672.77000000,2666.18000000,2669.50000000,52.366688,5
1727413200,1727416800,2669.45000000,2671.03000000,2667.21000000,2668.96000000,51.681523,5
1727416800,1727420400,2669.06000000,2673.85000000,2668.66000000,2673.58000000,56.879742,5
1727420400,1727424000,2673.63000000,2673.91000000,2669.26000000,2670.40000000,52.678797,5
1727424000,1727427600,2670.26000000,2671.25000000,2662.32000000,2664.75000000,46.156136,5
1727427600,1727431200,2664.85000000,2669.42000000,2664.10000000,2665.74000000,47.385459,5
1727431200,1727434800,2665.79000000,2668.19000000,2660.98000000,2664.60000000,46.080779,5
1727434800,1727438400,2664.55000000,2665.33000000,2661.82000000,2662.64000000,43.845557,5
1727438400,1727442000,2662.59000000,2664.85000000,2658.26000000,2663.61000000,45.260700,5
1727442000,1727445600,2663.60000000,2665.57000000,2661.96000000,2664.37000000,46.400436,5
1727445600,1727449200,2664.32000000,2669.14000000,2664.32000000,2666.16000000,49.089118,5
1727449200,1727452800,2666.21000000,2674.16000000,2662.16000000,2670.06000000,54.450294,5
1727452800,1727456400,2670.11000000,2671.26000000,2664.04000000,2666.38000000,49.186890,5
1727456400,1727460000,2666.37000000,2666.97000000,2649.34000000,2649.50000000,33.290560,5
1727460000,1727463600,2649.46000000,2654.68000000,2644.95000000,2649.77000000,33.659877,5
1727463600,1727467200,2649.82000000,2656.26000000,2646.01000000,2651.95000000,36.706703,5
1727467200,1727470800,2651.84000000,2652.38000000,2643.16000000,2645.22000000,31.844345,5
1727470800,1727474400,2645.27000000,2648.85000000,2643.26000000,2647.87000000,35.469148,5
1727474400,1727478000,2647.97000000,2652.94000000,2645.56000000,2651.98000000,40.733807,5
1727478000,1727481600,2651.89000000,2659.02000000,2650.94000000,2658.67000000,48.149096,5
1727658000,1727661600,2658.88000000,2663.43000000,2658.19000000,2662.61000000,51.961227,1
1727661600,1727665200,2662.51000000,2664.91000000,2661.81000000,2663.51000000,52.814622,1
1727665200,1727668800,2663.58000000,2665.90000000,2661.04000000,2661.45000000,50.598933,1
1727668800,1727672400,2661.36000000,2664.16000000,2647.36000000,2652.76000000,42.499171,1
1727672400,1727676000,2652.66000000,2656.31000000,2650.36000000,2652.54000000,42.314497,1
1727676000,1727679600,2652.45000000,2655.62000000,2652.13000000,2653.52000000,43.492433,1
1727679600,1727683200,2653.47000000,2655.97000000,2652.07000000,2655.88000000,46.334417,1
1727683200,1727686800,2655.93000000,2659.29000000,2654.36000000,2657.78000000,48.576754,1
1727686800,1727690400,2657.73000000,2660.07000000,2655.70000000,2657.93000000,48.758785,1
1727690400,1727694000,2657.98000000,2660.59000000,2650.70000000,2650.81000000,41.287734,1
1727694000,1727697600,2650.82000000,2656.54000000,2650.62000000,2653.52000000,44.757320,1
1727697600,1727701200,2653.62000000,2653.62000000,2648.26000000,2649.67000000,41.046256,1
1727701200,1727704800,2649.62000000,2650.04000000,2635.68000000,2636.91000000,31.672873,1
1727704800,1727708400,2636.81000000,2642.81000000,2634.43000000,2641.61000000,37.348168,1
1727708400,1727712000,2641.71000000,2644.17000000,2634.88000000,2638.94000000,35.542091,1
1727712000,1727715600,2639.04000000,2642.05000000,2630.43000000,2635.54000000,33.331663,1
1727715600,1727719200,2635.39000000,2636.27000000,2628.65000000,2633.34000000,31.947159,1
1727719200,1727722800,2633.48000000,2636.41000000,2630.22000000,2633.86000000,32.659161,1
1727722800,1727726400,2633.91000000,2639.41000000,2633.33000000,2639.11000000,39.537185,1
1727726400,1727730000,2639.16000000,2641.86000000,2636.43000000,2637.82000000,38.496728,1
1727730000,1727733600,2637.77000000,2638.33000000,2624.62000000,2631.30000000,33.673389,1
1727733600,1727737200,2631.31000000,2631.68000000,2626.39000000,2630.99000000,33.458739,1
1727737200,1727740800,2631.09000000,2635.24000000,2630.74000000,2634.59000000,38.371782,1
1727744400,1727748000,2634.05000000,2635.32000000,2632.27000000,2635.32000000,39.349689,2
1727748000,1727751600,2635.25000000,2636.11000000,2634.51000000,2635.78000000,39.995818,2
1727751600,1727755200,2635.81000000,2636.98000000,2634.05000000,2636.56000000,41.140860,2
1727755200,1727758800,2636.64000000,2639.65000000,2635.36000000,2639.58000000,45.478975,2
1727758800,1727762400,2639.66000000,2640.00000000,2635.07000000,2636.54000000,42.114121,2
1727762400,1727766000,2636.56000000,2638.48000000,2634.56000000,2638.14000000,44.443919,2
1727766000,1727769600,2638.06000000,2640.26000000,2637.56000000,2639.46000000,46.361957,2
1727769600,1727773200,2639.48000000,2644.25000000,2639.46000000,2642.86000000,51.049766,2
1727773200,1727776800,2642.85000000,2645.41000000,2642.46000000,2645.32000000,54.170677,2
1727776800,1727780400,2645.34000000,2647.32000000,2641.76000000,2645.55000000,54.463004,2
1727780400,1727784000,2645.46000000,2646.90000000,2642.32000000,2646.62000000,55.873164,2
1727784000,1727787600,2646.57000000,2649.21000000,2645.26000000,2648.57000000,58.401403,2
1727787600,1727791200,2648.62000000,2650.60000000,2648.26000000,2650.24000000,60.489243,2
1727791200,1727794800,2650.19000000,2652.11000000,2646.90000000,2650.19000000,60.391512,2
1727794800,1727798400,2650.15000000,2656.70000000,2650.05000000,2651.76000000,62.443407,2
1727798400,1727802000,2651.74000000,2671.68000000,2648.05000000,2668.23000000,76.308807,2
1727802000,1727805600,2668.89000000,2670.19000000,2657.44000000,2659.24000000,62.701429,2
1727805600,1727809200,2659.30000000,2665.38000000,2653.80000000,2663.33000000,65.698273,2
1727809200,1727812800,2663.38000000,2673.29000000,2661.21000000,2666.56000000,67.892314,2
1727812800,1727816400,2666.55000000,2671.70000000,2661.12000000,2662.32000000,62.262389,2
1727816400,1727820000,2662.42000000,2665.00000000,2657.56000000,2660.91000000,60.466680,2
1727820000,1727823600,2660.79000000,2664.33000000,2658.26000000,2658.86000000,57.854133,2
1727823600,1727827200,2658.76000000,2663.79000000,2657.86000000,2663.14000000,61.585890,2
1727830800,1727834400,2662.79000000,2663.03000000,2661.17000000,2662.06000000,60.138858,3
1727834400,1727838000,2662.11000000,2662.24000000,2660.12000000,2660.38000000,57.861371,3
1727838000,1727841600,2660.53000000,2660.68000000,2656.90000000,2657.42000000,53.982371,3
1727841600,1727845200,2657.52000000,2662.03000000,2656.15000000,2660.56000000,57.255996,3
1727845200,1727848800,2660.56000000,2661.11000000,2658.66000000,2660.26000000,56.839956,3
1727848800,1727852400,2660.16000000,2661.51000000,2654.99000000,2655.35000000,50.386758,3
1727852400,1727856000,2655.26000000,2656.54000000,2652.50000000,2654.10000000,48.865724,3
1727856000,1727859600,2654.00000000,2656.14000000,2644.56000000,2647.88000000,42.061586,3
1727859600,1727863200,2647.86000000,2651.13000000,2647.12000000,2649.55000000,44.303939,3
1727863200,1727866800,2649.48000000,2655.36000000,2649.28000000,2655.26000000,51.251089,3
1727866800,1727870400,2655.25000000,2655.66000000,2648.66000000,2652.18000000,47.788471,3
1727870400,1727874000,2652.09000000,2655.45000000,2651.36000000,2653.06000000,48.851754,3
1727874000,1727877600,2652.96000000,2654.16000000,2648.87000000,2649.24000000,44.605229,3
1727877600,1727881200,2649.14000000,2652.36000000,2648.06000000,2649.96000000,45.565691,3
1727881200,1727884800,2649.84000000,2653.01000000,2643.55000000,2649.76000000,45.330574,3
1727884800,1727888400,2649.75000000,2660.98000000,2649.25000000,2659.60000000,57.068100,3
1727888400,1727892000,2659.70000000,2663.26000000,2647.32000000,2648.34000000,45.128040,3
1727892000,1727895600,2648.19000000,2650.60000000,2640.94000000,2650.01000000,46.902436,3
1727895600,1727899200,2650.00000000,2652.19000000,2648.03000000,2649.86000000,46.756185,3
1727899200,1727902800,2649.77000000,2652.86000000,2647.14000000,2652.17000000,49.374247,3
1727902800,1727906400,2652.12000000,2655.90000000,2651.13000000,2654.11000000,51.529807,3
1727906400,1727910000,2654.06000000,2659.00000000,2653.70000000,2658.62000000,56.198905,3
1727910000,1727913600,2658.57000000,2659.87000000,2658.12000000,2658.78000000,56.359516,3
1727917200,1727920800,2658.71000000,2660.21000000,2658.34000000,2659.41000000,57.027683,4
1727920800,1727924400,2659.34000000,2661.15000000,2659.27000000,2660.44000000,58.155694,4
1727924400,1727928000,2660.40000000,2663.15000000,2657.46000000,2657.90000000,54.365765,4
1727928000,1727931600,2657.88000000,2658.76000000,2654.92000000,2658.46000000,55.061110,4
1727931600,1727935200,2658.36000000,2658.66000000,2655.47000000,2655.86000000,51.163155,4
1727935200,1727938800,2655.77000000,2657.88000000,2653.44000000,2656.16000000,51.589017,4
1727938800,1727942400,2656.14000000,2656.56000000,2654.36000000,2655.14000000,49.992801,4
1727942400,1727946000,2655.13000000,2656.46000000,2652.05000000,2653.21000000,47.027760,4
1727946000,1727949600,2653.26000000,2657.42000000,2651.32000000,2655.99000000,51.490693,4
1727949600,1727953200,2656.00000000,2656.18000000,2643.49000000,2645.15000000,38.034576,4
1727953200,1727956800,2645.14000000,2647.44000000,2641.74000000,2645.05000000,37.936084,4
1727956800,1727960400,2645.10000000,2647.61000000,2640.96000000,2644.78000000,37.652577,4
1727960400,1727964000,2644.89000000,2648.13000000,2644.08000000,2646.77000000,41.143798,4
1727964000,1727967600,2646.82000000,2648.93000000,2643.56000000,2648.02000000,43.291855,4
1727967600,1727971200,2648.01000000,2654.40000000,2642.06000000,2642.30000000,36.692499,4
1727971200,1727974800,2642.36000000,2651.33000000,2641.59000000,2647.94000000,45.512349,4
1727974800,1727978400,2641.26000000,2654.40000000,2637.84000000,2650.19000000,48.589481,4
1727978400,1727982000,2650.18000000,2654.52000000,2647.98000000,2648.91000000,46.964566,4
1727982000,1727985600,2648.90000000,2661.38000000,2648.56000000,2659.93000000,59.516764,4
1727985600,1727989200,2659.98000000,2662.04000000,2655.19000000,2656.66000000,55.331911,4
1727989200,1727992800,2656.78000000,2659.61000000,2655.35000000,2657.57000000,56.253761,4
1727992800,1727996400,2657.52000000,2659.35000000,2656.93000000,2658.08000000,56.791957,4
1727996400,1728000000,2658.00000000,2658.04000000,2655.60000000,2655.83000000,53.655692,4
1728003600,1728007200,2656.67000000,2657.12000000,2654.39000000,2655.95000000,53.802223,5
1728007200,1728010800,2655.85000000,2656.59000000,2654.33000000,2655.79000000,53.559064,5
1728010800,1728014400,2655.84000000,2657.55000000,2655.48000000,2657.22000000,55.495037,5
1728014400,1728018000,2657.27000000,2659.19000000,2656.76000000,2658.22000000,56.849699,5
1728018000,1728021600,2658.37000000,2663.55000000,2657.94000000,2662.09000000,61.707421,5
1728021600,1728025200,2662.18000000,2663.61000000,2660.70000000,2661.10000000,59.851196,5
1728025200,1728028800,2661.05000000,2665.99000000,2660.57000000,2664.07000000,63.407443,5
1728028800,1728032400,2664.07000000,2667.84000000,2664.07000000,2667.44000000,66.981301,5
1728032400,1728036000,2667.39000000,2667.60000000,2659.62000000,2660.25000000,54.705283,5
1728036000,1728039600,2660.20000000,2663.12000000,2658.75000000,2661.00000000,55.619013,5
1728039600,1728043200,2660.95000000,2661.59000000,2658.83000000,2659.07000000,52.674256,5
1728043200,1728046800,2659.01000000,2660.17000000,2656.84000000,2657.43000000,50.240102,5
1728046800,1728050400,2657.38000000,2660.70000000,2657.11000000,2658.26000000,51.462591,5
1728050400,1728054000,2658.36000000,2662.60000000,2657.42000000,2661.16000000,55.569815,5
1728054000,1728057600,2661.26000000,2661.36000000,2631.74000000,2638.86000000,32.673706,5
1728057600,1728061200,2638.85000000,2655.18000000,2637.44000000,2652.05000000,46.670150,5
1728061200,1728064800,2652.14000000,2661.31000000,2646.26000000,2658.25000000,51.748000,5
1728064800,1728068400,2658.26000000,2670.16000000,2647.78000000,2653.50000000,47.978830,5
1728068400,1728072000,2653.70000000,2653.80000000,2641.88000000,2645.36000000,42.293665,5
1728072000,1728075600,2645.31000000,2650.43000000,2644.01000000,2650.05000000,46.245861,5
1728075600,1728079200,2650.10000000,2650.72000000,2644.37000000,2645.63000000,43.240221,5
1728079200,1728082800,2645.58000000,2652.06000000,2642.62000000,2651.61000000,48.150149,5
1728082800,1728086400,2651.56000000,2653.29000000,2649.87000000,2652.87000000,49.148295,5
1728262800,1728266400,2651.28000000,2653.06000000,2648.97000000,2650.71000000,47.461524,1
1728266400,1728270000,2650.68000000,2652.34000000,2649.81000000,2650.04000000,46.923571,1
1728270000,1728273600,2650.11000000,2651.09000000,2647.82000000,2649.40000000,46.382756,1
1728273600,1728277200,2649.50000000,2651.78000000,2643.65000000,2646.34000000,43.784372,1
1728277200,1728280800,2646.36000000,2648.46000000,2645.32000000,2645.33000000,42.929526,1
1728280800,1728284400,2645.28000000,2647.43000000,2643.91000000,2647.38000000,45.265391,1
1728284400,1728288000,2647.43000000,2648.61000000,2646.33000000,2646.76000000,44.669902,1
1728288000,1728291600,2646.66000000,2646.72000000,2639.95000000,2640.70000000,39.236594,1
1728291600,1728295200,2640.60000000,2643.88000000,2639.73000000,2643.13000000,42.268930,1
1728295200,1728298800,2643.18000000,2652.84000000,2642.05000000,2652.01000000,51.745739,1
1728298800,1728302400,2652.02000000,2656.32000000,2651.59000000,2652.30000000,52.022725,1
1728302400,1728306000,2652.40000000,2657.31000000,2650.69000000,2656.46000000,55.930589,1
1728306000,1728309600,2656.58000000,2658.47000000,2655.18000000,2655.27000000,54.561510,1
1728309600,1728313200,2655.28000000,2659.60000000,2655.12000000,2656.96000000,56.201215,1
1728313200,1728316800,2657.16000000,2659.24000000,2637.69000000,2639.98000000,40.419130,1
1728316800,1728320400,2640.14000000,2653.73000000,2639.70000000,2642.76000000,43.229929,1
1728320400,1728324000,2642.71000000,2647.76000000,2640.22000000,2640.79000000,41.727642,1
1728324000,1728327600,2640.84000000,2650.06000000,2638.92000000,2645.67000000,46.671502,1
1728327600,1728331200,2645.62000000,2646.88000000,2642.63000000,2646.79000000,47.766802,1
1728331200,1728334800,2646.64000000,2648.74000000,2644.15000000,2647.76000000,48.748590,1
1728334800,1728338400,2647.78000000,2648.07000000,2639.66000000,2640.83000000,42.589457,1
1728338400,1728342000,2640.78000000,2644.72000000,2640.35000000,2643.24000000,45.183273,1
1728342000,1728345600,2643.19000000,2643.72000000,2641.73000000,2642.59000000,44.598019,1
1728349200,1728352800,2642.79000000,2649.09000000,2641.79000000,2644.20000000,46.448297,2
1728352800,1728356400,2644.15000000,2644.85000000,2642.41000000,2643.00000000,45.235655,2
1728356400,1728360000,2642.91000000,2645.09000000,2642.29000000,2643.51000000,45.882314,2
1728360000,1728363600,2643.37000000,2647.85000000,2637.87000000,2647.06000000,50.283047,2
1728363600,1728367200,2647.15000000,2648.06000000,2633.69000000,2635.58000000,39.185851,2
1728367200,1728370800,2635.57000000,2645.68000000,2635.21000000,2642.96000000,47.246051,2
1728370800,1728374400,2642.91000000,2643.76000000,2641.25000000,2643.06000000,47.347883,2
1728374400,1728378000,2643.01000000,2646.34000000,2641.54000000,2644.95000000,49.338355,2
1728378000,1728381600,2644.96000000,2646.44000000,2635.67000000,2636.38000000,41.649618,2
1728381600,1728385200,2636.23000000,2638.46000000,2630.99000000,2633.94000000,39.750272,2
1728385200,1728388800,2633.89000000,2640.26000000,2628.54000000,2637.90000000,44.197950,2
1728388800,1728392400,2637.90000000,2641.94000000,2635.68000000,2641.39000000,47.851656,2
1728392400,1728396000,2641.25000000,2647.76000000,2639.76000000,2646.20000000,52.470673,2
1728396000,1728399600,2646.25000000,2651.91000000,2646.06000000,2650.71000000,56.372644,2
1728399600,1728403200,2650.70000000,2652.99000000,2639.84000000,2645.87000000,51.487496,2
1728403200,1728406800,2645.86000000,2647.56000000,2636.61000000,2639.48000000,45.839559,2
1728406800,1728410400,2639.72000000,2640.37000000,2619.71000000,2621.00000000,34.166707,2
1728410400,1728414000,2621.10000000,2621.10000000,2604.76000000,2612.94000000,30.516713,2
1728414000,1728417600,2613.04000000,2616.30000000,2606.63000000,2608.98000000,28.884067,2
1728417600,1728421200,2609.08000000,2618.04000000,2605.47000000,2614.67000000,34.321332,2
1728421200,1728424800,2614.76000000,2617.04000000,2613.76000000,2615.72000000,35.304325,2
1728424800,1728428400,2615.77000000,2623.70000000,2614.90000000,2623.02000000,41.823492,2
1728428400,1728432000,2622.92000000,2623.22000000,2618.84000000,2621.92000000,41.150596,2
1728435600,1728439200,2621.85000000,2622.47000000,2620.57000000,2622.12000000,41.335406,3
1728439200,1728442800,2622.05000000,2623.76000000,2621.07000000,2621.92000000,41.196083,3
1728442800,1728446400,2621.87000000,2623.19000000,2620.97000000,2621.18000000,40.650137,3
1728446400,1728450000,2621.17000000,2624.19000000,2618.22000000,2619.98000000,39.730632,3
1728450000,1728453600,2619.93000000,2620.34000000,2616.79000000,2618.41000000,38.503490,3
1728453600,1728457200,2618.36000000,2618.87000000,2614.83000000,2617.14000000,37.494638,3
1728457200,1728460800,2617.04000000,2618.62000000,2615.37000000,2615.96000000,36.536738,3
1728460800,1728464400,2615.86000000,2624.16000000,2615.66000000,2619.66000000,41.576851,3
1728464400,1728468000,2619.61000000,2619.71000000,2610.59000000,2612.73000000,35.836259,3
1728468000,1728471600,2612.68000000,2615.62000000,2609.09000000,2611.64000000,35.017293,3
1728471600,1728475200,2611.65000000,2617.38000000,2610.45000000,2616.29000000,41.191668,3
1728475200,1728478800,2616.39000000,2618.58000000,2614.66000000,2617.97000000,43.288237,3
1728478800,1728482400,2618.02000000,2621.44000000,2615.99000000,2621.08000000,47.051463,3
1728482400,1728486000,2621.03000000,2622.49000000,2616.96000000,2618.97000000,44.875731,3
1728486000,1728489600,2619.02000000,2622.36000000,2615.28000000,2619.04000000,44.966651,3
1728489600,1728493200,2619.05000000,2620.68000000,2606.97000000,2609.60000000,36.276947,3
1728493200,1728496800,2609.55000000,2611.90000000,2605.16000000,2609.80000000,36.556680,3
1728496800,1728500400,2609.75000000,2617.79000000,2609.45000000,2614.75000000,43.202321,3
1728500400,1728504000,2614.80000000,2615.87000000,2607.64000000,2608.69000000,37.959940,3
1728504000,1728507600,2608.74000000,2609.94000000,2606.51000000,2609.60000000,39.153948,3
1728507600,1728511200,2609.80000000,2611.08000000,2605.13000000,2606.40000000,36.494133,3
1728511200,1728514800,2606.45000000,2610.28000000,2606.28000000,2609.19000000,40.301941,3
1728514800,1728518400,2609.29000000,2609.43000000,2606.82000000,2607.75000000,39.002094,3
1728522000,1728525600,2607.60000000,2608.99000000,2607.46000000,2608.92000000,40.676276,4
1728525600,1728529200,2608.74000000,2609.31000000,2607.77000000,2608.51000000,40.259276,4
1728529200,1728532800,2608.61000000,2610.05000000,2606.06000000,2609.16000000,41.286923,4
1728532800,1728536400,2609.26000000,2612.38000000,2606.87000000,2609.16000000,41.286923,4
1728536400,1728540000,2609.07000000,2615.46000000,2607.92000000,2615.06000000,50.288851,4
1728540000,1728543600,2615.18000000,2616.96000000,2611.32000000,2611.86000000,46.155460,4
1728543600,1728547200,2611.84000000,2614.60000000,2611.59000000,2614.04000000,49.217694,4
1728547200,1728550800,2613.94000000,2615.35000000,2612.56000000,2613.27000000,48.175516,4
1728550800,1728554400,2613.32000000,2616.35000000,2610.44000000,2612.40000000,46.965441,4
1728554400,1728558000,2612.25000000,2616.99000000,2610.16000000,2616.68000000,53.194114,4
1728558000,1728561600,2616.59000000,2617.31000000,2613.52000000,2615.44000000,51.313788,4
1728561600,1728565200,2615.47000000,2618.52000000,2614.24000000,2617.16000000,53.755643,4
1728565200,1728568800,2617.11000000,2618.45000000,2615.48000000,2617.91000000,54.819737,4
1728568800,1728572400,2617.81000000,2618.89000000,2611.28000000,2613.06000000,47.248384,4
1728572400,1728576000,2613.05000000,2627.41000000,2601.84000000,2625.05000000,61.430540,4
1728576000,1728579600,2625.10000000,2627.88000000,2615.62000000,2626.84000000,63.028592,4
1728579600,1728583200,2626.79000000,2629.78000000,2622.72000000,2625.40000000,60.844539,4
1728583200,1728586800,2625.50000000,2626.16000000,2618.89000000,2623.60000000,58.132838,4
1728586800,1728590400,2623.55000000,2629.12000000,2618.70000000,2619.24000000,52.078367,4
1728590400,1728594000,2619.23000000,2626.26000000,2616.54000000,2623.83000000,57.139240,4
1728594000,1728597600,2623.88000000,2629.13000000,2623.32000000,2626.33000000,59.639376,4
1728597600,1728601200,2626.38000000,2631.40000000,2625.97000000,2629.30000000,62.442256,4
1728601200,1728604800,2629.35000000,2631.53000000,2628.83000000,2630.06000000,63.147526,4
1728608400,1728612000,2629.80000000,2629.83000000,2627.93000000,2628.25000000,60.245955,5
1728612000,1728615600,2628.35000000,2635.96000000,2628.35000000,2633.17000000,64.959219,5
1728615600,1728619200,2633.12000000,2634.35000000,2632.00000000,2633.78000000,65.505282,5
1728619200,1728622800,2633.88000000,2637.90000000,2632.94000000,2637.73000000,68.886474,5
1728622800,1728626400,2637.53000000,2644.12000000,2635.21000000,2642.33000000,72.292585,5
1728626400,1728630000,2642.42000000,2646.09000000,2640.66000000,2645.51000000,74.380594,5
1728630000,1728633600,2645.56000000,2646.03000000,2643.91000000,2645.49000000,74.342649,5
1728633600,1728637200,2645.59000000,2645.94000000,2643.11000000,2644.72000000,72.802738,5
1728637200,1728640800,2644.62000000,2647.22000000,2637.96000000,2639.37000000,63.033188,5
1728640800,1728644400,2639.46000000,2645.54000000,2638.32000000,2645.22000000,68.077586,5
1728644400,1728648000,2645.30000000,2646.06000000,2639.07000000,2639.21000000,59.147833,5
1728648000,1728651600,2639.29000000,2641.70000000,2636.10000000,2637.87000000,57.341816,5
1728651600,1728655200,2637.82000000,2642.30000000,2636.99000000,2641.63000000,60.945310,5
1728655200,1728658800,2641.68000000,2644.78000000,2638.67000000,2644.62000000,63.580000,5
1728658800,1728662400,2644.58000000,2650.28000000,2640.63000000,2643.15000000,61.387366,5
1728662400,1728666000,2643.20000000,2653.50000000,2642.46000000,2649.70000000,66.869853,5
1728666000,1728669600,2649.75000000,2655.15000000,2646.43000000,2653.08000000,69.292823,5
1728669600,1728673200,2653.03000000,2659.30000000,2653.03000000,2658.76000000,72.882029,5
1728673200,1728676800,2658.86000000,2661.41000000,2657.86000000,2660.37000000,73.816255,5
1728676800,1728680400,2660.26000000,2661.26000000,2656.26000000,2659.52000000,72.398176,5
1728680400,1728684000,2659.42000000,2659.53000000,2656.05000000,2658.61000000,70.829371,5
1728684000,1728687600,2658.56000000,2658.79000000,2655.15000000,2656.07000000,66.497984,5
1728687600,1728691200,2656.02000000,2657.35000000,2654.71000000,2657.15000000,67.410552,5
1728867600,1728871200,2655.54000000,2655.65000000,2644.94000000,2650.49000000,57.084231,1
1728871200,1728874800,2650.52000000,2650.75000000,2647.61000000,2647.97000000,53.730345,1
1728874800,1728878400,2648.00000000,2648.30000000,2645.04000000,2646.61000000,51.956186,1
1728878400,1728882000,2646.56000000,2648.50000000,2643.56000000,2646.14000000,51.325447,1
1728882000,1728885600,2646.04000000,2655.55000000,2643.21000000,2655.13000000,61.062483,1
1728885600,1728889200,2655.14000000,2657.49000000,2653.74000000,2655.54000000,61.441323,1
1728889200,1728892800,2655.62000000,2660.27000000,2655.21000000,2659.15000000,64.698139,1
1728892800,1728896400,2659.05000000,2660.75000000,2657.08000000,2658.94000000,64.357599,1
1728896400,1728900000,2658.99000000,2666.63000000,2657.45000000,2664.20000000,68.788943,1
1728900000,1728903600,2664.15000000,2665.19000000,2659.13000000,2660.35000000,62.649284,1
1728903600,1728907200,2660.40000000,2661.96000000,2658.27000000,2659.28000000,61.019236,1
1728907200,1728910800,2659.32000000,2662.97000000,2656.76000000,2658.50000000,59.797817,1
1728910800,1728914400,2658.40000000,2660.85000000,2655.81000000,2655.82000000,55.674212,1
1728914400,1728918000,2655.90000000,2656.75000000,2651.02000000,2652.20000000,50.598597,1
1728918000,1728921600,2652.00000000,2654.57000000,2649.22000000,2651.37000000,49.484663,1
1728921600,1728925200,2651.32000000,2661.26000000,2647.76000000,2655.43000000,54.734230,1
1728925200,1728928800,2655.33000000,2657.06000000,2644.64000000,2645.63000000,43.093152,1
1728928800,1728932400,2645.73000000,2648.99000000,2643.92000000,2646.78000000,44.582638,1
1728932400,1728936000,2646.73000000,2649.68000000,2645.76000000,2648.45000000,46.761844,1
1728936000,1728939600,2648.58000000,2649.87000000,2647.22000000,2648.59000000,46.950179,1
1728939600,1728943200,2648.64000000,2650.99000000,2648.26000000,2649.23000000,47.858275,1
1728943200,1728946800,2649.42000000,2652.61000000,2647.00000000,2652.55000000,52.409332,1
1728946800,1728950400,2652.65000000,2653.34000000,2646.05000000,2648.66000000,47.209897,1
1728954000,1728957600,2647.65000000,2650.38000000,2647.19000000,2649.94000000,49.002729,2
1728957600,1728961200,2649.84000000,2650.84000000,2648.91000000,2649.24000000,48.041827,2
1728961200,1728964800,2649.21000000,2650.30000000,2647.92000000,2648.34000000,46.771916,2
1728964800,1728968400,2648.26000000,2651.09000000,2647.27000000,2648.22000000,46.595061,2
1728968400,1728972000,2648.05000000,2652.84000000,2647.92000000,2651.60000000,52.090174,2
1728972000,1728975600,2651.55000000,2651.61000000,2644.43000000,2645.69000000,43.635601,2
1728975600,1728979200,2645.59000000,2645.59000000,2642.92000000,2644.33000000,41.948323,2
1728979200,1728982800,2644.28000000,2644.37000000,2637.99000000,2641.78000000,38.910267,2
1728982800,1728986400,2641.73000000,2649.07000000,2641.38000000,2648.60000000,49.454050,2
1728986400,1728990000,2648.65000000,2653.96000000,2647.88000000,2650.63000000,52.103919,2
1728990000,1728993600,2650.68000000,2655.90000000,2649.68000000,2653.95000000,56.152559,2
1728993600,1728997200,2654.00000000,2655.52000000,2651.12000000,2653.50000000,55.468156,2
1728997200,1729000800,2653.60000000,2656.81000000,2652.64000000,2653.03000000,54.718015,2
1729000800,1729004400,2652.95000000,2654.53000000,2645.72000000,2647.86000000,47.162362,2
1729004400,1729008000,2647.96000000,2657.43000000,2647.15000000,2648.27000000,47.778207,2
1729008000,1729011600,2648.17000000,2653.24000000,2646.04000000,2648.63000000,48.347483,2
1729011600,1729015200,2648.44000000,2664.45000000,2647.80000000,2659.75000000,62.093381,2
1729015200,1729018800,2659.85000000,2665.18000000,2657.24000000,2664.59000000,66.297448,2
1729018800,1729022400,2664.69000000,2668.94000000,2661.14000000,2661.86000000,62.112992,2
1729022400,1729026000,2661.76000000,2664.15000000,2658.93000000,2663.60000000,63.686197,2
1729026000,1729029600,2663.65000000,2665.97000000,2663.28000000,2665.03000000,64.973449,2
1729029600,1729033200,2664.98000000,2666.47000000,2659.44000000,2661.72000000,59.698346,2
1729033200,1729036800,2661.86000000,2663.07000000,2660.28000000,2662.67000000,60.684931,2
1729040400,1729044000,2662.63000000,2662.83000000,2661.53000000,2662.13000000,59.788973,3
1729044000,1729047600,2662.08000000,2662.44000000,2660.37000000,2660.65000000,57.292334,3
1729047600,1729051200,2660.55000000,2660.63000000,2658.69000000,2660.04000000,56.249757,3
1729051200,1729054800,2660.14000000,2667.89000000,2660.04000000,2667.79000000,64.971281,3
1729054800,1729058400,2667.89000000,2669.96000000,2665.41000000,2668.06000000,65.231325,3
1729058400,1729062000,2667.91000000,2669.16000000,2665.31000000,2667.11000000,63.446584,3
1729062000,1729065600,2667.26000000,2668.21000000,2665.56000000,2666.71000000,62.669096,3
1729065600,1729069200,2666.61000000,2670.50000000,2666.06000000,2669.48000000,65.795025,3
1729069200,1729072800,2669.38000000,2677.75000000,2667.05000000,2677.16000000,72.636483,3
1729072800,1729076400,2677.21000000,2677.51000000,2673.26000000,2676.01000000,70.366885,3
1729076400,1729080000,2676.01000000,2680.11000000,2674.51000000,2679.51000000,73.119735,3
1729080000,1729083600,2679.71000000,2682.76000000,2678.06000000,2680.16000000,73.610049,3
1729083600,1729087200,2680.26000000,2681.10000000,2673.26000000,2674.31000000,62.551345,3
1729087200,1729090800,2674.26000000,2680.56000000,2672.88000000,2678.36000000,66.323409,3
1729090800,1729094400,2678.56000000,2681.93000000,2676.39000000,2681.71000000,69.096271,3
1729094400,1729098000,2681.76000000,2685.71000000,2672.48000000,2674.89000000,58.530389,3
1729098000,1729101600,2674.99000000,2681.31000000,2670.11000000,2672.26000000,55.035374,3
1729101600,1729105200,2672.21000000,2675.71000000,2667.59000000,2669.96000000,52.105122,3
1729105200,1729108800,2669.95000000,2674.18000000,2666.82000000,2674.18000000,56.664220,3
1729108800,1729112400,2674.28000000,2676.43000000,2672.99000000,2675.26000000,57.772081,3
1729112400,1729116000,2675.23000000,2676.81000000,2674.49000000,2674.93000000,57.290141,3
1729116000,1729119600,2674.88000000,2675.06000000,2672.71000000,2674.81000000,57.103593,3
1729119600,1729123200,2675.06000000,2675.06000000,2673.11000000,2673.79000000,55.450784,3
1729126800,1729130400,2674.14000000,2674.97000000,2673.34000000,2673.79000000,55.450784,4
1729130400,1729134000,2673.74000000,2674.68000000,2673.51000000,2674.10000000,55.900690,4
1729134000,1729137600,2674.19000000,2678.01000000,2674.09000000,2677.85000000,61.027990,4
1729137600,1729141200,2677.86000000,2683.03000000,2676.45000000,2683.03000000,66.774584,4
1729141200,1729144800,2683.23000000,2684.87000000,2678.91000000,2682.05000000,64.827007,4
1729144800,1729148400,2681.95000000,2682.31000000,2674.58000000,2676.61000000,55.202099,4
1729148400,1729152000,2676.71000000,2679.67000000,2676.41000000,2679.04000000,58.188373,4
1729152000,1729155600,2678.94000000,2684.27000000,2678.03000000,2683.47000000,63.027165,4
1729155600,1729159200,2683.52000000,2685.67000000,2680.11000000,2681.21000000,59.259378,4
1729159200,1729162800,2681.26000000,2683.68000000,2679.01000000,2681.97000000,60.122703,4
1729162800,1729166400,2681.92000000,2683.88000000,2680.00000000,2681.85000000,59.906841,4
1729166400,1729170000,2681.90000000,2682.06000000,2676.94000000,2679.37000000,55.474008,4
1729170000,1729173600,2679.28000000,2688.75000000,2679.01000000,2687.44000000,64.642419,4
1729173600,1729177200,2687.47000000,2688.39000000,2680.76000000,2681.27000000,55.271576,4
1729177200,1729180800,2681.37000000,2682.25000000,2673.17000000,2680.63000000,54.390799,4
1729180800,1729184400,2680.58000000,2690.21000000,2677.91000000,2688.80000000,62.587013,4
1729184400,1729188000,2688.85000000,2696.33000000,2684.76000000,2695.64000000,67.803604,4
1729188000,1729191600,2695.59000000,2696.78000000,2687.56000000,2693.39000000,64.612142,4
1729191600,1729195200,2693.29000000,2693.37000000,2683.97000000,2692.19000000,62.911358,4
1729195200,1729198800,2692.24000000,2694.20000000,2690.50000000,2691.95000000,62.556688,4
1729198800,1729202400,2692.00000000,2692.21000000,2689.18000000,2689.52000000,58.933927,4
1729202400,1729206000,2689.47000000,2692.59000000,2688.87000000,2691.98000000,61.372713,4
1729206000,1729209600,2692.03000000,2693.04000000,2690.94000000,2692.93000000,62.303739,4
1729213200,1729216800,2692.65000000,2693.31000000,2692.28000000,2692.63000000,61.797193,5
1729216800,1729220400,2692.73000000,2694.38000000,2692.38000000,2693.73000000,62.985511,5
1729220400,1729224000,2693.78000000,2695.78000000,2692.90000000,2693.18000000,61.947938,5
1729224000,1729227600,2693.11000000,2706.85000000,2692.94000000,2704.65000000,72.224113,5
1729227600,1729231200,2704.64000000,2712.05000000,2704.08000000,2708.05000000,74.428603,5
1729231200,1729234800,2708.08000000,2710.78000000,2707.05000000,2709.91000000,75.570867,5
1729234800,1729238400,2709.81000000,2711.35000000,2708.74000000,2710.04000000,75.652728,5
1729238400,1729242000,2710.14000000,2714.01000000,2710.11000000,2711.34000000,76.500753,5
1729242000,1729245600,2711.28000000,2711.54000000,2702.79000000,2707.38000000,68.656101,5
1729245600,1729249200,2707.37000000,2709.14000000,2702.33000000,2702.41000000,60.298860,5
1729249200,1729252800,2702.44000000,2706.29000000,2701.71000000,2706.21000000,63.915584,5
1729252800,1729256400,2706.29000000,2713.15000000,2706.18000000,2711.41000000,68.186563,5
1729256400,1729260000,2711.46000000,2713.18000000,2707.90000000,2712.51000000,69.021853,5
1729260000,1729263600,2712.61000000,2713.09000000,2707.90000000,2709.81000000,64.542376,5
1729263600,1729267200,2709.86000000,2717.05000000,2709.16000000,2709.56000000,64.127378,5
1729267200,1729270800,2709.31000000,2715.72000000,2704.87000000,2713.66000000,67.785666,5
1729270800,1729274400,2713.66000000,2720.06000000,2712.15000000,2717.45000000,70.754673,5
1729274400,1729278000,2717.30000000,2719.18000000,2713.63000000,2714.84000000,66.227897,5
1729278000,1729281600,2714.83000000,2719.00000000,2714.73000000,2717.59000000,68.513669,5
1729281600,1729285200,2717.69000000,2719.95000000,2713.64000000,2715.95000000,65.659572,5
1729285200,1729288800,2715.90000000,2721.24000000,2715.51000000,2720.29000000,69.303808,5
1729288800,1729292400,2720.28000000,2720.50000000,2718.13000000,2719.68000000,68.208183,5
1729292400,1729296000,2719.78000000,2722.56000000,2719.13000000,2722.16000000,70.266257,5
1729472400,1729476000,2720.34000000,2723.73000000,2719.62000000,2723.53000000,71.368906,1
1729476000,1729479600,2723.48000000,2724.98000000,2722.44000000,2723.48000000,71.265034,1
1729479600,1729483200,2723.53000000,2725.82000000,2721.54000000,2721.74000000,67.578955,1
1729483200,1729486800,2721.71000000,2729.27000000,2721.11000000,2726.24000000,71.661352,1
1729486800,1729490400,2726.27000000,2731.38000000,2724.74000000,2730.65000000,74.985570,1
1729490400,1729494000,2730.68000000,2732.88000000,2729.41000000,2731.41000000,75.518546,1
1729494000,1729497600,2731.38000000,2731.88000000,2729.51000000,2730.27000000,73.005792,1
1729497600,1729501200,2730.27000000,2730.55000000,2724.53000000,2724.94000000,62.529897,1
1729501200,1729504800,2724.91000000,2730.58000000,2723.61000000,2730.18000000,67.471686,1
1729504800,1729508400,2730.11000000,2732.34000000,2725.37000000,2730.31000000,67.585902,1
1729508400,1729512000,2730.41000000,2733.01000000,2729.31000000,2731.21000000,68.412821,1
1729512000,1729515600,2731.24000000,2736.75000000,2730.84000000,2734.41000000,71.223783,1
1729515600,1729519200,2734.38000000,2734.95000000,2727.77000000,2733.21000000,68.752906,1
1729519200,1729522800,2733.28000000,2738.07000000,2732.88000000,2734.54000000,69.995331,1
1729522800,1729526400,2734.51000000,2739.74000000,2732.84000000,2738.51000000,73.395767,1
1729526400,1729530000,2738.54000000,2740.53000000,2733.71000000,2739.08000000,73.853932,1
1729530000,1729533600,2739.04000000,2739.44000000,2722.32000000,2725.17000000,50.842838,1
1729533600,1729537200,2725.17000000,2727.14000000,2716.98000000,2720.04000000,45.243981,1
1729537200,1729540800,2720.01000000,2723.94000000,2718.21000000,2723.38000000,49.168751,1
1729540800,1729544400,2723.41000000,2725.55000000,2721.64000000,2722.81000000,48.529457,1
1729544400,1729548000,2722.87000000,2723.00000000,2715.36000000,2716.35000000,41.882979,1
1729548000,1729551600,2716.49000000,2720.91000000,2714.07000000,2719.74000000,46.058057,1
1729551600,1729555200,2719.64000000,2721.01000000,2718.61000000,2719.44000000,45.744865,1
1729558800,1729562400,2719.51000000,2721.95000000,2718.64000000,2720.79000000,47.475724,2
1729562400,1729566000,2720.69000000,2722.58000000,2720.39000000,2721.38000000,48.252706,2
1729566000,1729569600,2721.38000000,2725.01000000,2720.57000000,2724.61000000,52.403765,2
1729569600,1729573200,2724.68000000,2730.21000000,2723.91000000,2728.21000000,56.584044,2
1729573200,1729576800,2728.11000000,2730.58000000,2727.74000000,2728.81000000,57.257831,2
1729576800,1729580400,2728.81000000,2733.04000000,2728.71000000,2731.11000000,59.831319,2
1729580400,1729584000,2731.04000000,2735.81000000,2731.01000000,2734.64000000,63.466975,2
1729584000,1729587600,2734.64000000,2735.15000000,2729.11000000,2730.58000000,57.069147,2
1729587600,1729591200,2730.52000000,2737.01000000,2729.70000000,2734.89000000,61.505438,2
1729591200,1729594800,2734.61000000,2736.25000000,2732.57000000,2733.61000000,59.537732,2
1729594800,1729598400,2733.77000000,2738.28000000,2731.54000000,2735.01000000,61.007115,2
1729598400,1729602000,2734.98000000,2736.08000000,2729.91000000,2731.41000000,55.432577,2
1729602000,1729605600,2731.31000000,2739.35000000,2730.44000000,2738.88000000,62.989660,2
1729605600,1729609200,2738.81000000,2739.35000000,2729.47000000,2732.05000000,53.977405,2
1729609200,1729612800,2731.98000000,2738.05000000,2731.57000000,2736.11000000,57.838987,2
1729612800,1729616400,2736.16000000,2742.11000000,2735.38000000,2735.88000000,57.544420,2
1729616400,1729620000,2735.71000000,2743.05000000,2733.77000000,2741.85000000,62.835269,2
1729620000,1729623600,2741.64000000,2744.08000000,2736.94000000,2737.71000000,57.485223,2
1729623600,1729627200,2737.48000000,2745.55000000,2737.27000000,2745.21000000,63.541413,2
1729627200,1729630800,2745.24000000,2748.20000000,2743.57000000,2746.61000000,64.556374,2
1729630800,1729634400,2746.68000000,2747.11000000,2744.14000000,2744.62000000,61.917769,2
1729634400,1729638000,2744.69000000,2748.78000000,2743.91000000,2748.24000000,64.740994,2
1729638000,1729641600,2748.54000000,2748.73000000,2746.76000000,2748.68000000,65.079860,2
1729645200,1729648800,2748.29000000,2748.34000000,2746.80000000,2747.44000000,63.235389,3
1729648800,1729652400,2747.49000000,2748.13000000,2745.93000000,2746.64000000,62.014238,3
1729652400,1729656000,2746.71000000,2747.04000000,2744.78000000,2745.22000000,59.806533,3
1729656000,1729659600,2745.27000000,2747.21000000,2738.08000000,2738.61000000,50.749622,3
1729659600,1729663200,2738.54000000,2741.08000000,2737.69000000,2739.01000000,51.230925,3
1729663200,1729666800,2738.91000000,2746.95000000,2738.24000000,2745.91000000,58.724307,3
1729666800,1729670400,2745.94000000,2750.55000000,2745.21000000,2749.90000000,62.328853,3
1729670400,1729674000,2749.87000000,2753.18000000,2748.91000000,2751.41000000,63.623542,3
1729674000,1729677600,2751.38000000,2753.11000000,2748.21000000,2750.52000000,62.265229,3
1729677600,1729681200,2750.55000000,2755.58000000,2749.18000000,2754.81000000,66.029930,3
1729681200,1729684800,2754.88000000,2758.31000000,2754.58000000,2756.78000000,67.627145,3
1729684800,1729688400,2756.85000000,2757.45000000,2749.87000000,2750.71000000,58.500091,3
1729688400,1729692000,2750.78000000,2752.45000000,2749.73000000,2750.64000000,58.402202,3
1729692000,1729695600,2750.71000000,2752.81000000,2749.17000000,2749.81000000,57.180435,3
1729695600,1729699200,2749.78000000,2750.54000000,2740.74000000,2743.48000000,48.796330,3
1729699200,1729702800,2743.45000000,2744.08000000,2731.68000000,2737.73000000,42.675175,3
1729702800,1729706400,2737.67000000,2738.78000000,2716.40000000,2717.81000000,29.070143,3
1729706400,1729710000,2717.88000000,2722.45000000,2708.61000000,2721.61000000,33.430090,3
1729710000,1729713600,2721.63000000,2723.11000000,2718.52000000,2719.41000000,32.196189,3
1729713600,1729717200,2719.51000000,2720.60000000,2713.77000000,2716.72000000,30.703907,3
1729717200,1729720800,2716.54000000,2716.65000000,2711.97000000,2714.19000000,29.327115,3
1729720800,1729724400,2714.12000000,2718.11000000,2713.21000000,2716.18000000,31.913270,3
1729724400,1729728000,2716.21000000,2716.73000000,2714.26000000,2715.37000000,31.409446,3
1729731600,1729735200,2716.06000000,2718.34000000,2715.24000000,2718.03000000,35.036532,4
1729735200,1729738800,2718.03000000,2721.83000000,2717.98000000,2721.18000000,39.140779,4
1729738800,1729742400,2721.23000000,2721.31000000,2717.81000000,2721.11000000,39.081690,4
1729742400,1729746000,2721.21000000,2726.82000000,2720.31000000,2723.81000000,42.676403,4
1729746000,1729749600,2723.60000000,2724.45000000,2720.27000000,2723.21000000,42.082130,4
1729749600,1729753200,2723.28000000,2723.91000000,2721.41000000,2723.01000000,41.872818,4
1729753200,1729756800,2723.11000000,2727.05000000,2722.68000000,2726.34000000,46.632441,4
1729756800,1729760400,2726.37000000,2729.62000000,2725.81000000,2728.81000000,49.908805,4
1729760400,1729764000,2728.84000000,2736.63000000,2728.27000000,2735.01000000,57.038538,4
1729764000,1729767600,2735.11000000,2736.98000000,2732.11000000,2733.47000000,54.946518,4
1729767600,1729771200,2733.54000000,2737.76000000,2732.38000000,2736.75000000,58.442615,4
1729771200,1729774800,2736.68000000,2739.15000000,2735.71000000,2736.58000000,58.190576,4
1729774800,1729778400,2736.61000000,2739.01000000,2736.11000000,2736.87000000,58.519214,4
1729778400,1729782000,2736.91000000,2739.51000000,2735.14000000,2738.48000000,60.381126,4
1729782000,1729785600,2738.41000000,2741.56000000,2734.57000000,2739.21000000,61.230854,4
1729785600,1729789200,2739.11000000,2743.25000000,2729.47000000,2733.34000000,51.639875,4
1729789200,1729792800,2733.34000000,2736.11000000,2722.51000000,2732.25000000,50.071477,4
1729792800,1729796400,2732.31000000,2734.31000000,2726.80000000,2731.22000000,48.570283,4
1729796400,1729800000,2731.25000000,2735.41000000,2725.67000000,2733.55000000,52.070934,4
1729800000,1729803600,2733.52000000,2737.05000000,2732.88000000,2735.40000000,54.707058,4
1729803600,1729807200,2735.45000000,2737.78000000,2734.52000000,2735.64000000,55.052438,4
1729807200,1729810800,2735.61000000,2737.02000000,2733.48000000,2737.02000000,57.079130,4
1729810800,1729814400,2736.84000000,2736.84000000,2734.96000000,2735.84000000,54.803622,4
1729818000,1729821600,2735.84000000,2736.14000000,2734.58000000,2734.64000000,52.510985,5
1729821600,1729825200,2734.69000000,2735.48000000,2733.64000000,2733.84000000,50.979835,5
1729825200,1729828800,2733.79000000,2734.78000000,2731.17000000,2732.31000000,48.091660,5
1729828800,1729832400,2732.38000000,2735.12000000,2729.76000000,2730.05000000,44.115886,5
1729832400,1729836000,2729.95000000,2730.24000000,2726.18000000,2728.38000000,41.392752,5
1729836000,1729839600,2728.34000000,2728.39000000,2724.43000000,2726.11000000,37.962523,5
1729839600,1729843200,2726.21000000,2727.70000000,2723.87000000,2726.02000000,37.828672,5
1729843200,1729846800,2725.99000000,2729.65000000,2725.91000000,2728.44000000,43.588282,5
1729846800,1729850400,2728.51000000,2732.45000000,2724.94000000,2732.11000000,51.001712,5
1729850400,1729854000,2732.01000000,2732.02000000,2725.87000000,2726.62000000,42.090701,5
1729854000,1729857600,2726.51000000,2727.04000000,2718.78000000,2719.48000000,33.815652,5
1729857600,1729861200,2719.41000000,2721.35000000,2717.04000000,2721.08000000,36.813537,5
1729861200,1729864800,2721.08000000,2722.51000000,2717.21000000,2722.11000000,38.737326,5
1729864800,1729868400,2722.08000000,2729.38000000,2721.11000000,2724.24000000,42.627460,5
1729868400,1729872000,2724.14000000,2732.31000000,2723.24000000,2731.41000000,53.362991,5
1729872000,1729875600,2731.43000000,2731.94000000,2725.32000000,2727.92000000,48.596334,5
1729875600,1729879200,2727.97000000,2740.51000000,2727.56000000,2738.31000000,60.040182,5
1729879200,1729882800,2738.34000000,2742.07000000,2736.57000000,2737.01000000,58.291559,5
1729882800,1729886400,2736.94000000,2739.30000000,2733.97000000,2739.11000000,60.302846,5
1729886400,1729890000,2739.20000000,2745.10000000,2738.71000000,2744.21000000,64.748752,5
1729890000,1729893600,2744.31000000,2744.68000000,2741.27000000,2742.21000000,61.824557,5
1729893600,1729897200,2742.04000000,2744.31000000,2740.40000000,2742.34000000,61.944862,5
1729897200,1729900800,2742.61000000,2747.82000000,2742.31000000,2746.34000000,65.543024,5
1730077200,1730080800,2737.11000000,2737.11000000,2730.24000000,2734.48000000,50.343763,1
1730080800,1730084400,2734.53000000,2740.18000000,2734.53000000,2735.84000000,51.726204,1
1730084400,1730088000,2735.74000000,2736.41000000,2732.28000000,2732.51000000,48.188617,1
1730088000,1730091600,2732.41000000,2732.91000000,2724.61000000,2732.21000000,47.870981,1
1730091600,1730095200,2732.21000000,2735.48000000,2730.78000000,2734.01000000,50.000528,1
1730095200,1730098800,2733.94000000,2734.51000000,2729.58000000,2729.71000000,45.245394,1
1730098800,1730102400,2729.61000000,2733.24000000,2729.17000000,2733.01000000,49.235449,1
1730102400,1730106000,2733.11000000,2738.71000000,2731.28000000,2738.31000000,54.917590,1
1730106000,1730109600,2738.34000000,2744.51000000,2737.41000000,2740.67000000,57.214123,1
1730109600,1730113200,2740.74000000,2743.44000000,2735.91000000,2739.11000000,55.211975,1
1730113200,1730116800,2739.21000000,2740.92000000,2731.51000000,2732.08000000,47.196677,1
1730116800,1730120400,2732.11000000,2734.05000000,2728.37000000,2729.41000000,44.551300,1
1730120400,1730124000,2729.31000000,2733.35000000,2727.90000000,2732.04000000,47.663111,1
1730124000,1730127600,2732.11000000,2732.92000000,2729.80000000,2732.18000000,47.830949,1
1730127600,1730131200,2732.11000000,2734.75000000,2731.17000000,2734.22000000,50.330491,1
1730131200,1730134800,2734.25000000,2743.45000000,2732.77000000,2740.81000000,57.426676,1
1730134800,1730138400,2740.91000000,2745.98000000,2738.87000000,2744.24000000,60.583205,1
1730138400,1730142000,2744.27000000,2744.57000000,2739.71000000,2740.81000000,56.103525,1
1730142000,1730145600,2740.71000000,2744.85000000,2740.10000000,2742.81000000,58.051279,1
1730145600,1730149200,2742.88000000,2744.85000000,2740.28000000,2743.41000000,58.644132,1
1730149200,1730152800,2743.51000000,2743.51000000,2740.21000000,2742.01000000,56.632914,1
1730152800,1730156400,2741.91000000,2743.55000000,2740.34000000,2742.34000000,57.007198,1
1730156400,1730160000,2742.31000000,2742.93000000,2741.36000000,2742.45000000,57.139985,1
1730163600,1730167200,2742.34000000,2742.34000000,2739.88000000,2742.03000000,56.423411,2
1730167200,1730170800,2742.13000000,2744.54000000,2741.24000000,2744.44000000,59.557502,2
1730170800,1730174400,2744.49000000,2746.82000000,2743.16000000,2745.86000000,61.322611,2
1730174400,1730178000,2745.94000000,2752.48000000,2745.46000000,2751.98000000,67.837800,2
1730178000,1730181600,2752.10000000,2757.78000000,2750.36000000,2752.88000000,68.673514,2
1730181600,1730185200,2752.78000000,2753.34000000,2748.73000000,2751.92000000,66.683111,2
1730185200,1730188800,2751.84000000,2755.16000000,2751.34000000,2754.70000000,69.444918,2
1730188800,1730192400,2754.68000000,2756.68000000,2749.84000000,2750.10000000,60.507075,2
1730192400,1730196000,2750.02000000,2756.38000000,2749.04000000,2755.58000000,66.103985,2
1730196000,1730199600,2755.50000000,2756.18000000,2751.94000000,2752.56000000,60.975430,2
1730199600,1730203200,2752.64000000,2754.98000000,2746.44000000,2754.48000000,62.943802,2
1730203200,1730206800,2754.56000000,2756.58000000,2750.16000000,2752.48000000,59.573010,2
1730206800,1730210400,2752.58000000,2753.24000000,2747.53000000,2749.78000000,55.269866,2
1730210400,1730214000,2749.96000000,2753.18000000,2746.00000000,2751.68000000,57.591348,2
1730214000,1730217600,2751.58000000,2753.81000000,2748.98000000,2749.24000000,53.734444,2
1730217600,1730221200,2749.23000000,2763.96000000,2748.42000000,2761.02000000,65.683319,2
1730221200,1730224800,2761.08000000,2771.77000000,2760.68000000,2769.48000000,71.396721,2
1730224800,1730228400,2769.50000000,2770.48000000,2760.97000000,2764.20000000,64.211344,2
1730228400,1730232000,2764.20000000,2770.08000000,2764.06000000,2769.28000000,67.590851,2
1730232000,1730235600,2769.18000000,2772.48000000,2766.34000000,2769.68000000,67.848301,2
1730235600,1730239200,2769.68000000,2773.64000000,2768.34000000,2773.06000000,70.015801,2
1730239200,1730242800,2772.98000000,2774.94000000,2770.89000000,2772.11000000,68.615666,2
1730242800,1730246400,2772.16000000,2774.81000000,2771.71000000,2774.52000000,70.241453,2
1730250000,1730253600,2774.64000000,2775.65000000,2772.93000000,2774.58000000,70.282728,3
1730253600,1730257200,2774.68000000,2775.14000000,2773.38000000,2774.98000000,70.575727,3
1730257200,1730260800,2774.88000000,2779.31000000,2774.62000000,2778.24000000,72.919205,3
1730260800,1730264400,2778.32000000,2782.08000000,2776.94000000,2781.48000000,75.046369,3
1730264400,1730268000,2781.58000000,2781.68000000,2776.14000000,2780.28000000,72.766591,3
1730268000,1730271600,2780.30000000,2781.14000000,2777.33000000,2778.78000000,69.907795,3
1730271600,1730275200,2778.78000000,2780.78000000,2777.50000000,2780.18000000,71.050955,3
1730275200,1730278800,2780.20000000,2784.78000000,2778.15000000,2783.00000000,73.254909,3
1730278800,1730282400,2783.02000000,2789.86000000,2781.32000000,2787.34000000,76.251515,3
1730282400,1730286000,2787.14000000,2788.24000000,2780.50000000,2782.16000000,66.652499,3
1730286000,1730289600,2782.14000000,2784.48000000,2779.62000000,2781.15000000,64.936014,3
1730289600,1730293200,2781.32000000,2784.64000000,2780.36000000,2784.38000000,67.792587,3
1730293200,1730296800,2784.39000000,2786.35000000,2780.14000000,2780.32000000,61.059063,3
1730296800,1730300400,2780.42000000,2782.08000000,2778.34000000,2778.65000000,58.485791,3
1730300400,1730304000,2778.64000000,2783.28000000,2773.61000000,2782.30000000,62.232225,3
1730304000,1730307600,2782.38000000,2787.28000000,2770.97000000,2777.27000000,54.881845,3
1730307600,1730311200,2777.22000000,2781.82000000,2775.12000000,2780.46000000,58.249757,3
1730311200,1730314800,2780.18000000,2785.78000000,2771.86000000,2784.48000000,62.090198,3
1730314800,1730318400,2784.58000000,2787.36000000,2782.94000000,2785.34000000,62.876924,3
1730318400,1730322000,2785.39000000,2789.54000000,2784.05000000,2788.60000000,65.776286,3
1730322000,1730325600,2788.60000000,2790.02000000,2787.24000000,2787.86000000,64.543996,3
1730325600,1730329200,2787.84000000,2788.07000000,2784.45000000,2787.28000000,63.539225,3
1730329200,1730332800,2787.38000000,2788.06000000,2784.76000000,2787.34000000,63.602349,3
1730336400,1730340000,2787.40000000,2788.08000000,2786.22000000,2787.48000000,63.760007,4
1730340000,1730343600,2787.38000000,2788.14000000,2785.24000000,2785.49000000,59.795229,4
1730343600,1730347200,2785.54000000,2788.08000000,2784.82000000,2787.48000000,62.318606,4
1730347200,1730350800,2787.40000000,2789.94000000,2783.73000000,2784.74000000,57.012714,4
1730350800,1730354400,2784.76000000,2788.96000000,2784.50000000,2786.80000000,59.784953,4
1730354400,1730358000,2786.70000000,2788.38000000,2784.44000000,2784.84000000,56.079284,4
1730358000,1730361600,2784.82000000,2785.54000000,2782.14000000,2784.28000000,55.029768,4
1730361600,1730365200,2784.18000000,2786.66000000,2782.74000000,2785.26000000,56.561846,4
1730365200,1730368800,2785.24000000,2785.94000000,2779.81000000,2779.92000000,47.138029,4
1730368800,1730372400,2779.82000000,2784.08000000,2778.06000000,2782.13000000,50.792075,4
1730372400,1730376000,2782.13000000,2783.04000000,2777.04000000,2779.26000000,46.314697,4
1730376000,1730379600,2779.16000000,2780.20000000,2777.14000000,2778.14000000,44.660188,4
1730379600,1730383200,2778.06000000,2781.08000000,2773.42000000,2780.68000000,49.100977,4
1730383200,1730386800,2780.78000000,2782.56000000,2776.76000000,2779.44000000,47.113332,4
1730386800,1730390400,2779.36000000,2781.88000000,2771.94000000,2773.74000000,39.248194,4
1730390400,1730394000,2773.72000000,2774.04000000,2754.32000000,2755.42000000,24.874840,4
1730394000,1730397600,2755.44000000,2756.70000000,2734.57000000,2734.80000000,17.227522,4
1730397600,1730401200,2734.78000000,2740.98000000,2731.50000000,2740.46000000,24.123103,4
1730401200,1730404800,2740.47000000,2743.70000000,2738.06000000,2740.66000000,24.362886,4
1730404800,1730408400,2740.58000000,2743.81000000,2738.24000000,2739.40000000,23.851499,4
1730408400,1730412000,2739.48000000,2747.98000000,2739.38000000,2746.78000000,32.754826,4
1730412000,1730415600,2746.94000000,2749.64000000,2745.71000000,2746.54000000,32.621250,4
1730415600,1730419200,2746.64000000,2748.13000000,2743.29000000,2743.89000000,31.112524,4
1730422800,1730426400,2744.24000000,2747.74000000,2743.84000000,2746.13000000,33.895611,5
1730426400,1730430000,2746.23000000,2747.88000000,2745.53000000,2746.63000000,34.531420,5
1730430000,1730433600,2746.68000000,2747.24000000,2744.86000000,2745.04000000,33.430267,5
1730433600,1730437200,2744.94000000,2750.00000000,2744.94000000,2749.66000000,39.470198,5
1730437200,1730440800,2749.58000000,2750.86000000,2745.86000000,2748.60000000,38.604743,5
1730440800,1730444400,2748.58000000,2751.80000000,2747.30000000,2751.58000000,42.426745,5
1730444400,1730448000,2751.60000000,2752.98000000,2750.84000000,2752.16000000,43.168300,5
1730448000,1730451600,2752.18000000,2755.08000000,2751.64000000,2754.80000000,46.543383,5
1730451600,1730455200,2754.88000000,2757.68000000,2751.26000000,2752.12000000,43.705801,5
1730455200,1730458800,2752.04000000,2753.08000000,2746.98000000,2749.64000000,41.202486,5
1730458800,1730462400,2749.56000000,2754.95000000,2748.44000000,2753.36000000,46.181926,5
1730462400,1730466000,2753.38000000,2755.38000000,2748.19000000,2751.18000000,43.838888,5
1730466000,1730469600,2751.26000000,2751.76000000,2744.94000000,2749.88000000,42.455596,5
1730469600,1730473200,2749.86000000,2754.10000000,2749.56000000,2752.88000000,46.639991,5
1730473200,1730476800,2752.86000000,2759.90000000,2749.10000000,2753.66000000,47.704747,5
1730476800,1730480400,2753.64000000,2762.37000000,2752.02000000,2759.36000000,54.802394,5
1730480400,1730484000,2759.03000000,2759.13000000,2739.66000000,2747.08000000,41.678277,5
1730484000,1730487600,2747.16000000,2750.28000000,2742.66000000,2744.84000000,39.805657,5
1730487600,1730491200,2744.74000000,2746.18000000,2740.26000000,2742.98000000,38.268117,5
1730491200,1730494800,2743.10000000,2743.84000000,2735.00000000,2736.34000000,33.320132,5
1730494800,1730498400,2736.24000000,2738.14000000,2733.54000000,2736.34000000,33.320132,5
1730498400,1730502000,2736.46000000,2737.14000000,2733.12000000,2734.12000000,31.729364,5
1730502000,1730505600,2734.14000000,2735.36000000,2733.32000000,2735.04000000,33.153650,5
1730682000,1730685600,2736.84000000,2740.33000000,2730.37000000,2738.39000000,38.208776,1
1730685600,1730689200,2738.34000000,2740.83000000,2736.75000000,2740.38000000,41.060162,1
1730689200,1730692800,2740.48000000,2741.40000000,2735.42000000,2739.76000000,40.434124,1
1730692800,1730696400,2739.66000000,2740.88000000,2736.94000000,2740.04000000,40.872574,1
1730696400,1730700000,2740.14000000,2742.28000000,2739.24000000,2741.04000000,42.500422,1
1730700000,1730703600,2740.84000000,2742.28000000,2739.58000000,2740.92000000,42.349747,1
1730703600,1730707200,2740.98000000,2743.58000000,2737.76000000,2741.36000000,43.145664,1
1730707200,1730710800,2741.40000000,2741.68000000,2735.82000000,2741.18000000,42.884824,1
1730710800,1730714400,2741.30000000,2744.66000000,2734.96000000,2735.94000000,36.051863,1
1730714400,1730718000,2735.82000000,2738.44000000,2731.56000000,2733.44000000,33.323807,1
1730718000,1730721600,2733.34000000,2744.10000000,2732.63000000,2743.16000000,49.366422,1
1730721600,1730725200,2743.26000000,2745.33000000,2737.24000000,2738.74000000,44.162844,1
1730725200,1730728800,2738.64000000,2741.00000000,2736.58000000,2740.48000000,46.551310,1
1730728800,1730732400,2740.26000000,2743.94000000,2739.38000000,2743.18000000,50.117031,1
1730732400,1730736000,2743.30000000,2746.78000000,2738.83000000,2746.78000000,54.477744,1
1730736000,1730739600,2746.80000000,2748.18000000,2737.84000000,2743.11000000,49.707152,1
1730739600,1730743200,2743.03000000,2745.34000000,2737.74000000,2738.62000000,44.565348,1
1730743200,1730746800,2738.52000000,2739.04000000,2732.24000000,2734.34000000,40.287289,1
1730746800,1730750400,2734.36000000,2738.28000000,2731.40000000,2738.18000000,45.355643,1
1730750400,1730754000,2738.20000000,2739.08000000,2735.64000000,2738.06000000,45.226453,1
1730754000,1730757600,2738.08000000,2739.56000000,2737.34000000,2738.12000000,45.310333,1
1730757600,1730761200,2738.10000000,2738.48000000,2736.43000000,2737.18000000,44.169124,1
1730761200,1730764800,2737.26000000,2737.53000000,2735.83000000,2736.37000000,43.160348,1
1730768400,1730772000,2737.04000000,2738.20000000,2736.04000000,2736.04000000,42.732150,2
1730772000,1730775600,2736.14000000,2736.58000000,2734.12000000,2735.04000000,41.392021,2
1730775600,1730779200,2734.99000000,2736.10000000,2732.90000000,2734.28000000,40.356163,2
1730779200,1730782800,2734.18000000,2735.30000000,2724.64000000,2728.28000000,33.276084,2
1730782800,1730786400,2728.20000000,2735.80000000,2727.74000000,2735.14000000,45.129077,2
1730786400,1730790000,2735.10000000,2736.18000000,2733.13000000,2734.44000000,44.264975,2
1730790000,1730793600,2734.39000000,2737.19000000,2731.94000000,2732.61000000,42.000828,2
1730793600,1730797200,2732.61000000,2738.68000000,2731.71000000,2737.66000000,49.653889,2
1730797200,1730800800,2737.58000000,2741.26000000,2735.22000000,2736.56000000,48.163108,2
1730800800,1730804400,2736.54000000,2743.08000000,2732.16000000,2742.38000000,55.735471,2
1730804400,1730808000,2742.36000000,2744.98000000,2738.84000000,2739.93000000,52.273661,2
1730808000,1730811600,2739.98000000,2740.14000000,2735.64000000,2737.82000000,49.426374,2
1730811600,1730815200,2737.80000000,2742.98000000,2737.80000000,2741.56000000,54.189452,2
1730815200,1730818800,2741.80000000,2742.98000000,2737.64000000,2737.99000000,49.406169,2
1730818800,1730822400,2738.04000000,2746.60000000,2736.53000000,2744.58000000,56.958790,2
1730822400,1730826000,2744.56000000,2749.98000000,2741.38000000,2746.61000000,58.989689,2
1730826000,1730829600,2743.79000000,2745.64000000,2732.94000000,2741.88000000,52.744688,2
1730829600,1730833200,2741.88000000,2744.38000000,2736.40000000,2738.97000000,49.287599,2
1730833200,1730836800,2739.04000000,2743.54000000,2738.14000000,2742.01000000,52.770271,2
1730836800,1730840400,2742.14000000,2743.78000000,2739.18000000,2741.15000000,51.688826,2
1730840400,1730844000,2741.20000000,2742.15000000,2739.54000000,2740.59000000,50.956525,2
1730844000,1730847600,2740.61000000,2743.30000000,2739.70000000,2743.00000000,53.978345,2
1730847600,1730851200,2742.98000000,2744.76000000,2742.46000000,2743.98000000,55.187496,2
1730854800,1730858400,2742.64000000,2746.38000000,2742.14000000,2745.58000000,57.166211,3
1730858400,1730862000,2745.63000000,2745.63000000,2735.33000000,2737.99000000,46.644410,3
1730862000,1730865600,2738.09000000,2749.56000000,2732.73000000,2747.14000000,56.934978,3
1730865600,1730869200,2747.24000000,2748.18000000,2736.94000000,2737.62000000,46.817578,3
1730869200,1730872800,2737.64000000,2743.48000000,2730.53000000,2733.96000000,43.609124,3
1730872800,1730876400,2734.04000000,2742.88000000,2733.18000000,2741.66000000,51.188046,3
1730876400,1730880000,2741.68000000,2743.58000000,2736.54000000,2739.22000000,48.943259,3
1730880000,1730883600,2739.14000000,2739.44000000,2701.28000000,2707.12000000,30.187523,3
1730883600,1730887200,2707.18000000,2733.10000000,2704.02000000,2725.88000000,43.753453,3
1730887200,1730890800,2725.78000000,2733.92000000,2722.74000000,2724.62000000,43.147010,3
1730890800,1730894400,2724.54000000,2728.56000000,2716.52000000,2724.42000000,43.045024,3
1730894400,1730898000,2724.40000000,2727.06000000,2718.82000000,2720.42000000,40.959738,3
1730898000,1730901600,2720.24000000,2722.80000000,2696.08000000,2699.32000000,32.120226,3
1730901600,1730905200,2699.23000000,2708.06000000,2693.10000000,2695.22000000,30.732342,3
1730905200,1730908800,2694.92000000,2694.92000000,2658.88000000,2664.36000000,22.760580,3
1730908800,1730912400,2664.28000000,2670.38000000,2652.26000000,2659.76000000,21.850727,3
1730912400,1730916000,2659.84000000,2675.82000000,2657.54000000,2675.59000000,31.934492,3
1730916000,1730919600,2675.75000000,2678.20000000,2662.94000000,2666.24000000,29.512260,3
1730919600,1730923200,2666.32000000,2669.24000000,2661.73000000,2663.16000000,28.738956,3
1730923200,1730926800,2663.32000000,2669.38000000,2662.86000000,2665.74000000,30.384493,3
1730926800,1730930400,2665.84000000,2668.38000000,2664.92000000,2666.96000000,31.193606,3
1730930400,1730934000,2666.88000000,2667.84000000,2659.24000000,2660.64000000,29.294164,3
1730934000,1730937600,2660.54000000,2662.52000000,2658.84000000,2658.84000000,28.757076,3
1730941200,1730944800,2659.28000000,2664.28000000,2659.21000000,2663.98000000,32.559498,4
1730944800,1730948400,2663.98000000,2664.13000000,2660.93000000,2661.54000000,31.694696,4
1730948400,1730952000,2661.44000000,2663.88000000,2643.10000000,2649.56000000,27.791641,4
1730952000,1730955600,2649.56000000,2657.52000000,2649.56000000,2657.41000000,33.564804,4
1730955600,1730959200,2657.36000000,2661.34000000,2655.67000000,2659.08000000,34.759818,4
1730959200,1730962800,2659.26000000,2659.74000000,2654.24000000,2654.64000000,33.057294,4
1730962800,1730966400,2654.92000000,2660.70000000,2654.66000000,2659.08000000,36.411422,4
1730966400,1730970000,2659.00000000,2659.50000000,2652.74000000,2656.98000000,35.505292,4
1730970000,1730973600,2656.80000000,2667.48000000,2655.98000000,2663.42000000,40.403371,4
1730973600,1730977200,2663.44000000,2666.68000000,2657.32000000,2657.65000000,37.644817,4
1730977200,1730980800,2657.74000000,2666.08000000,2657.54000000,2661.72000000,40.719356,4
1730980800,1730984400,2661.74000000,2668.28000000,2659.88000000,2666.58000000,44.254016,4
1730984400,1730988000,2666.54000000,2668.18000000,2663.94000000,2666.10000000,43.975127,4
1730988000,1730991600,2666.03000000,2673.99000000,2664.43000000,2673.40000000,49.216748,4
1730991600,1730995200,2673.58000000,2685.17000000,2672.18000000,2684.38000000,55.899996,4
1730995200,1730998800,2684.48000000,2694.98000000,2682.34000000,2691.68000000,59.697547,4
1730998800,1731002400,2691.60000000,2700.06000000,2689.98000000,2698.68000000,62.988778,4
1731002400,1731006000,2698.58000000,2699.42000000,2690.64000000,2695.68000000,60.700915,4
1731006000,1731009600,2695.82000000,2700.28000000,2694.14000000,2699.37000000,62.504893,4
1731009600,1731013200,2699.32000000,2699.50000000,2693.98000000,2695.70000000,59.575737,4
1731013200,1731016800,2695.54000000,2698.12000000,2687.56000000,2694.20000000,58.371697,4
1731016800,1731020400,2694.30000000,2710.28000000,2692.60000000,2704.41000000,63.743030,4
1731020400,1731024000,2704.36000000,2708.50000000,2703.61000000,2706.24000000,64.624100,4
1731027600,1731031200,2705.14000000,2707.88000000,2704.02000000,2706.88000000,64.944937,5
1731031200,1731034800,2706.83000000,2710.39000000,2705.64000000,2706.34000000,64.414107,5
1731034800,1731038400,2706.49000000,2707.74000000,2699.24000000,2699.94000000,58.329031,5
1731038400,1731042000,2699.86000000,2701.08000000,2695.14000000,2697.38000000,56.048209,5
1731042000,1731045600,2697.28000000,2700.48000000,2694.16000000,2695.14000000,54.056405,5
1731045600,1731049200,2695.12000000,2696.24000000,2693.16000000,2693.74000000,52.793616,5
1731049200,1731052800,2693.73000000,2696.24000000,2693.66000000,2695.16000000,53.968207,5
1731052800,1731056400,2695.06000000,2695.94000000,2686.04000000,2686.54000000,46.417744,5
1731056400,1731060000,2686.44000000,2687.88000000,2680.43000000,2687.20000000,47.028822,5
1731060000,1731063600,2687.18000000,2691.66000000,2682.02000000,2688.84000000,48.597537,5
1731063600,1731067200,2688.64000000,2690.88000000,2687.12000000,2689.16000000,48.915433,5
1731067200,1731070800,2689.18000000,2689.18000000,2682.00000000,2688.46000000,48.213011,5
1731070800,1731074400,2688.57000000,2694.90000000,2686.68000000,2691.88000000,51.850929,5
1731074400,1731078000,2691.98000000,2693.18000000,2686.22000000,2692.04000000,52.020739,5
1731078000,1731081600,2691.94000000,2700.98000000,2687.84000000,2697.38000000,57.418385,5
1731081600,1731085200,2697.42000000,2703.98000000,2687.72000000,2691.37000000,50.528595,5
1731085200,1731088800,2690.42000000,2692.79000000,2683.46000000,2687.58000000,46.721277,5
1731088800,1731092400,2687.48000000,2689.38000000,2682.96000000,2683.24000000,42.748970,5
1731092400,1731096000,2683.16000000,2688.48000000,2683.16000000,2687.78000000,47.753214,5
1731096000,1731099600,2687.80000000,2688.68000000,2683.93000000,2685.04000000,45.186132,5
1731099600,1731103200,2685.24000000,2687.38000000,2683.34000000,2686.90000000,47.258821,5
1731103200,1731106800,2686.88000000,2688.52000000,2685.06000000,2685.24000000,45.601515,5
1731106800,1731110400,2685.22000000,2685.99000000,2682.89000000,2684.28000000,44.626831,5
1731286800,1731290400,2684.94000000,2685.63000000,2679.23000000,2685.53000000,46.238152,1
1731290400,1731294000,2685.58000000,2686.13000000,2682.68000000,2684.04000000,44.573142,1
1731294000,1731297600,2683.79000000,2684.92000000,2671.76000000,2672.78000000,34.471115,1
1731297600,1731301200,2672.80000000,2675.08000000,2666.54000000,2671.78000000,33.739768,1
1731301200,1731304800,2671.68000000,2671.80000000,2668.06000000,2670.34000000,32.665039,1
1731304800,1731308400,2670.32000000,2672.24000000,2668.99000000,2672.02000000,35.256154,1
1731308400,1731312000,2671.92000000,2674.20000000,2666.68000000,2669.00000000,32.811830,1
1731312000,1731315600,2669.02000000,2673.88000000,2668.28000000,2673.08000000,38.968112,1
1731315600,1731319200,2673.10000000,2673.88000000,2668.94000000,2669.54000000,35.894941,1
1731319200,1731322800,2669.24000000,2671.68000000,2667.64000000,2669.46000000,35.826179,1
1731322800,1731326400,2669.28000000,2670.76000000,2663.82000000,2666.68000000,33.429626,1
1731326400,1731330000,2666.56000000,2675.34000000,2660.83000000,2661.96000000,29.786397,1
1731330000,1731333600,2662.02000000,2666.88000000,2659.02000000,2662.65000000,30.970747,1
1731333600,1731337200,2662.64000000,2663.24000000,2656.61000000,2657.50000000,27.273021,1
1731337200,1731340800,2657.22000000,2657.48000000,2634.32000000,2635.64000000,17.643634,1
1731340800,1731344400,2635.72000000,2635.84000000,2617.48000000,2622.50000000,14.361262,1
1731344400,1731348000,2622.54000000,2626.08000000,2613.52000000,2614.44000000,12.789529,1
1731348000,1731351600,2614.64000000,2618.10000000,2612.60000000,2614.98000000,13.472783,1
1731351600,1731355200,2615.08000000,2616.78000000,2611.34000000,2612.64000000,12.997576,1
1731355200,1731358800,2612.56000000,2619.28000000,2610.46000000,2618.78000000,20.883123,1
1731358800,1731362400,2618.88000000,2620.50000000,2617.76000000,2619.08000000,21.258650,1
1731362400,1731366000,2619.10000000,2626.06000000,2619.10000000,2621.88000000,24.844199,1
1731366000,1731369600,2621.80000000,2623.16000000,2619.41000000,2619.58000000,23.882185,1
1731373200,1731376800,2619.54000000,2624.14000000,2619.34000000,2623.93000000,29.446611,2
1731376800,1731380400,2623.98000000,2625.40000000,2622.23000000,2624.04000000,29.586788,2
1731380400,1731384000,2624.19000000,2627.00000000,2619.14000000,2624.24000000,29.859653,2
1731384000,1731387600,2624.22000000,2625.38000000,2620.54000000,2621.84000000,28.435612,2
1731387600,1731391200,2621.82000000,2623.58000000,2618.94000000,2619.12000000,26.871485,2
1731391200,1731394800,2618.94000000,2619.24000000,2615.64000000,2617.58000000,25.999496,2
1731394800,1731398400,2617.78000000,2618.06000000,2605.34000000,2606.84000000,20.904657,2
1731398400,1731402000,2606.80000000,2610.08000000,2603.34000000,2607.78000000,22.339077,2
1731402000,1731405600,2607.88000000,2609.18000000,2595.35000000,2598.42000000,18.702045,2
1731405600,1731409200,2598.54000000,2606.53000000,2598.16000000,2600.74000000,22.088014,2
1731409200,1731412800,2600.64000000,2600.84000000,2590.74000000,2593.42000000,19.349688,2
1731412800,1731416400,2593.50000000,2598.48000000,2589.62000000,2596.48000000,23.612962,2
1731416400,1731420000,2596.38000000,2599.12000000,2592.66000000,2597.76000000,25.389643,2
1731420000,1731423600,2597.88000000,2607.24000000,2597.78000000,2605.42000000,35.115624,2
1731423600,1731427200,2605.44000000,2616.36000000,2604.54000000,2611.48000000,41.601445,2
1731427200,1731430800,2611.58000000,2617.44000000,2608.80000000,2610.44000000,40.846825,2
1731430800,1731434400,2610.54000000,2611.84000000,2597.44000000,2598.62000000,33.425704,2
1731434400,1731438000,2598.72000000,2604.08000000,2597.86000000,2600.68000000,35.620984,2
1731438000,1731441600,2600.60000000,2601.28000000,2592.54000000,2597.28000000,33.648792,2
1731441600,1731445200,2597.30000000,2602.05000000,2596.32000000,2598.98000000,35.569621,2
1731445200,1731448800,2599.00000000,2601.26000000,2597.96000000,2598.26000000,35.106078,2
1731448800,1731452400,2598.16000000,2601.26000000,2595.14000000,2599.84000000,37.044958,2
1731452400,1731456000,2600.22000000,2600.69000000,2597.19000000,2598.03000000,35.728029,2
1731459600,1731463200,2598.64000000,2599.78000000,2597.68000000,2598.88000000,36.863147,3
1731463200,1731466800,2598.93000000,2599.89000000,2598.04000000,2599.38000000,37.561711,3
1731466800,1731470400,2599.33000000,2611.06000000,2599.33000000,2607.98000000,48.181608,3
1731470400,1731474000,2608.20000000,2612.68000000,2605.11000000,2611.98000000,52.249708,3
1731474000,1731477600,2612.08000000,2613.16000000,2606.43000000,2611.38000000,51.595382,3
1731477600,1731481200,2611.48000000,2612.18000000,2606.22000000,2606.32000000,46.326440,3
1731481200,1731484800,2606.42000000,2607.94000000,2603.66000000,2605.92000000,45.927161,3
1731484800,1731488400,2605.77000000,2607.48000000,2604.24000000,2605.49000000,45.473430,3
1731488400,1731492000,2605.38000000,2607.36000000,2604.32000000,2606.26000000,46.492837,3
1731492000,1731495600,2606.31000000,2610.66000000,2601.09000000,2607.69000000,48.421422,3
1731495600,1731499200,2607.62000000,2611.61000000,2607.28000000,2608.63000000,49.704728,3
1731499200,1731502800,2608.60000000,2610.37000000,2606.97000000,2608.96000000,50.173426,3
1731502800,1731506400,2608.95000000,2611.61000000,2605.91000000,2610.74000000,52.732144,3
1731506400,1731510000,2610.84000000,2612.67000000,2608.92000000,2609.65000000,51.004859,3
1731510000,1731513600,2609.71000000,2618.81000000,2607.17000000,2612.28000000,54.847945,3
1731513600,1731517200,2612.18000000,2616.32000000,2600.92000000,2602.14000000,41.373374,3
1731517200,1731520800,2602.04000000,2606.88000000,2593.54000000,2605.28000000,45.812808,3
1731520800,1731524400,2605.18000000,2605.91000000,2584.70000000,2585.93000000,30.490287,3
1731524400,1731528000,2585.92000000,2586.94000000,2577.64000000,2583.18000000,29.005513,3
1731528000,1731531600,2583.20000000,2585.38000000,2579.56000000,2582.52000000,28.644982,3
1731531600,1731535200,2582.68000000,2584.78000000,2580.62000000,2580.99000000,27.782854,3
1731535200,1731538800,2580.96000000,2581.24000000,2572.98000000,2573.94000000,24.172664,3
1731538800,1731542400,2573.92000000,2577.10000000,2572.76000000,2572.82000000,23.646959,3
1731546000,1731549600,2572.67000000,2581.33000000,2569.26000000,2570.86000000,22.715914,4
1731549600,1731553200,2570.89000000,2574.76000000,2569.56000000,2572.42000000,25.238952,4
1731553200,1731556800,2572.41000000,2572.80000000,2561.59000000,2562.53000000,20.638780,4
1731556800,1731560400,2562.49000000,2564.56000000,2558.89000000,2560.57000000,19.865997,4
1731560400,1731564000,2560.52000000,2564.96000000,2559.93000000,2560.69000000,20.063343,4
1731564000,1731567600,2560.59000000,2565.26000000,2559.21000000,2565.15000000,27.235811,4
1731567600,1731571200,2565.10000000,2565.14000000,2555.29000000,2558.63000000,23.864680,4
1731571200,1731574800,2558.58000000,2560.54000000,2551.90000000,2555.07000000,22.245606,4
1731574800,1731578400,2555.02000000,2558.95000000,2550.32000000,2556.91000000,25.074980,4
1731578400,1731582000,2556.81000000,2559.94000000,2554.51000000,2556.08000000,24.639427,4
1731582000,1731585600,2556.23000000,2558.30000000,2536.74000000,2543.38000000,19.156358,4
1731585600,1731589200,2543.30000000,2548.08000000,2538.80000000,2546.96000000,24.272148,4
1731589200,1731592800,2546.98000000,2554.98000000,2545.12000000,2553.58000000,32.747105,4
1731592800,1731596400,2553.78000000,2556.78000000,2550.11000000,2552.13000000,31.904870,4
1731596400,1731600000,2552.18000000,2560.27000000,2551.16000000,2557.08000000,37.787359,4
1731600000,1731603600,2557.16000000,2565.96000000,2554.32000000,2559.61000000,40.611258,4
1731603600,1731607200,2559.71000000,2573.01000000,2558.49000000,2570.24000000,50.730465,4
1731607200,1731610800,2570.39000000,2577.39000000,2569.14000000,2573.93000000,53.680862,4
1731610800,1731614400,2573.98000000,2575.89000000,2567.38000000,2572.95000000,52.776941,4
1731614400,1731618000,2573.05000000,2573.41000000,2567.14000000,2569.68000000,49.765685,4
1731618000,1731621600,2569.76000000,2576.86000000,2569.66000000,2575.70000000,54.870683,4
1731621600,1731625200,2575.88000000,2576.32000000,2563.52000000,2567.29000000,47.594029,4
1731625200,1731628800,2567.39000000,2569.59000000,2564.22000000,2564.72000000,45.603751,4
1731632400,1731636000,2565.63000000,2567.23000000,2564.84000000,2566.89000000,47.596413,5
1731636000,1731639600,2566.94000000,2567.53000000,2565.93000000,2566.78000000,47.501420,5
1731639600,1731643200,2566.83000000,2571.60000000,2562.99000000,2564.98000000,45.887531,5
1731643200,1731646800,2565.03000000,2571.01000000,2564.83000000,2570.21000000,51.087502,5
1731646800,1731650400,2570.11000000,2571.07000000,2567.63000000,2567.69000000,48.661067,5
1731650400,1731654000,2567.64000000,2569.50000000,2566.98000000,2567.03000000,48.017810,5
1731654000,1731657600,2567.08000000,2567.21000000,2559.76000000,2559.97000000,41.671928,5
1731657600,1731661200,2559.92000000,2563.55000000,2554.51000000,2561.40000000,43.306262,5
1731661200,1731664800,2561.45000000,2564.80000000,2559.37000000,2563.73000000,45.963059,5
1731664800,1731668400,2563.76000000,2568.97000000,2560.80000000,2566.85000000,49.383623,5
1731668400,1731672000,2566.80000000,2568.87000000,2563.92000000,2564.01000000,46.498312,5
1731672000,1731675600,2564.02000000,2570.38000000,2562.95000000,2567.87000000,50.713271,5
1731675600,1731679200,2567.77000000,2573.33000000,2566.59000000,2570.80000000,53.695326,5
1731679200,1731682800,2570.81000000,2571.04000000,2565.43000000,2568.98000000,51.606610,5
1731682800,1731686400,2569.16000000,2575.73000000,2561.06000000,2565.34000000,47.617091,5
1731686400,1731690000,2565.29000000,2575.54000000,2564.21000000,2572.84000000,55.287050,5
1731690000,1731693600,2572.89000000,2576.08000000,2565.17000000,2570.68000000,52.885365,5
1731693600,1731697200,2570.88000000,2573.18000000,2562.04000000,2562.24000000,44.712171,5
1731697200,1731700800,2562.16000000,2564.82000000,2560.04000000,2562.98000000,45.507356,5
1731700800,1731704400,2563.08000000,2567.68000000,2559.34000000,2567.38000000,50.102731,5
1731704400,1731708000,2567.40000000,2567.96000000,2562.59000000,2563.94000000,46.781153,5
1731708000,1731711600,2563.92000000,2564.02000000,2559.78000000,2562.34000000,45.277620,5
1731711600,1731715200,2562.24000000,2562.56000000,2560.96000000,2561.45000000,44.422360,5
1731891600,1731895200,2565.04000000,2575.53000000,2564.71000000,2571.44000000,54.753725,1
1731895200,1731898800,2571.34000000,2577.33000000,2569.83000000,2576.48000000,58.904261,1
1731898800,1731902400,2576.53000000,2597.46000000,2576.48000000,2587.12000000,65.995924,1
1731902400,1731906000,2587.04000000,2595.06000000,2586.94000000,2591.04000000,68.174889,1
1731906000,1731909600,2590.96000000,2592.48000000,2587.84000000,2589.74000000,66.649577,1
1731909600,1731913200,2589.76000000,2592.98000000,2589.08000000,2592.08000000,68.035868,1
1731913200,1731916800,2591.98000000,2592.18000000,2585.04000000,2585.72000000,60.655937,1
1731916800,1731920400,2585.62000000,2587.68000000,2580.46000000,2586.12000000,60.942885,1
1731920400,1731924000,2586.16000000,2586.98000000,2581.64000000,2583.02000000,57.446093,1
1731924000,1731927600,2582.86000000,2589.88000000,2582.04000000,2585.54000000,59.481377,1
1731927600,1731931200,2585.42000000,2597.26000000,2583.94000000,2595.58000000,66.380510,1
1731931200,1731934800,2595.50000000,2596.68000000,2589.55000000,2593.88000000,64.381563,1
1731934800,1731938400,2593.98000000,2595.18000000,2590.56000000,2594.28000000,64.651293,1
1731938400,1731942000,2594.18000000,2597.18000000,2590.44000000,2594.98000000,65.148683,1
1731942000,1731945600,2594.88000000,2605.08000000,2592.95000000,2603.78000000,70.725456,1
1731945600,1731949200,2603.78000000,2610.28000000,2602.64000000,2608.00000000,72.959981,1
1731949200,1731952800,2608.20000000,2613.37000000,2605.98000000,2612.88000000,75.307219,1
1731952800,1731956400,2612.82000000,2615.08000000,2609.46000000,2611.38000000,73.203733,1
1731956400,1731960000,2611.48000000,2611.98000000,2607.36000000,2610.48000000,71.905946,1
1731960000,1731963600,2610.50000000,2611.98000000,2607.76000000,2610.98000000,72.200805,1
1731963600,1731967200,2611.08000000,2612.58000000,2608.43000000,2609.94000000,70.542370,1
1731967200,1731970800,2609.86000000,2611.58000000,2608.31000000,2610.10000000,70.654050,1
1731970800,1731974400,2610.20000000,2612.20000000,2609.76000000,2611.64000000,71.763664,1
1731978000,1731981600,2612.04000000,2613.09000000,2610.39000000,2612.64000000,72.491045,2
1731981600,1731985200,2612.79000000,2613.68000000,2611.09000000,2613.28000000,72.970943,2
1731985200,1731988800,2613.38000000,2617.78000000,2611.38000000,2615.84000000,74.860160,2
1731988800,1731992400,2615.74000000,2624.18000000,2615.74000000,2622.28000000,78.862666,2
1731992400,1731996000,2622.40000000,2625.50000000,2621.34000000,2624.28000000,79.931273,2
1731996000,1731999600,2624.36000000,2625.00000000,2621.50000000,2623.01000000,77.260222,2
1731999600,1732003200,2622.86000000,2623.38000000,2620.74000000,2622.38000000,75.905162,2
1732003200,1732006800,2622.40000000,2626.48000000,2621.34000000,2624.98000000,77.647551,2
1732006800,1732010400,2625.00000000,2625.44000000,2617.75000000,2618.99000000,65.835640,2
1732010400,1732014000,2619.01000000,2627.11000000,2618.72000000,2626.18000000,71.449838,2
1732014000,1732017600,2626.06000000,2634.48000000,2625.18000000,2630.34000000,74.101611,2
1732017600,1732021200,2630.24000000,2636.48000000,2629.96000000,2635.16000000,76.791382,2
1732021200,1732024800,2635.14000000,2635.94000000,2629.14000000,2629.66000000,68.099978,2
1732024800,1732028400,2629.64000000,2639.46000000,2628.64000000,2639.08000000,73.609333,2
1732028400,1732032000,2639.10000000,2639.30000000,2629.16000000,2635.08000000,68.221377,2
1732032000,1732035600,2634.98000000,2636.78000000,2622.74000000,2623.46000000,55.509986,2
1732035600,1732039200,2623.32000000,2628.50000000,2620.94000000,2624.54000000,56.324527,2
1732039200,1732042800,2624.72000000,2628.40000000,2622.43000000,2626.38000000,57.743968,2
1732042800,1732046400,2626.30000000,2633.18000000,2625.48000000,2628.02000000,59.022284,2
1732046400,1732050000,2628.04000000,2630.28000000,2626.34000000,2630.06000000,60.618222,2
1732050000,1732053600,2629.98000000,2631.48000000,2629.02000000,2630.56000000,61.018946,2
1732053600,1732057200,2630.58000000,2634.48000000,2630.36000000,2633.56000000,63.423783,2
1732057200,1732060800,2633.66000000,2633.78000000,2630.59000000,2632.25000000,61.635655,2
1732064400,1732068000,2632.03000000,2635.38000000,2631.93000000,2635.08000000,63.997131,3
1732068000,1732071600,2635.03000000,2639.08000000,2634.68000000,2637.78000000,66.138650,3
1732071600,1732075200,2637.88000000,2641.56000000,2635.86000000,2639.48000000,67.451415,3
1732075200,1732078800,2639.56000000,2641.73000000,2638.28000000,2640.19000000,68.009244,3
1732078800,1732082400,2640.24000000,2641.25000000,2637.61000000,2637.94000000,64.251222,3
1732082400,1732086000,2637.97000000,2638.60000000,2636.08000000,2636.64000000,62.115537,3
1732086000,1732089600,2636.59000000,2638.78000000,2634.88000000,2637.02000000,62.507839,3
1732089600,1732093200,2637.00000000,2637.22000000,2628.46000000,2629.40000000,51.084238,3
1732093200,1732096800,2629.06000000,2630.24000000,2621.00000000,2621.66000000,42.573315,3
1732096800,1732100400,2621.54000000,2624.56000000,2618.74000000,2624.12000000,45.671425,3
1732100400,1732104000,2624.14000000,2625.70000000,2621.02000000,2621.96000000,43.454645,3
1732104000,1732107600,2621.94000000,2626.14000000,2621.00000000,2624.99000000,47.317580,3
1732107600,1732111200,2624.88000000,2628.20000000,2621.44000000,2627.96000000,50.861172,3
1732111200,1732114800,2628.00000000,2632.38000000,2627.03000000,2631.68000000,54.948664,3
1732114800,1732118400,2631.58000000,2640.38000000,2630.96000000,2636.01000000,59.202629,3
1732118400,1732122000,2635.94000000,2646.58000000,2634.16000000,2642.98000000,64.941303,3
1732122000,1732125600,2643.08000000,2648.80000000,2640.93000000,2648.74000000,68.841850,3
1732125600,1732129200,2648.66000000,2650.78000000,2646.12000000,2650.47000000,69.924170,3
1732129200,1732132800,2650.55000000,2655.27000000,2649.34000000,2651.73000000,70.721864,3
1732132800,1732136400,2651.68000000,2651.98000000,2645.50000000,2648.66000000,66.120293,3
1732136400,1732140000,2648.58000000,2653.08000000,2648.48000000,2651.04000000,67.865882,3
1732140000,1732143600,2651.02000000,2651.26000000,2647.27000000,2648.68000000,64.326619,3
1732143600,1732147200,2648.78000000,2650.43000000,2647.93000000,2650.25000000,65.611454,3
1732150800,1732154400,2650.25000000,2652.88000000,2649.09000000,2652.19000000,67.184250,4
1732154400,1732158000,2652.24000000,2658.73000000,2651.79000000,2658.48000000,71.703128,4
1732158000,1732161600,2658.53000000,2660.46000000,2651.60000000,2653.52000000,64.196029,4
1732161600,1732165200,2653.44000000,2658.18000000,2652.44000000,2653.78000000,64.406398,4
1732165200,1732168800,2653.68000000,2657.08000000,2650.34000000,2656.78000000,66.828274,4
1732168800,1732172400,2656.70000000,2659.04000000,2656.68000000,2657.04000000,67.037605,4
1732172400,1732176000,2657.03000000,2658.18000000,2654.60000000,2656.76000000,66.550539,4
1732176000,1732179600,2656.78000000,2662.28000000,2656.48000000,2661.20000000,70.242642,4
1732179600,1732183200,2661.18000000,2664.70000000,2659.88000000,2663.04000000,71.639701,4
1732183200,1732186800,2662.94000000,2670.08000000,2661.80000000,2668.68000000,75.445135,4
1732186800,1732190400,2668.90000000,2671.76000000,2663.64000000,2668.68000000,75.445135,4
1732190400,1732194000,2668.70000000,2670.18000000,2665.13000000,2669.78000000,76.168451,4
1732194000,1732197600,2669.80000000,2673.50000000,2668.28000000,2671.56000000,77.332081,4
1732197600,1732201200,2671.64000000,2671.84000000,2663.00000000,2663.36000000,62.252264,4
1732201200,1732204800,2663.34000000,2667.64000000,2660.54000000,2665.28000000,64.021367,4
1732204800,1732208400,2665.38000000,2671.48000000,2661.32000000,2665.17000000,63.836777,4
1732208400,1732212000,2665.12000000,2670.38000000,2664.50000000,2667.50000000,66.068476,4
1732212000,1732215600,2667.58000000,2669.66000000,2661.42000000,2664.76000000,61.279291,4
1732215600,1732219200,2664.74000000,2672.88000000,2661.92000000,2671.68000000,67.656057,4
1732219200,1732222800,2671.70000000,2673.02000000,2669.10000000,2672.29000000,68.153933,4
1732222800,1732226400,2672.34000000,2673.38000000,2667.86000000,2669.48000000,63.318657,4
1732226400,1732230000,2669.49000000,2671.76000000,2668.44000000,2671.30000000,65.048269,4
1732230000,1732233600,2671.38000000,2671.73000000,2668.08000000,2669.58000000,62.069587,4
1732237200,1732240800,2669.94000000,2670.29000000,2668.18000000,2669.14000000,61.296316,5
1732240800,1732244400,2669.24000000,2673.48000000,2668.84000000,2673.14000000,65.503745,5
1732244400,1732248000,2673.09000000,2679.36000000,2673.09000000,2677.74000000,69.596956,5
1732248000,1732251600,2677.66000000,2686.44000000,2677.24000000,2685.88000000,75.203905,5
1732251600,1732255200,2685.96000000,2690.50000000,2681.48000000,2686.02000000,75.288317,5
1732255200,1732258800,2686.00000000,2692.34000000,2682.94000000,2688.84000000,76.987669,5
1732258800,1732262400,2688.94000000,2689.14000000,2683.04000000,2686.68000000,72.855008,5
1732262400,1732266000,2686.78000000,2693.28000000,2685.94000000,2693.02000000,76.792790,5
1732266000,1732269600,2693.10000000,2699.08000000,2690.64000000,2696.48000000,78.615945,5
1732269600,1732273200,2696.38000000,2700.48000000,2694.58000000,2697.50000000,79.136301,5
1732273200,1732276800,2697.52000000,2707.46000000,2693.63000000,2703.54000000,81.938986,5
1732276800,1732280400,2703.64000000,2708.45000000,2702.66000000,2707.48000000,83.496405,5
1732280400,1732284000,2707.58000000,2709.98000000,2697.14000000,2698.94000000,69.505955,5
1732284000,1732287600,2698.84000000,2704.88000000,2697.04000000,2702.78000000,71.794482,5
1732287600,1732291200,2702.68000000,2703.98000000,2689.34000000,2692.78000000,59.311144,5
1732291200,1732294800,2692.90000000,2696.38000000,2684.54000000,2694.46000000,60.552103,5
1732294800,1732298400,2694.41000000,2705.08000000,2694.31000000,2703.50000000,66.476860,5
1732298400,1732302000,2703.60000000,2706.46000000,2700.86000000,2704.98000000,67.341666,5
1732302000,1732305600,2705.00000000,2707.16000000,2703.46000000,2706.68000000,68.351610,5
1732305600,1732309200,2706.78000000,2711.48000000,2706.58000000,2710.76000000,70.693984,5
1732309200,1732312800,2710.78000000,2711.48000000,2707.04000000,2708.12000000,67.226811,5
1732312800,1732316400,2708.04000000,2708.98000000,2705.13000000,2705.68000000,64.097802,5
1732316400,1732320000,2705.66000000,2715.36000000,2705.48000000,2714.43000000,69.567943,5
1732496400,1732500000,2714.64000000,2721.28000000,2692.09000000,2719.73000000,72.319070,1
1732500000,1732503600,2719.78000000,2720.08000000,2709.78000000,2710.64000000,61.971385,1
1732503600,1732507200,2710.84000000,2711.14000000,2694.95000000,2701.34000000,53.532053,1
1732507200,1732510800,2701.44000000,2704.56000000,2692.22000000,2695.08000000,48.722321,1
1732510800,1732514400,2694.98000000,2697.44000000,2658.97000000,2672.08000000,35.944049,1
1732514400,1732518000,2672.06000000,2676.20000000,2663.76000000,2672.28000000,36.100986,1
1732518000,1732521600,2672.52000000,2673.99000000,2658.12000000,2664.56000000,32.764138,1
1732521600,1732525200,2664.60000000,2669.98000000,2661.58000000,2666.76000000,34.618781,1
1732525200,1732528800,2666.88000000,2672.40000000,2663.66000000,2667.90000000,35.609944,1
1732528800,1732532400,2667.84000000,2673.56000000,2667.04000000,2671.88000000,39.082106,1
1732532400,1732536000,2671.80000000,2675.09000000,2670.04000000,2673.70000000,40.657962,1
1732536000,1732539600,2673.68000000,2678.08000000,2668.64000000,2677.58000000,43.984734,1
1732539600,1732543200,2677.48000000,2688.63000000,2677.48000000,2686.68000000,50.932552,1
1732543200,1732546800,2686.78000000,2686.88000000,2679.92000000,2680.84000000,46.911178,1
1732546800,1732550400,2680.74000000,2687.86000000,2676.70000000,2678.14000000,45.136803,1
1732550400,1732554000,2678.24000000,2678.74000000,2633.68000000,2641.08000000,28.950407,1
1732554000,1732557600,2641.18000000,2641.68000000,2626.08000000,2628.42000000,25.576223,1
1732557600,1732561200,2628.26000000,2639.46000000,2628.26000000,2631.96000000,28.099698,1
1732561200,1732564800,2631.84000000,2634.40000000,2624.56000000,2627.68000000,26.911601,1
1732564800,1732568400,2627.62000000,2628.38000000,2615.67000000,2618.94000000,24.622163,1
1732568400,1732572000,2619.00000000,2626.10000000,2618.48000000,2625.66000000,29.582514,1
1732572000,1732575600,2625.50000000,2628.60000000,2622.82000000,2626.22000000,29.995938,1
1732575600,1732579200,2626.20000000,2628.20000000,2625.06000000,2625.65000000,29.804131,1
1732582800,1732586400,2625.43000000,2628.48000000,2605.23000000,2610.49000000,25.190470,2
1732586400,1732590000,2610.59000000,2624.53000000,2608.59000000,2619.89000000,32.198880,2
1732590000,1732593600,2619.79000000,2632.08000000,2618.03000000,2627.90000000,37.566361,2
1732593600,1732597200,2627.84000000,2630.37000000,2624.72000000,2625.60000000,36.668706,2
1732597200,1732600800,2625.34000000,2630.96000000,2622.92000000,2630.37000000,39.877364,2
1732600800,1732604400,2630.36000000,2631.46000000,2624.91000000,2626.44000000,38.161854,2
1732604400,1732608000,2626.39000000,2626.46000000,2617.91000000,2624.27000000,37.209982,2
1732608000,1732611600,2624.28000000,2626.09000000,2621.10000000,2622.06000000,36.219141,2
1732611600,1732615200,2622.01000000,2622.86000000,2610.80000000,2614.01000000,32.793651,2
1732615200,1732618800,2613.96000000,2618.36000000,2612.44000000,2613.38000000,32.534319,2
1732618800,1732622400,2613.33000000,2627.08000000,2612.87000000,2625.93000000,42.319768,2
1732622400,1732626000,2625.98000000,2633.00000000,2625.12000000,2631.34000000,45.958605,2
1732626000,1732629600,2631.10000000,2633.14000000,2627.65000000,2633.14000000,47.153183,2
1732629600,1732633200,2633.24000000,2634.71000000,2629.31000000,2630.99000000,45.849497,2
1732633200,1732636800,2630.94000000,2641.74000000,2623.82000000,2629.84000000,45.130745,2
1732636800,1732640400,2629.80000000,2633.68000000,2616.70000000,2622.66000000,40.827393,2
1732640400,1732644000,2622.64000000,2632.84000000,2620.10000000,2629.51000000,46.107177,2
1732644000,1732647600,2629.88000000,2631.36000000,2626.46000000,2628.90000000,45.715987,2
1732647600,1732651200,2628.88000000,2628.93000000,2624.82000000,2625.04000000,43.217263,2
1732651200,1732654800,2624.94000000,2625.02000000,2619.55000000,2623.22000000,42.050218,2
1732654800,1732658400,2623.32000000,2628.98000000,2622.44000000,2627.90000000,46.082224,2
1732658400,1732662000,2627.90000000,2632.96000000,2627.50000000,2631.82000000,49.266351,2
1732662000,1732665600,2631.88000000,2633.52000000,2630.82000000,2632.84000000,50.092247,2
1732669200,1732672800,2632.79000000,2634.09000000,2630.74000000,2632.23000000,49.572509,3
1732672800,1732676400,2632.28000000,2633.08000000,2627.23000000,2627.79000000,45.844008,3
1732676400,1732680000,2627.84000000,2632.67000000,2626.96000000,2631.36000000,49.155383,3
1732680000,1732683600,2631.31000000,2640.46000000,2631.08000000,2637.56000000,54.373211,3
1732683600,1732687200,2637.56000000,2639.41000000,2635.84000000,2637.82000000,54.583697,3
1732687200,1732690800,2637.77000000,2640.61000000,2636.62000000,2638.93000000,55.526963,3
1732690800,1732694400,2638.98000000,2645.80000000,2638.17000000,2642.01000000,58.125813,3
1732694400,1732698000,2642.11000000,2647.99000000,2638.98000000,2647.71000000,62.493935,3
1732698000,1732701600,2647.75000000,2648.42000000,2645.91000000,2646.61000000,61.167841,3
1732701600,1732705200,2646.26000000,2653.62000000,2645.19000000,2653.36000000,65.943487,3
1732705200,1732708800,2653.46000000,2653.72000000,2647.79000000,2648.29000000,59.977057,3
1732708800,1732712400,2648.30000000,2649.94000000,2647.68000000,2648.59000000,60.206488,3
1732712400,1732716000,2648.69000000,2652.46000000,2643.18000000,2651.00000000,62.086738,3
1732716000,1732719600,2650.92000000,2654.98000000,2649.64000000,2651.19000000,62.238225,3
1732719600,1732723200,2651.38000000,2658.28000000,2645.74000000,2656.36000000,66.196199,3
1732723200,1732726800,2656.48000000,2656.98000000,2648.96000000,2651.38000000,59.704599,3
1732726800,1732730400,2651.30000000,2651.74000000,2635.62000000,2642.84000000,50.549754,3
1732730400,1732734000,2642.82000000,2644.16000000,2638.22000000,2639.12000000,47.157680,3
1732734000,1732737600,2639.10000000,2642.61000000,2635.16000000,2637.36000000,45.598656,3
1732737600,1732741200,2637.42000000,2640.58000000,2636.64000000,2638.82000000,47.159265,3
1732741200,1732744800,2638.84000000,2639.52000000,2634.02000000,2634.84000000,43.496153,3
1732744800,1732748400,2634.74000000,2639.04000000,2634.32000000,2637.06000000,46.015050,3
1732748400,1732752000,2637.06000000,2637.56000000,2634.86000000,2635.68000000,44.681614,3
1732755600,1732759200,2636.67000000,2637.99000000,2636.23000000,2637.04000000,46.332172,4
1732759200,1732762800,2637.24000000,2638.44000000,2635.14000000,2635.63000000,44.838427,4
1732762800,1732766400,2635.43000000,2636.42000000,2621.02000000,2628.60000000,38.221941,4
1732766400,1732770000,2628.62000000,2630.26000000,2625.68000000,2628.16000000,37.845520,4
1732770000,1732773600,2627.92000000,2632.10000000,2625.76000000,2630.29000000,40.880815,4
1732773600,1732777200,2630.28000000,2633.98000000,2629.31000000,2631.42000000,42.485498,4
1732777200,1732780800,2631.42000000,2633.95000000,2630.24000000,2633.37000000,45.247389,4
1732780800,1732784400,2633.38000000,2639.38000000,2631.84000000,2636.88000000,49.910081,4
1732784400,1732788000,2636.96000000,2639.32000000,2634.68000000,2637.48000000,50.683217,4
1732788000,1732791600,2637.40000000,2646.22000000,2635.72000000,2644.12000000,58.345654,4
1732791600,1732795200,2644.14000000,2647.86000000,2642.74000000,2646.11000000,60.334734,4
1732795200,1732798800,2646.54000000,2649.82000000,2644.81000000,2647.50000000,61.710114,4
1732798800,1732802400,2647.54000000,2649.44000000,2644.84000000,2646.90000000,60.731198,4
1732802400,1732806000,2647.04000000,2647.17000000,2643.88000000,2645.82000000,58.919423,4
1732806000,1732809600,2645.84000000,2647.71000000,2642.85000000,2647.07000000,60.392223,4
1732809600,1732813200,2646.84000000,2648.02000000,2640.82000000,2641.44000000,51.445959,4
1732813200,1732816800,2641.32000000,2643.07000000,2636.38000000,2638.06000000,46.949367,4
1732816800,1732820400,2637.96000000,2642.42000000,2637.54000000,2641.88000000,52.050298,4
1732820400,1732824000,2641.98000000,2642.19000000,2639.48000000,2640.92000000,50.730165,4
1732824000,1732827600,2640.88000000,2641.54000000,2639.54000000,2639.92000000,49.326737,4
1732827600,1732831200,2639.79000000,2640.07000000,2637.22000000,2637.58000000,46.112048,4
1732842000,1732845600,2638.44000000,2639.19000000,2637.19000000,2638.73000000,47.908798,5
1732845600,1732849200,2638.73000000,2639.08000000,2635.58000000,2635.98000000,44.120405,5
1732849200,1732852800,2636.03000000,2647.15000000,2633.92000000,2644.92000000,56.236032,5
1732852800,1732856400,2644.87000000,2662.50000000,2644.87000000,2657.42000000,67.007317,5
1732856400,1732860000,2657.28000000,2660.71000000,2654.92000000,2659.96000000,68.693459,5
1732860000,1732863600,2660.16000000,2664.68000000,2658.34000000,2659.89000000,68.589423,5
1732863600,1732867200,2659.79000000,2663.89000000,2659.28000000,2662.31000000,70.265997,5
1732867200,1732870800,2662.26000000,2666.18000000,2661.72000000,2665.34000000,72.262312,5
1732870800,1732874400,2665.23000000,2665.56000000,2659.07000000,2660.56000000,64.863745,5
1732874400,1732878000,2660.56000000,2662.53000000,2654.52000000,2657.27000000,60.288415,5
1732878000,1732881600,2657.24000000,2664.47000000,2655.70000000,2664.11000000,65.704682,5
1732881600,1732885200,2663.98000000,2665.78000000,2661.24000000,2662.66000000,63.720602,5
1732885200,1732888800,2662.58000000,2664.18000000,2659.54000000,2659.54000000,59.553433,5
1732888800,1732892400,2659.54000000,2664.98000000,2658.98000000,2660.04000000,60.004841,5
1732892400,1732896000,2660.44000000,2663.23000000,2656.14000000,2657.90000000,57.069107,5
1732896000,1732899600,2658.00000000,2662.76000000,2651.85000000,2653.62000000,51.628646,5
1732899600,1732903200,2653.74000000,2658.78000000,2650.64000000,2658.78000000,56.956288,5
1732903200,1732906800,2659.18000000,2662.09000000,2657.94000000,2661.99000000,59.914149,5
1732906800,1732910400,2661.98000000,2662.08000000,2657.64000000,2660.82000000,58.340515,5
1732910400,1732914000,2660.74000000,2660.74000000,2651.98000000,2652.90000000,48.965197,5
1732914000,1732917600,2652.78000000,2653.22000000,2648.72000000,2650.99000000,47.003470,5
1733101200,1733104800,2652.62000000,2652.68000000,2643.14000000,2645.79000000,42.062616,1
1733104800,1733108400,2646.04000000,2647.58000000,2629.98000000,2637.44000000,35.592673,1
1733108400,1733112000,2637.54000000,2639.06000000,2622.76000000,2635.70000000,34.405063,1
1733112000,1733115600,2635.70000000,2637.90000000,2625.46000000,2626.92000000,29.124277,1
1733115600,1733119200,2627.12000000,2631.08000000,2624.22000000,2629.18000000,32.016797,1
1733119200,1733122800,2629.18000000,2630.34000000,2626.26000000,2628.38000000,31.526321,1
1733122800,1733126400,2628.28000000,2628.58000000,2621.78000000,2623.26000000,28.515492,1
1733126400,1733130000,2623.24000000,2627.58000000,2621.76000000,2625.78000000,31.959737,1
1733130000,1733133600,2625.88000000,2633.54000000,2625.08000000,2630.02000000,37.422938,1
1733133600,1733137200,2629.94000000,2632.68000000,2626.66000000,2629.46000000,37.000373,1
1733137200,1733140800,2629.20000000,2636.66000000,2628.74000000,2633.74000000,42.357586,1
1733140800,1733144400,2633.72000000,2637.68000000,2633.50000000,2635.68000000,44.654912,1
1733144400,1733148000,2635.68000000,2646.18000000,2635.48000000,2642.02000000,51.463006,1
1733148000,1733151600,2641.92000000,2644.98000000,2639.14000000,2641.14000000,50.533812,1
1733151600,1733155200,2640.56000000,2648.72000000,2636.94000000,2646.88000000,56.101502,1
1733155200,1733158800,2646.88000000,2651.48000000,2642.66000000,2645.66000000,54.692451,1
1733158800,1733162400,2644.03000000,2649.26000000,2640.34000000,2642.28000000,50.879702,1
1733162400,1733166000,2642.28000000,2644.26000000,2638.56000000,2641.52000000,50.035071,1
1733166000,1733169600,2641.52000000,2641.96000000,2637.44000000,2638.69000000,46.912121,1
1733169600,1733173200,2638.60000000,2638.70000000,2633.64000000,2636.86000000,44.958020,1
1733173200,1733176800,2636.88000000,2640.08000000,2636.46000000,2637.76000000,46.146126,1
1733176800,1733180400,2637.65000000,2644.28000000,2635.38000000,2637.24000000,45.534554,1
1733180400,1733184000,2637.24000000,2638.99000000,2636.56000000,2638.92000000,47.935300,1
1733187600,1733191200,2638.89000000,2642.84000000,2638.69000000,2642.18000000,52.326612,2
1733191200,1733194800,2642.13000000,2644.24000000,2640.59000000,2641.14000000,50.853050,2
1733194800,1733198400,2641.14000000,2645.38000000,2634.24000000,2636.38000000,44.654762,2
1733198400,1733202000,2636.28000000,2638.91000000,2634.56000000,2636.98000000,45.555580,2
1733202000,1733205600,2636.88000000,2640.48000000,2636.18000000,2640.28000000,50.342831,2
1733205600,1733209200,2640.28000000,2642.98000000,2638.34000000,2639.94000000,49.856420,2
1733209200,1733212800,2640.02000000,2641.96000000,2637.24000000,2641.20000000,51.718189,2
1733212800,1733216400,2641.40000000,2649.90000000,2641.25000000,2646.90000000,59.113830,2
1733216400,1733220000,2647.00000000,2647.64000000,2644.38000000,2644.70000000,55.575425,2
1733220000,1733223600,2644.60000000,2645.54000000,2639.32000000,2644.90000000,55.834244,2
1733223600,1733227200,2645.08000000,2647.95000000,2643.94000000,2644.06000000,54.400699,2
1733227200,1733230800,2644.04000000,2645.46000000,2642.54000000,2642.94000000,52.466435,2
1733230800,1733234400,2642.80000000,2645.49000000,2642.64000000,2643.60000000,53.515329,2
1733234400,1733238000,2643.64000000,2644.26000000,2638.14000000,2639.81000000,47.089421,2
1733238000,1733241600,2639.94000000,2653.74000000,2637.83000000,2652.77000000,63.312282,2
1733241600,1733245200,2652.78000000,2655.64000000,2645.76000000,2646.58000000,54.687582,2
1733245200,1733248800,2646.68000000,2646.98000000,2635.14000000,2640.39000000,47.691124,2
1733248800,1733252400,2640.18000000,2648.48000000,2638.94000000,2648.18000000,55.420679,2
1733252400,1733256000,2648.16000000,2648.74000000,2643.52000000,2646.88000000,53.986977,2
1733256000,1733259600,2646.90000000,2648.99000000,2643.26000000,2645.58000000,52.523699,2
1733259600,1733263200,2645.78000000,2646.24000000,2640.18000000,2641.04000000,47.664852,2
1733263200,1733266800,2641.04000000,2644.06000000,2640.76000000,2642.24000000,49.007597,2
1733266800,1733270400,2642.42000000,2643.93000000,2641.99000000,2643.66000000,50.622048,2
1733274000,1733277600,2643.28000000,2643.28000000,2641.14000000,2642.68000000,49.458242,3
1733277600,1733281200,2642.73000000,2643.48000000,2639.64000000,2640.51000000,46.887737,3
1733281200,1733284800,2640.38000000,2643.17000000,2637.58000000,2642.08000000,48.954826,3
1733284800,1733288400,2641.98000000,2647.91000000,2641.73000000,2645.78000000,53.543599,3
1733288400,1733292000,2645.75000000,2647.71000000,2643.14000000,2644.45000000,51.742955,3
1733292000,1733295600,2644.44000000,2648.48000000,2643.77000000,2648.28000000,56.300476,3
1733295600,1733299200,2648.28000000,2651.13000000,2647.56000000,2649.76000000,57.953010,3
1733299200,1733302800,2649.87000000,2651.40000000,2647.34000000,2649.22000000,57.104493,3
1733302800,1733306400,2649.26000000,2649.26000000,2640.36000000,2641.43000000,46.522327,3
1733306400,1733310000,2641.38000000,2642.24000000,2636.74000000,2641.52000000,46.645344,3
1733310000,1733313600,2641.52000000,2642.76000000,2638.64000000,2640.76000000,45.689545,3
1733313600,1733317200,2640.86000000,2644.54000000,2640.10000000,2644.20000000,50.621567,3
1733317200,1733320800,2644.20000000,2647.55000000,2643.54000000,2646.08000000,53.126812,3
1733320800,1733324400,2646.10000000,2646.48000000,2636.13000000,2637.16000000,42.189534,3
1733324400,1733328000,2636.74000000,2649.00000000,2632.44000000,2648.38000000,54.795811,3
1733328000,1733331600,2648.28000000,2653.62000000,2645.22000000,2649.44000000,55.776942,3
1733331600,1733335200,2649.54000000,2656.88000000,2648.96000000,2654.66000000,60.341830,3
1733335200,1733338800,2654.74000000,2655.64000000,2647.08000000,2649.82000000,54.703435,3
1733338800,1733342400,2649.84000000,2652.73000000,2648.42000000,2651.39000000,56.135265,3
1733342400,1733346000,2651.20000000,2652.80000000,2648.70000000,2649.16000000,53.546190,3
1733346000,1733349600,2648.72000000,2655.22000000,2647.06000000,2651.58000000,55.922074,3
1733349600,1733353200,2651.48000000,2652.02000000,2648.00000000,2650.12000000,54.123565,3
1733353200,1733356800,2650.32000000,2651.10000000,2648.96000000,2649.77000000,53.677884,3
1733360400,1733364000,2649.96000000,2651.48000000,2648.73000000,2650.37000000,54.371536,4
1733364000,1733367600,2650.42000000,2650.42000000,2647.87000000,2648.44000000,51.690193,4
1733367600,1733371200,2648.44000000,2650.58000000,2646.16000000,2647.22000000,50.011251,4
1733371200,1733374800,2647.14000000,2649.58000000,2645.42000000,2646.62000000,49.165459,4
1733374800,1733378400,2646.62000000,2649.10000000,2644.72000000,2648.70000000,52.184451,4
1733378400,1733382000,2648.70000000,2649.50000000,2645.92000000,2646.44000000,48.793695,4
1733382000,1733385600,2646.42000000,2655.34000000,2645.72000000,2653.16000000,57.612987,4
1733385600,1733389200,2653.06000000,2653.96000000,2646.72000000,2647.02000000,49.264165,4
1733389200,1733392800,2647.00000000,2650.78000000,2645.52000000,2648.56000000,51.175258,4
1733392800,1733396400,2648.66000000,2649.98000000,2641.86000000,2643.24000000,44.885313,4
1733396400,1733400000,2643.22000000,2645.96000000,2642.04000000,2644.60000000,46.689219,4
1733400000,1733403600,2644.50000000,2650.18000000,2644.50000000,2648.60000000,51.696801,4
1733403600,1733407200,2648.50000000,2652.51000000,2648.22000000,2651.52000000,55.018459,4
1733407200,1733410800,2651.60000000,2653.20000000,2647.36000000,2653.08000000,56.730399,4
1733410800,1733414400,2653.30000000,2654.64000000,2644.42000000,2648.96000000,51.189362,4
1733414400,1733418000,2648.70000000,2650.04000000,2639.52000000,2640.42000000,42.026281,4
1733418000,1733421600,2640.32000000,2641.82000000,2631.98000000,2640.07000000,41.696853,4
1733421600,1733425200,2640.30000000,2643.19000000,2633.02000000,2635.32000000,37.410900,4
1733425200,1733428800,2635.34000000,2636.02000000,2623.86000000,2628.08000000,32.010072,4
1733428800,1733432400,2628.16000000,2629.48000000,2623.54000000,2629.39000000,33.870342,4
1733432400,1733436000,2629.47000000,2631.54000000,2628.76000000,2629.94000000,34.678439,4
1733436000,1733439600,2629.84000000,2631.60000000,2628.13000000,2631.18000000,36.560658,4
1733439600,1733443200,2631.16000000,2632.28000000,2631.00000000,2632.05000000,37.912421,4
1733446800,1733450400,2632.04000000,2633.83000000,2631.56000000,2633.82000000,40.681715,5
1733450400,1733454000,2633.86000000,2633.86000000,2628.24000000,2628.54000000,35.583087,5
1733454000,1733457600,2628.59000000,2630.70000000,2613.17000000,2617.70000000,27.862446,5
1733457600,1733461200,2617.64000000,2625.56000000,2617.10000000,2625.36000000,38.085614,5
1733461200,1733464800,2625.20000000,2642.42000000,2624.78000000,2640.64000000,52.535699,5
1733464800,1733468400,2640.64000000,2644.54000000,2640.03000000,2642.22000000,53.738023,5
1733468400,1733472000,2642.12000000,2642.84000000,2635.20000000,2637.72000000,49.863839,5
1733472000,1733475600,2637.72000000,2642.25000000,2636.29000000,2639.54000000,51.390230,5
1733475600,1733479200,2639.36000000,2640.11000000,2636.12000000,2639.75000000,51.573432,5
1733479200,1733482800,2639.60000000,2645.36000000,2637.86000000,2644.10000000,55.329095,5
1733482800,1733486400,2644.17000000,2645.72000000,2639.77000000,2640.71000000,51.947931,5
1733486400,1733490000,2641.04000000,2641.06000000,2633.56000000,2634.11000000,46.047933,5
1733490000,1733493600,2634.22000000,2639.17000000,2632.62000000,2638.30000000,49.935420,5
1733493600,1733497200,2638.20000000,2641.36000000,2635.76000000,2638.62000000,50.230368,5
1733497200,1733500800,2638.62000000,2643.56000000,2631.04000000,2635.94000000,47.696016,5
1733500800,1733504400,2635.92000000,2639.06000000,2624.20000000,2635.42000000,47.198415,5
1733504400,1733508000,2635.32000000,2640.40000000,2632.42000000,2637.40000000,49.364621,5
1733508000,1733511600,2637.42000000,2641.42000000,2635.62000000,2640.38000000,52.521688,5
1733511600,1733515200,2640.30000000,2640.80000000,2634.22000000,2634.96000000,46.805643,5
1733515200,1733518800,2634.92000000,2638.94000000,2634.12000000,2637.16000000,49.221360,5
1733518800,1733522400,2637.20000000,2637.20000000,2633.14000000,2634.68000000,46.649534,5
1733522400,1733526000,2634.80000000,2636.20000000,2631.70000000,2632.04000000,44.013158,5
1733526000,1733529600,2632.04000000,2633.82000000,2631.22000000,2632.64000000,44.777015,5
1733706000,1733709600,2645.29000000,2648.40000000,2636.16000000,2639.98000000,53.190723,1
1733709600,1733713200,2639.88000000,2639.98000000,2627.49000000,2630.90000000,44.215993,1
1733713200,1733716800,2630.98000000,2650.38000000,2630.93000000,2646.50000000,57.487624,1
1733716800,1733720400,2646.50000000,2648.50000000,2641.04000000,2645.92000000,56.945174,1
1733720400,1733724000,2645.88000000,2646.42000000,2638.26000000,2639.02000000,50.803527,1
1733724000,1733727600,2639.02000000,2639.52000000,2634.56000000,2636.10000000,48.423392,1
1733727600,1733731200,2636.10000000,2640.18000000,2635.86000000,2638.28000000,50.295628,1
1733731200,1733734800,2638.60000000,2644.27000000,2638.38000000,2643.68000000,54.683797,1
1733734800,1733738400,2643.58000000,2651.26000000,2642.88000000,2650.38000000,59.465468,1
1733738400,1733742000,2650.50000000,2650.98000000,2646.04000000,2649.18000000,58.279339,1
1733742000,1733745600,2649.10000000,2657.28000000,2648.68000000,2655.40000000,62.459222,1
1733745600,1733749200,2655.48000000,2658.49000000,2653.51000000,2657.46000000,63.754401,1
1733749200,1733752800,2657.38000000,2660.52000000,2653.54000000,2656.28000000,62.425813,1
1733752800,1733756400,2656.23000000,2658.25000000,2653.37000000,2656.08000000,62.189260,1
1733756400,1733760000,2656.28000000,2666.34000000,2654.82000000,2665.32000000,68.187088,1
1733760000,1733763600,2665.44000000,2675.12000000,2662.48000000,2673.82000000,72.507495,1
1733763600,1733767200,2673.84000000,2676.26000000,2666.70000000,2668.42000000,66.343281,1
1733767200,1733770800,2668.40000000,2670.33000000,2665.76000000,2667.54000000,65.367991,1
1733770800,1733774400,2667.56000000,2669.20000000,2663.83000000,2664.64000000,62.126722,1
1733774400,1733778000,2664.72000000,2664.72000000,2661.76000000,2663.14000000,60.456886,1
1733778000,1733781600,2663.04000000,2663.42000000,2658.70000000,2660.18000000,57.190239,1
1733781600,1733785200,2660.26000000,2660.26000000,2656.56000000,2657.96000000,54.798725,1
1733785200,1733788800,2658.10000000,2661.12000000,2657.86000000,2660.04000000,56.628713,1
1733792400,1733796000,2661.33000000,2661.60000000,2659.68000000,2660.54000000,57.078559,2
1733796000,1733799600,2660.44000000,2665.43000000,2657.98000000,2664.93000000,60.911959,2
1733799600,1733803200,2664.93000000,2668.56000000,2660.40000000,2667.45000000,62.957154,2
1733803200,1733806800,2667.28000000,2671.46000000,2666.00000000,2669.03000000,64.221186,2
1733806800,1733810400,2668.84000000,2671.59000000,2665.56000000,2670.02000000,65.026483,2
1733810400,1733814000,2669.80000000,2673.72000000,2669.48000000,2670.03000000,65.035044,2
1733814000,1733817600,2670.20000000,2671.74000000,2668.18000000,2668.68000000,62.800173,2
1733817600,1733821200,2668.74000000,2670.86000000,2665.85000000,2670.03000000,64.127716,2
1733821200,1733824800,2669.96000000,2670.85000000,2663.48000000,2664.64000000,55.596774,2
1733824800,1733828400,2664.63000000,2665.48000000,2661.28000000,2663.08000000,53.383286,2
1733828400,1733832000,2663.00000000,2666.85000000,2661.58000000,2664.78000000,55.464162,2
1733832000,1733835600,2665.05000000,2676.79000000,2664.40000000,2675.30000000,65.675093,2
1733835600,1733839200,2675.30000000,2675.30000000,2669.92000000,2674.30000000,64.169006,2
1733839200,1733842800,2674.56000000,2679.34000000,2672.88000000,2677.60000000,66.869113,2
1733842800,1733846400,2677.70000000,2682.00000000,2672.14000000,2680.28000000,68.917640,2
1733846400,1733850000,2680.47000000,2691.88000000,2679.40000000,2689.10000000,74.504740,2
1733850000,1733853600,2689.00000000,2690.24000000,2684.58000000,2687.22000000,71.552372,2
1733853600,1733857200,2687.04000000,2692.74000000,2684.82000000,2692.54000000,74.617568,2
1733857200,1733860800,2692.39000000,2695.66000000,2690.54000000,2694.18000000,75.494163,2
1733860800,1733864400,2694.18000000,2695.14000000,2691.70000000,2692.39000000,72.549121,2
1733864400,1733868000,2692.62000000,2694.46000000,2691.10000000,2692.14000000,72.125925,2
1733868000,1733871600,2692.20000000,2693.00000000,2691.02000000,2691.69000000,71.319481,2
1733871600,1733875200,2691.84000000,2694.37000000,2691.56000000,2693.97000000,72.968623,2
1733878800,1733882400,2693.99000000,2698.24000000,2693.68000000,2695.94000000,74.341461,3
1733882400,1733886000,2695.84000000,2701.73000000,2693.59000000,2700.88000000,77.436103,3
1733886000,1733889600,2700.82000000,2703.64000000,2696.53000000,2700.22000000,76.115258,3
1733889600,1733893200,2700.41000000,2704.37000000,2698.28000000,2699.07000000,73.754584,3
1733893200,1733896800,2699.08000000,2702.74000000,2692.75000000,2696.34000000,68.336259,3
1733896800,1733900400,2696.33000000,2697.10000000,2683.03000000,2684.64000000,51.032790,3
1733900400,1733904000,2684.66000000,2694.17000000,2675.55000000,2688.03000000,54.618379,3
1733904000,1733907600,2688.17000000,2698.27000000,2681.36000000,2696.44000000,62.043768,3
1733907600,1733911200,2696.47000000,2696.60000000,2687.94000000,2689.89000000,54.556616,3
1733911200,1733914800,2689.90000000,2696.20000000,2688.28000000,2691.03000000,55.561750,3
1733914800,1733918400,2691.03000000,2695.95000000,2686.31000000,2695.67000000,59.489290,3
1733918400,1733922000,2695.73000000,2699.80000000,2692.31000000,2694.44000000,58.025251,3
1733922000,1733925600,2694.42000000,2697.65000000,2692.66000000,2696.52000000,59.825796,3
1733925600,1733929200,2696.50000000,2697.44000000,2693.73000000,2695.68000000,58.730132,3
1733929200,1733932800,2695.73000000,2702.04000000,2690.55000000,2700.96000000,63.282165,3
1733932800,1733936400,2700.98000000,2706.90000000,2696.52000000,2706.30000000,67.220127,3
1733936400,1733940000,2706.34000000,2715.92000000,2705.56000000,2713.15000000,71.450062,3
1733940000,1733943600,2713.14000000,2718.50000000,2711.14000000,2715.26000000,72.622000,3
1733943600,1733947200,2715.23000000,2719.94000000,2714.01000000,2718.03000000,74.123702,3
1733947200,1733950800,2718.01000000,2721.08000000,2713.90000000,2714.17000000,68.486313,3
1733950800,1733954400,2714.09000000,2719.69000000,2713.31000000,2718.03000000,70.872014,3
1733954400,1733958000,2718.09000000,2720.11000000,2716.06000000,2717.17000000,69.607657,3
1733958000,1733961600,2717.19000000,2718.74000000,2716.02000000,2718.02000000,70.174020,3
1733965200,1733968800,2717.94000000,2720.38000000,2717.02000000,2720.02000000,71.518899,4
1733968800,1733972400,2720.01000000,2724.44000000,2718.88000000,2724.19000000,74.137392,4
1733972400,1733976000,2724.21000000,2726.10000000,2700.52000000,2711.09000000,56.548587,4
1733976000,1733979600,2710.97000000,2711.54000000,2703.78000000,2705.87000000,51.323438,4
1733979600,1733983200,2705.89000000,2711.43000000,2705.22000000,2710.46000000,55.239908,4
1733983200,1733986800,2710.44000000,2715.96000000,2709.70000000,2712.59000000,56.970109,4
1733986800,1733990400,2712.65000000,2716.49000000,2711.59000000,2713.47000000,57.697651,4
1733990400,1733994000,2713.45000000,2718.60000000,2710.15000000,2718.54000000,61.714052,4
1733994000,1733997600,2718.53000000,2720.38000000,2715.34000000,2716.20000000,58.932911,4
1733997600,1734001200,2716.29000000,2719.40000000,2714.92000000,2718.03000000,60.434581,4
1734001200,1734004800,2718.06000000,2718.78000000,2714.06000000,2714.76000000,56.461611,4
1734004800,1734008400,2714.71000000,2715.68000000,2709.79000000,2711.54000000,52.781947,4
1734008400,1734012000,2711.57000000,2713.49000000,2707.34000000,2710.78000000,51.921850,4
1734012000,1734015600,2710.83000000,2712.44000000,2706.01000000,2706.67000000,47.421464,4
1734015600,1734019200,2706.77000000,2711.47000000,2697.37000000,2697.54000000,39.277169,4
1734019200,1734022800,2697.58000000,2699.54000000,2680.94000000,2686.55000000,32.125061,4
1734022800,1734026400,2686.48000000,2688.21000000,2675.13000000,2679.73000000,28.639800,4
1734026400,1734030000,2679.68000000,2683.80000000,2677.35000000,2683.48000000,32.947429,4
1734030000,1734033600,2683.52000000,2686.57000000,2681.43000000,2686.31000000,36.083151,4
1734033600,1734037200,2686.29000000,2687.00000000,2682.83000000,2684.18000000,34.765359,4
1734037200,1734040800,2684.16000000,2686.75000000,2682.50000000,2682.94000000,33.987172,4
1734040800,1734044400,2682.99000000,2683.52000000,2679.40000000,2679.73000000,31.990848,4
1734044400,1734048000,2679.70000000,2682.93000000,2679.63000000,2680.69000000,33.253534,4
1734051600,1734055200,2680.96000000,2681.61000000,2679.92000000,2680.69000000,33.253534,5
1734055200,1734058800,2680.70000000,2685.67000000,2678.90000000,2685.57000000,39.838648,5
1734058800,1734062400,2685.53000000,2692.77000000,2685.45000000,2689.90000000,45.021630,5
1734062400,1734066000,2689.91000000,2691.26000000,2684.27000000,2686.60000000,42.048440,5
1734066000,1734069600,2686.56000000,2691.31000000,2686.02000000,2688.15000000,43.921703,5
1734069600,1734073200,2688.03000000,2688.67000000,2685.49000000,2687.32000000,43.117949,5
1734073200,1734076800,2687.41000000,2689.44000000,2685.14000000,2688.30000000,44.411435,5
1734076800,1734080400,2688.52000000,2690.55000000,2683.30000000,2689.60000000,46.160436,5
1734080400,1734084000,2689.58000000,2690.16000000,2681.13000000,2683.20000000,39.561179,5
1734084000,1734087600,2683.01000000,2684.71000000,2674.48000000,2675.00000000,33.043039,5
1734087600,1734091200,2674.89000000,2677.06000000,2667.48000000,2668.90000000,29.190111,5
1734091200,1734094800,2668.92000000,2670.12000000,2665.07000000,2666.68000000,27.914414,5
1734094800,1734098400,2666.67000000,2669.49000000,2664.36000000,2664.92000000,26.910320,5
1734098400,1734102000,2664.84000000,2672.64000000,2662.88000000,2672.37000000,37.206766,5
1734102000,1734105600,2672.37000000,2672.91000000,2659.57000000,2662.10000000,30.771349,5
1734105600,1734109200,2662.15000000,2663.93000000,2657.34000000,2660.20000000,29.746275,5
1734109200,1734112800,2660.22000000,2662.70000000,2654.65000000,2659.93000000,29.595396,5
1734112800,1734116400,2659.69000000,2664.49000000,2658.86000000,2662.09000000,32.543180,5
1734116400,1734120000,2662.21000000,2662.29000000,2655.60000000,2656.23000000,28.996160,5
1734120000,1734123600,2656.28000000,2657.03000000,2652.18000000,2654.17000000,27.847113,5
1734123600,1734127200,2654.34000000,2655.22000000,2652.27000000,2652.96000000,27.166142,5
1734127200,1734130800,2652.97000000,2653.47000000,2646.44000000,2647.85000000,24.447214,5
1734130800,1734134400,2647.93000000,2649.94000000,2646.11000000,2648.61000000,25.639254,5
1734310800,1734314400,2650.41000000,2653.02000000,2648.65000000,2651.40000000,30.005230,1
1734314400,1734318000,2651.39000000,2651.70000000,2643.52000000,2647.15000000,27.369096,1
1734318000,1734321600,2647.11000000,2655.57000000,2646.74000000,2653.46000000,36.315154,1
1734321600,1734325200,2653.38000000,2654.74000000,2650.46000000,2651.90000000,35.162061,1
1734325200,1734328800,2651.92000000,2655.59000000,2651.76000000,2653.80000000,37.754441,1
1734328800,1734332400,2653.70000000,2654.48000000,2651.98000000,2652.77000000,36.893278,1
1734332400,1734336000,2652.73000000,2653.42000000,2649.51000000,2652.83000000,36.983450,1
1734336000,1734339600,2652.76000000,2654.80000000,2652.12000000,2653.63000000,38.250379,1
1734339600,1734343200,2653.63000000,2655.82000000,2651.67000000,2653.67000000,38.317155,1
1734343200,1734346800,2653.76000000,2662.01000000,2652.31000000,2658.01000000,45.236828,1
1734346800,1734350400,2657.88000000,2660.06000000,2655.76000000,2658.07000000,45.328141,1
1734350400,1734354000,2658.15000000,2661.10000000,2657.96000000,2658.77000000,46.449988,1
1734354000,1734357600,2658.79000000,2664.12000000,2657.73000000,2663.53000000,53.445579,1
1734357600,1734361200,2663.58000000,2664.32000000,2657.43000000,2660.02000000,48.422218,1
1734361200,1734364800,2660.02000000,2664.21000000,2658.84000000,2661.88000000,51.047913,1
1734364800,1734368400,2662.04000000,2663.01000000,2654.32000000,2654.78000000,42.213746,1
1734368400,1734372000,2654.79000000,2656.90000000,2650.84000000,2654.39000000,41.785978,1
1734372000,1734375600,2654.37000000,2655.76000000,2648.58000000,2652.16000000,39.331704,1
1734375600,1734379200,2652.15000000,2655.32000000,2651.87000000,2652.05000000,39.209368,1
1734379200,1734382800,2652.03000000,2655.58000000,2651.29000000,2655.30000000,44.683807,1
1734382800,1734386400,2655.31000000,2655.72000000,2652.14000000,2653.24000000,42.096110,1
1734386400,1734390000,2653.20000000,2653.52000000,2651.88000000,2652.68000000,41.394316,1
1734390000,1734393600,2652.80000000,2653.04000000,2651.45000000,2652.58000000,41.262030,1
1734397200,1734400800,2652.77000000,2652.92000000,2651.61000000,2651.68000000,40.022366,2
1734400800,1734404400,2651.69000000,2655.39000000,2651.10000000,2655.23000000,46.810492,2
1734404400,1734408000,2655.18000000,2658.61000000,2654.34000000,2658.05000000,51.505718,2
1734408000,1734411600,2657.78000000,2658.58000000,2653.91000000,2654.91000000,46.575632,2
1734411600,1734415200,2654.90000000,2656.13000000,2651.22000000,2653.54000000,44.571033,2
1734415200,1734418800,2653.52000000,2655.27000000,2650.93000000,2651.72000000,41.985762,2
1734418800,1734422400,2651.73000000,2654.77000000,2649.17000000,2653.68000000,45.642409,2
1734422400,1734426000,2653.75000000,2654.63000000,2646.44000000,2648.84000000,39.090166,2
1734426000,1734429600,2648.87000000,2657.03000000,2648.19000000,2653.70000000,47.275061,2
1734429600,1734433200,2653.60000000,2653.69000000,2641.57000000,2644.13000000,36.791036,2
1734433200,1734436800,2644.10000000,2646.02000000,2638.03000000,2639.70000000,33.128559,2
1734436800,1734440400,2639.66000000,2643.17000000,2638.07000000,2638.19000000,31.960656,2
1734440400,1734444000,2638.17000000,2642.48000000,2636.16000000,2642.20000000,38.192249,2
1734444000,1734447600,2642.17000000,2645.47000000,2640.70000000,2642.77000000,39.046824,2
1734447600,1734451200,2642.78000000,2646.86000000,2634.73000000,2637.02000000,33.947701,2
1734451200,1734454800,2637.03000000,2641.95000000,2633.07000000,2636.72000000,33.700424,2
1734454800,1734458400,2636.71000000,2642.90000000,2635.89000000,2640.13000000,39.128027,2
1734458400,1734462000,2640.11000000,2641.46000000,2636.69000000,2638.84000000,37.865161,2
1734462000,1734465600,2638.80000000,2647.03000000,2637.88000000,2645.95000000,47.854768,2
1734465600,1734469200,2645.94000000,2649.02000000,2644.97000000,2647.29000000,49.502560,2
1734469200,1734472800,2647.29000000,2648.19000000,2645.18000000,2645.35000000,47.178162,2
1734472800,1734476400,2645.42000000,2646.87000000,2643.07000000,2643.52000000,45.030228,2
1734476400,1734480000,2643.58000000,2646.42000000,2643.53000000,2646.30000000,48.840734,2
1734483600,1734487200,2645.34000000,2647.66000000,2644.78000000,2647.42000000,50.334463,3
1734487200,1734490800,2647.43000000,2650.28000000,2646.54000000,2650.01000000,53.701016,3
1734490800,1734494400,2649.95000000,2651.67000000,2648.02000000,2650.90000000,54.833982,3
1734494400,1734498000,2650.93000000,2651.02000000,2646.98000000,2647.39000000,49.671543,3
1734498000,1734501600,2647.30000000,2648.80000000,2645.29000000,2645.72000000,47.385699,3
1734501600,1734505200,2645.65000000,2645.81000000,2642.67000000,2645.14000000,46.583890,3
1734505200,1734508800,2645.12000000,2649.42000000,2643.87000000,2647.43000000,50.169099,3
1734508800,1734512400,2647.40000000,2647.94000000,2644.50000000,2646.69000000,49.024029,3
1734512400,1734516000,2646.67000000,2647.34000000,2643.29000000,2644.73000000,46.027476,3
1734516000,1734519600,2644.63000000,2649.62000000,2642.14000000,2647.98000000,51.338855,3
1734519600,1734523200,2647.89000000,2649.22000000,2645.46000000,2646.78000000,49.405582,3
1734523200,1734526800,2646.80000000,2649.38000000,2646.18000000,2648.39000000,52.016357,3
1734526800,1734530400,2648.39000000,2649.28000000,2645.85000000,2646.18000000,48.329705,3
1734530400,1734534000,2646.00000000,2647.70000000,2643.44000000,2643.97000000,44.902447,3
1734534000,1734537600,2643.94000000,2647.50000000,2641.18000000,2643.93000000,44.840466,3
1734537600,1734541200,2643.95000000,2644.66000000,2637.00000000,2637.93000000,36.664995,3
1734541200,1734544800,2637.68000000,2638.35000000,2633.84000000,2638.20000000,37.219701,3
1734544800,1734548400,2638.16000000,2639.51000000,2633.06000000,2634.72000000,33.185414,3
1734548400,1734552000,2634.74000000,2640.01000000,2634.64000000,2636.01000000,35.956586,3
1734552000,1734555600,2636.03000000,2638.94000000,2635.27000000,2636.71000000,37.472098,3
1734555600,1734559200,2636.66000000,2636.66000000,2604.07000000,2604.43000000,17.227114,3
1734559200,1734562800,2604.54000000,2609.28000000,2587.23000000,2592.44000000,14.165725,3
1734562800,1734566400,2592.65000000,2595.38000000,2583.71000000,2585.67000000,12.784272,3
1734570000,1734573600,2585.03000000,2592.25000000,2583.46000000,2588.12000000,15.977678,4
1734573600,1734577200,2588.21000000,2597.04000000,2587.94000000,2595.09000000,24.452504,4
1734577200,1734580800,2595.27000000,2618.06000000,2593.35000000,2611.86000000,40.105802,4
1734580800,1734584400,2611.85000000,2613.92000000,2606.25000000,2612.12000000,40.312290,4
1734584400,1734588000,2612.04000000,2613.35000000,2607.60000000,2610.37000000,39.329461,4
1734588000,1734591600,2610.37000000,2611.43000000,2607.00000000,2609.25000000,38.679501,4
1734591600,1734595200,2609.22000000,2610.42000000,2606.54000000,2607.26000000,37.493873,4
1734595200,1734598800,2607.18000000,2614.10000000,2603.33000000,2612.97000000,42.902105,4
1734598800,1734602400,2613.03000000,2622.60000000,2611.75000000,2616.52000000,46.028707,4
1734602400,1734606000,2616.57000000,2619.20000000,2613.22000000,2618.50000000,47.747336,4
1734606000,1734609600,2618.57000000,2622.89000000,2618.45000000,2620.35000000,49.369602,4
1734609600,1734613200,2620.34000000,2626.43000000,2617.36000000,2619.46000000,48.588071,4
1734613200,1734616800,2619.39000000,2621.92000000,2616.11000000,2616.78000000,46.215581,4
1734616800,1734620400,2616.74000000,2616.74000000,2604.34000000,2606.19000000,38.264643,4
1734620400,1734624000,2606.09000000,2606.10000000,2595.26000000,2596.31000000,32.625282,4
1734624000,1734627600,2596.29000000,2600.76000000,2591.95000000,2592.40000000,30.697158,4
1734627600,1734631200,2592.34000000,2595.94000000,2586.99000000,2588.43000000,28.833862,4
1734631200,1734634800,2588.28000000,2596.62000000,2587.18000000,2591.70000000,32.469857,4
1734634800,1734638400,2591.74000000,2594.18000000,2590.72000000,2592.60000000,33.477251,4
1734638400,1734642000,2592.65000000,2599.93000000,2591.87000000,2599.76000000,41.015877,4
1734642000,1734645600,2599.66000000,2601.00000000,2596.73000000,2596.77000000,39.026904,4
1734645600,1734649200,2596.88000000,2600.29000000,2596.48000000,2596.82000000,39.080105,4
1734649200,1734652800,2596.75000000,2597.02000000,2593.23000000,2594.49000000,37.440665,4
1734656400,1734660000,2594.66000000,2595.82000000,2592.26000000,2593.55000000,36.770478,5
1734660000,1734663600,2593.55000000,2595.35000000,2590.53000000,2590.83000000,34.827787,5
1734663600,1734667200,2590.84000000,2603.87000000,2589.58000000,2603.85000000,48.778175,5
1734667200,1734670800,2603.82000000,2604.00000000,2595.58000000,2597.09000000,43.564146,5
1734670800,1734674400,2597.07000000,2599.13000000,2595.78000000,2598.47000000,44.859929,5
1734674400,1734678000,2598.46000000,2600.99000000,2597.43000000,2597.97000000,44.461604,5
1734678000,1734681600,2597.96000000,2601.28000000,2596.50000000,2600.30000000,46.830847,5
1734681600,1734685200,2600.31000000,2605.32000000,2598.89000000,2604.76000000,51.128539,5
1734685200,1734688800,2604.66000000,2607.47000000,2602.39000000,2606.22000000,52.482577,5
1734688800,1734692400,2606.27000000,2607.69000000,2604.26000000,2605.49000000,51.711116,5
1734692400,1734696000,2605.51000000,2606.60000000,2603.16000000,2604.92000000,51.079745,5
1734696000,1734699600,2604.97000000,2606.89000000,2604.01000000,2604.18000000,50.222431,5
1734699600,1734703200,2604.17000000,2604.78000000,2600.11000000,2603.63000000,49.556684,5
1734703200,1734706800,2603.64000000,2606.15000000,2602.19000000,2603.55000000,49.453995,5
1734706800,1734710400,2603.79000000,2614.08000000,2600.62000000,2609.53000000,56.680122,5
1734710400,1734714000,2609.53000000,2618.28000000,2608.50000000,2617.21000000,63.831559,5
1734714000,1734717600,2617.41000000,2631.14000000,2616.41000000,2630.27000000,72.227771,5
1734717600,1734721200,2630.36000000,2631.82000000,2622.40000000,2625.18000000,65.815107,5
1734721200,1734724800,2625.18000000,2627.43000000,2622.20000000,2625.54000000,66.044728,5
1734724800,1734728400,2625.54000000,2627.36000000,2623.47000000,2626.07000000,66.402528,5
1734728400,1734732000,2626.08000000,2629.29000000,2624.96000000,2627.89000000,67.662668,5
1734732000,1734735600,2627.87000000,2628.08000000,2622.23000000,2622.78000000,60.770741,5
1734735600,1734739200,2622.86000000,2624.02000000,2619.23000000,2622.97000000,60.930091,5
1734915600,1734919200,2619.54000000,2624.81000000,2618.73000000,2624.19000000,61.997532,1
1734919200,1734922800,2624.33000000,2625.17000000,2617.38000000,2621.67000000,58.445491,1
1734922800,1734926400,2621.67000000,2624.18000000,2618.38000000,2620.83000000,57.267677,1
1734926400,1734930000,2620.81000000,2627.33000000,2620.60000000,2625.85000000,62.173690,1
1734930000,1734933600,2626.07000000,2627.01000000,2622.31000000,2624.05000000,59.534362,1
1734933600,1734937200,2624.02000000,2626.41000000,2623.86000000,2625.48000000,60.952530,1
1734937200,1734940800,2625.66000000,2629.18000000,2624.97000000,2626.66000000,62.131888,1
1734940800,1734944400,2626.65000000,2632.98000000,2624.54000000,2631.55000000,66.629911,1
1734944400,1734948000,2631.56000000,2633.26000000,2629.44000000,2630.22000000,64.389686,1
1734948000,1734951600,2630.16000000,2632.09000000,2626.03000000,2629.92000000,63.868058,1
1734951600,1734955200,2629.89000000,2630.67000000,2626.03000000,2626.43000000,57.983208,1
1734955200,1734958800,2626.38000000,2626.85000000,2618.99000000,2619.43000000,48.358607,1
1734958800,1734962400,2619.34000000,2620.03000000,2613.04000000,2616.23000000,44.705378,1
1734962400,1734966000,2616.29000000,2618.64000000,2614.08000000,2615.01000000,43.360473,1
1734966000,1734969600,2614.98000000,2619.79000000,2614.01000000,2617.35000000,46.674152,1
1734969600,1734973200,2617.20000000,2619.86000000,2613.70000000,2615.71000000,44.700303,1
1734973200,1734976800,2615.58000000,2616.40000000,2609.29000000,2609.72000000,38.325170,1
1734976800,1734980400,2609.74000000,2616.11000000,2608.13000000,2615.91000000,46.773237,1
1734980400,1734984000,2615.92000000,2616.52000000,2610.70000000,2611.23000000,42.080073,1
1734984000,1734987600,2611.19000000,2612.75000000,2609.94000000,2610.42000000,41.307532,1
1734987600,1734991200,2610.42000000,2612.58000000,2609.62000000,2611.11000000,42.279658,1
1734991200,1734994800,2611.12000000,2612.59000000,2609.13000000,2611.01000000,42.170643,1
1734994800,1734998400,2610.96000000,2613.74000000,2610.24000000,2613.27000000,45.585425,1
1735002000,1735005600,2610.63000000,2616.97000000,2610.63000000,2615.54000000,48.852372,2
1735005600,1735009200,2615.51000000,2617.31000000,2613.49000000,2616.63000000,50.392509,2
1735009200,1735012800,2616.67000000,2617.93000000,2614.53000000,2617.55000000,51.714110,2
1735012800,1735016400,2617.48000000,2620.02000000,2616.66000000,2616.81000000,50.547617,2
1735016400,1735020000,2616.81000000,2618.76000000,2615.66000000,2618.76000000,53.522716,2
1735020000,1735023600,2618.76000000,2620.39000000,2618.26000000,2620.22000000,55.672952,2
1735023600,1735027200,2620.24000000,2621.41000000,2618.31000000,2619.25000000,53.889136,2
1735027200,1735030800,2619.22000000,2619.80000000,2616.41000000,2618.98000000,53.376472,2
1735030800,1735034400,2618.93000000,2621.40000000,2617.90000000,2618.39000000,52.207677,2
1735034400,1735038000,2618.42000000,2619.76000000,2616.73000000,2617.28000000,49.989858,2
1735038000,1735041600,2617.27000000,2618.34000000,2613.38000000,2613.55000000,43.328856,2
1735041600,1735045200,2613.54000000,2617.86000000,2613.10000000,2615.52000000,47.321265,2
1735045200,1735048800,2615.45000000,2616.13000000,2612.38000000,2615.08000000,46.532763,2
1735048800,1735052400,2615.16000000,2616.36000000,2612.53000000,2613.77000000,44.172801,2
1735052400,1735056000,2613.73000000,2614.69000000,2611.38000000,2614.20000000,45.156035,2
1735056000,1735059600,2614.19000000,2617.18000000,2610.14000000,2610.90000000,39.418317,2
1735059600,1735063200,2610.93000000,2613.49000000,2610.04000000,2611.68000000,41.316359,2
1735063200,1735066800,2611.70000000,2617.78000000,2611.55000000,2615.99000000,50.537915,2
1735066800,1735070400,2615.91000000,2619.30000000,2615.20000000,2617.01000000,52.442557,2
1735070400,1735074000,2617.02000000,2617.84000000,2614.70000000,2616.73000000,51.852286,2
1735174800,1735178400,2618.50000000,2620.08000000,2615.01000000,2618.53000000,55.332889,4
1735178400,1735182000,2618.49000000,2622.82000000,2618.49000000,2621.50000000,60.417426,4
1735182000,1735185600,2621.47000000,2627.74000000,2620.85000000,2626.68000000,67.389726,4
1735185600,1735189200,2626.68000000,2627.81000000,2625.79000000,2627.60000000,68.452591,4
1735189200,1735192800,2627.67000000,2629.08000000,2625.75000000,2626.92000000,66.721595,4
1735192800,1735196400,2626.90000000,2629.17000000,2626.29000000,2627.30000000,67.220444,4
1735196400,1735200000,2627.33000000,2628.28000000,2626.05000000,2626.41000000,64.771487,4
1735200000,1735203600,2626.39000000,2627.30000000,2624.61000000,2626.12000000,63.953889,4
1735203600,1735207200,2626.17000000,2629.54000000,2623.56000000,2625.41000000,61.893976,4
1735207200,1735210800,2625.46000000,2629.05000000,2625.10000000,2627.45000000,65.347577,4
1735210800,1735214400,2627.44000000,2628.19000000,2625.84000000,2627.36000000,65.067395,4
1735214400,1735218000,2627.35000000,2629.31000000,2626.76000000,2628.65000000,67.235803,4
1735218000,1735221600,2628.63000000,2629.99000000,2627.76000000,2627.85000000,64.559383,4
1735221600,1735225200,2627.84000000,2628.47000000,2624.71000000,2626.73000000,60.904164,4
1735225200,1735228800,2626.64000000,2631.07000000,2621.69000000,2623.11000000,50.877529,4
1735228800,1735232400,2623.13000000,2630.15000000,2622.49000000,2629.96000000,63.217543,4
1735232400,1735236000,2630.02000000,2639.05000000,2629.06000000,2636.43000000,70.703531,4
1735236000,1735239600,2636.49000000,2636.72000000,2631.44000000,2632.03000000,61.531988,4
1735239600,1735243200,2632.13000000,2632.16000000,2627.93000000,2629.32000000,56.657179,4
1735243200,1735246800,2629.24000000,2635.97000000,2629.20000000,2634.75000000,62.984943,4
1735246800,1735250400,2634.60000000,2635.86000000,2632.70000000,2634.89000000,63.134383,4
1735250400,1735254000,2634.87000000,2636.20000000,2633.68000000,2634.28000000,61.960591,4
1735254000,1735257600,2634.45000000,2634.54000000,2633.21000000,2634.01000000,61.416305,4
1735261200,1735264800,2632.76000000,2634.48000000,2626.44000000,2632.61000000,58.544551,5
1735264800,1735268400,2632.55000000,2634.01000000,2631.34000000,2631.37000000,56.044907,5
1735268400,1735272000,2631.36000000,2633.88000000,2630.69000000,2632.19000000,57.341994,5
1735272000,1735275600,2632.20000000,2633.67000000,2628.90000000,2632.90000000,58.484348,5
1735275600,1735279200,2632.91000000,2635.50000000,2631.63000000,2633.72000000,59.822554,5
1735279200,1735282800,2633.71000000,2634.01000000,2632.00000000,2633.55000000,59.395108,5
1735282800,1735286400,2633.40000000,2634.22000000,2631.35000000,2631.36000000,54.038390,5
1735286400,1735290000,2631.35000000,2636.98000000,2631.29000000,2634.65000000,59.890727,5
1735290000,1735293600,2634.54000000,2638.27000000,2633.14000000,2633.60000000,57.379594,5
1735293600,1735297200,2633.38000000,2633.45000000,2626.07000000,2626.19000000,43.513657,5
1735297200,1735300800,2626.18000000,2627.63000000,2623.74000000,2623.99000000,40.392726,5
1735300800,1735304400,2623.98000000,2627.99000000,2623.44000000,2626.66000000,45.501496,5
1735304400,1735308000,2626.67000000,2628.86000000,2625.19000000,2628.66000000,49.025782,5
1735308000,1735311600,2628.73000000,2631.60000000,2625.67000000,2626.26000000,45.244667,5
1735311600,1735315200,2626.34000000,2627.19000000,2618.09000000,2618.77000000,35.931015,5
1735315200,1735318800,2618.77000000,2619.36000000,2611.60000000,2615.71000000,32.947051,5
1735318800,1735322400,2615.69000000,2619.45000000,2612.92000000,2618.12000000,37.359309,5
1735322400,1735326000,2618.13000000,2619.75000000,2615.26000000,2617.92000000,37.140888,5
1735326000,1735329600,2617.92000000,2618.25000000,2614.12000000,2615.84000000,34.858346,5
1735329600,1735333200,2615.90000000,2620.16000000,2615.26000000,2618.59000000,40.099768,5
1735333200,1735336800,2618.58000000,2621.38000000,2617.43000000,2620.70000000,43.833976,5
1735336800,1735340400,2620.63000000,2620.78000000,2612.79000000,2615.42000000,37.529128,5
1735340400,1735344000,2615.39000000,2622.18000000,2615.33000000,2621.36000000,46.799854,5
1735520400,1735524000,2619.98000000,2626.10000000,2618.45000000,2624.11000000,50.464906,1
1735524000,1735527600,2624.16000000,2625.38000000,2621.46000000,2622.59000000,48.476988,1
1735527600,1735531200,2622.45000000,2626.76000000,2622.15000000,2624.24000000,50.745195,1
1735531200,1735534800,2624.26000000,2625.41000000,2622.35000000,2623.95000000,50.325850,1
1735534800,1735538400,2623.92000000,2628.02000000,2623.17000000,2626.55000000,53.996377,1
1735538400,1735542000,2626.52000000,2626.52000000,2621.47000000,2622.17000000,47.613538,1
1735542000,1735545600,2622.18000000,2624.19000000,2620.52000000,2623.71000000,49.857851,1
1735545600,1735549200,2623.71000000,2624.65000000,2618.35000000,2619.14000000,43.853710,1
1735549200,1735552800,2619.16000000,2619.97000000,2615.81000000,2616.79000000,41.111995,1
1735552800,1735556400,2616.78000000,2617.40000000,2609.32000000,2611.92000000,36.078088,1
1735556400,1735560000,2611.93000000,2617.51000000,2611.32000000,2612.85000000,37.648178,1
1735560000,1735563600,2612.80000000,2615.29000000,2610.53000000,2610.57000000,35.355374,1
1735563600,1735567200,2610.52000000,2618.68000000,2609.12000000,2616.31000000,44.516492,1
1735567200,1735570800,2616.28000000,2622.45000000,2615.59000000,2621.59000000,51.346715,1
1735570800,1735574400,2621.49000000,2622.53000000,2606.55000000,2606.67000000,37.353398,1
1735574400,1735578000,2606.69000000,2613.77000000,2605.45000000,2611.49000000,42.778754,1
1735578000,1735581600,2611.51000000,2611.62000000,2599.59000000,2601.55000000,35.878181,1
1735581600,1735585200,2601.54000000,2602.80000000,2596.06000000,2599.78000000,34.801645,1
1735585200,1735588800,2599.78000000,2605.58000000,2599.78000000,2605.21000000,40.681903,1
1735588800,1735592400,2605.22000000,2606.77000000,2603.48000000,2606.13000000,41.642256,1
1735592400,1735596000,2606.14000000,2608.33000000,2603.66000000,2607.12000000,42.716992,1
1735596000,1735599600,2607.12000000,2609.50000000,2606.45000000,2607.68000000,43.352501,1
1735599600,1735603200,2607.70000000,2608.01000000,2605.50000000,2605.50000000,41.425777,1
1735606800,1735610400,2605.49000000,2607.28000000,2603.83000000,2606.67000000,42.892712,2
1735610400,1735614000,2606.65000000,2608.70000000,2605.02000000,2607.69000000,44.204614,2
1735614000,1735617600,2607.69000000,2611.62000000,2606.65000000,2608.89000000,45.782640,2
1735617600,1735621200,2608.87000000,2609.54000000,2606.79000000,2607.10000000,43.792989,2
1735621200,1735624800,2607.08000000,2607.54000000,2603.45000000,2604.60000000,41.106075,2
1735624800,1735628400,2604.58000000,2607.04000000,2604.24000000,2606.50000000,43.922117,2
1735628400,1735632000,2606.50000000,2608.06000000,2602.61000000,2604.37000000,41.525002,2
1735632000,1735635600,2604.31000000,2608.59000000,2603.60000000,2607.88000000,46.688442,2
1735635600,1735639200,2607.85000000,2614.08000000,2607.26000000,2613.77000000,54.024872,2
1735639200,1735642800,2613.80000000,2617.68000000,2612.81000000,2616.51000000,56.990060,2
1735642800,1735646400,2616.51000000,2616.76000000,2613.05000000,2615.21000000,55.171930,2
1735646400,1735650000,2615.34000000,2615.73000000,2610.88000000,2611.74000000,50.537363,2
1735650000,1735653600,2611.75000000,2614.16000000,2609.75000000,2611.01000000,49.593533,2
1735653600,1735657200,2610.99000000,2612.73000000,2609.31000000,2611.19000000,49.842277,2
1735657200,1735660800,2611.23000000,2616.17000000,2605.38000000,2613.21000000,52.665277,2
1735660800,1735664400,2613.21000000,2617.80000000,2611.26000000,2613.70000000,53.351149,2
1735664400,1735668000,2613.60000000,2626.61000000,2612.43000000,2625.73000000,66.272370,2
1735668000,1735671600,2625.66000000,2627.15000000,2622.26000000,2625.24000000,65.476824,2
1735671600,1735675200,2625.33000000,2627.54000000,2623.13000000,2624.27000000,63.842995,2
1735675200,1735678800,2624.18000000,2627.13000000,2622.64000000,2624.90000000,64.463222,2
1735678800,1735682400,2624.96000000,2627.24000000,2622.78000000,2623.76000000,62.378065,2
1735682400,1735686000,2623.70000000,2625.04000000,2622.18000000,2623.24000000,61.402412,2
1735686000,1735689600,2623.25000000,2624.81000000,2622.99000000,2624.47000000,62.881324,2
